"Začiatok vykazovania","Koniec vykazovania","Názov kampane","Doručenie kampane","Nastavenie pričítania",Výsledky,"Výsledky [1-day view all conversions]","Výsledky [1-day click all conversions]","Výsledky [7-day click all conversions]","Result indicator",Dosah,Frekvencia,"Cena za výsledky","Cena za výsledky [1-day view all conversions]","Cena za výsledky [1-day click all conversions]","Cena za výsledky [7-day click all conversions]","Rozpočet zostavy reklám","Typ rozpočtu zostavy reklám","Minutá suma (EUR)",Koniec,Impresie,"CPM (cena za 1000 impresií) (EUR)","Kliknutia na odkaz",shop_clicks,"CPC (cena za kliknutie na odkaz) (EUR)","CTR (miera prekliknutia odkazu)","Kliknutia (všetky)","CTR (všetko)","CPC (all) (EUR)","Pozretia cieľovej stránky","Pozretia cieľovej stránky [1-day view]","Pozretia cieľovej stránky [1-day click]","Pozretia cieľovej stránky [7-day click]","Cena za pozretie cieľovej stránky (EUR)",cost_per_action_type_1d_view_all_conversions:omni_landing_page_view,cost_per_action_type_1d_click_all_conversions:omni_landing_page_view,cost_per_action_type_7d_click_all_conversions:omni_landing_page_view,"Hodnota konverzie nákupov na webe","Hodnota konverzie nákupov na webe [1-day view]","Hodnota konverzie nákupov na webe [1-day click]","Hodnota konverzie nákupov na webe [7-day click]",Nákupy,"Nákupy [1-day view]","Nákupy [1-day click]","Nákupy [7-day click]","Purchases conversion value","Purchases conversion value [1-day view]","Purchases conversion value [1-day click]","Purchases conversion value [7-day click]","Results (initial)","Results (initial) indicator"
2026-08-08,2026-08-08,"(H) Promo postu",inactive,"7-day click or 1-day view",,,,,,0,0,,,,,"Using ad set budget",0,0,2026-06-29,0,0,,,,,0,0,0,,,,,,,,,,,,,,,,,,,,,,
2026-08-08,2026-08-08,"(H) Konverze",active,"7-day click, 1-day view, or 1-day engaged-view",3,1,2,2,actions:offsite_conversion.fb_pixel_purchase,3098,1.828922,11.89,,17.835,17.835,"Using ad set budget",0,35.67,Prebieha,5666,6.295447,87,,0.41,1.535475,182,3.212143,0.195989,61,,,,0.584754,,,,149.67,49.89,99.78,99.78,3,1,2,2,149.67,49.89,99.78,99.78,,
2026-08-08,2026-08-08,"Filip | Sales | RMKT",inactive,"7-day click or 1-day engaged-view",,,,,,0,0,,,,,"Using ad set budget",0,0,Prebieha,0,0,,,,,0,0,0,,,,,,,,,,,,,,,,,,,,,,
2026-08-08,2026-08-08,"FilipZ | Sales | TOF",inactive,"Multiple attribution settings",,,,,,0,0,,,,,"Using ad set budget",0,0,Prebieha,0,0,,,,,0,0,0,,,,,,,,,,,,,,,,,,,,,,
2026-08-08,2026-08-08,"FilipZ | Traffic | LPV",inactive,"7-day click or 1-day view",,,,,,0,0,,,,,"Using ad set budget",0,0,Prebieha,0,0,,,,,0,0,0,,,,,,,,,,,,,,,,,,,,,,
2026-08-08,2026-08-08,"FilipZ | Traffic | Page likes",inactive,"1-day click",,,,,,0,0,,,,,"Using ad set budget",0,0,Prebieha,0,0,,,,,0,0,0,,,,,,,,,,,,,,,,,,,,,,
2026-08-07,2026-08-07,"(H) Promo postu",inactive,"7-day click or 1-day view",,,,,,0,0,,,,,"Using ad set budget",0,0,2026-06-29,0,0,,,,,0,0,0,,,,,,,,,,,,,,,,,,,,,,
2026-08-07,2026-08-07,"(H) Konverze",active,"7-day click, 1-day view, or 1-day engaged-view",2,1,1,1,actions:offsite_conversion.fb_pixel_purchase,3116,1.976573,16.27,,32.54,32.54,"Using ad set budget",0,32.54,Prebieha,6159,5.283325,51,,0.638039,0.828057,115,1.867186,0.282957,33,,,,0.986061,,,,99.78,49.89,49.89,49.89,2,1,1,1,99.78,49.89,49.89,49.89,,
2026-08-07,2026-08-07,"Filip | Sales | RMKT",inactive,"7-day click or 1-day engaged-view",,,,,,0,0,,,,,"Using ad set budget",0,0,Prebieha,0,0,,,,,0,0,0,,,,,,,,,,,,,,,,,,,,,,
2026-08-07,2026-08-07,"FilipZ | Sales | TOF",inactive,"Multiple attribution settings",,,,,,0,0,,,,,"Using ad set budget",0,0,Prebieha,0,0,,,,,0,0,0,,,,,,,,,,,,,,,,,,,,,,
2026-08-07,2026-08-07,"FilipZ | Traffic | LPV",inactive,"7-day click or 1-day view",,,,,,0,0,,,,,"Using ad set budget",0,0,Prebieha,0,0,,,,,0,0,0,,,,,,,,,,,,,,,,,,,,,,
2026-08-07,2026-08-07,"FilipZ | Traffic | Page likes",inactive,"1-day click",,,,,,0,0,,,,,"Using ad set budget",0,0,Prebieha,0,0,,,,,0,0,0,,,,,,,,,,,,,,,,,,,,,,
2026-08-06,2026-08-06,"(H) Promo postu",inactive,"7-day click or 1-day view",,,,,,0,0,,,,,"Using ad set budget",0,0,2026-06-29,0,0,,,,,0,0,0,,,,,,,,,,,,,,,,,,,,,,
2026-08-06,2026-08-06,"(H) Konverze",active,"7-day click, 1-day view, or 1-day engaged-view",5,3,2,2,actions:offsite_conversion.fb_pixel_purchase,3170,1.997476,7.722,,19.305,19.305,"Using ad set budget",0,38.61,Prebieha,6332,6.097599,99,,0.39,1.563487,181,2.858497,0.213315,63,,,,0.612857,,,,244.45,144.67,99.78,99.78,5,3,2,2,244.45,144.67,99.78,99.78,,
2026-08-06,2026-08-06,"Filip | Sales | RMKT",inactive,"7-day click or 1-day engaged-view",,,,,,0,0,,,,,"Using ad set budget",0,0,Prebieha,0,0,,,,,0,0,0,,,,,,,,,,,,,,,,,,,,,,
2026-08-06,2026-08-06,"FilipZ | Sales | TOF",inactive,"Multiple attribution settings",,,,,,0,0,,,,,"Using ad set budget",0,0,Prebieha,0,0,,,,,0,0,0,,,,,,,,,,,,,,,,,,,,,,
2026-08-06,2026-08-06,"FilipZ | Traffic | LPV",inactive,"7-day click or 1-day view",,,,,,0,0,,,,,"Using ad set budget",0,0,Prebieha,0,0,,,,,0,0,0,,,,,,,,,,,,,,,,,,,,,,
2026-08-06,2026-08-06,"FilipZ | Traffic | Page likes",inactive,"1-day click",,,,,,0,0,,,,,"Using ad set budget",0,0,Prebieha,0,0,,,,,0,0,0,,,,,,,,,,,,,,,,,,,,,,
2026-08-05,2026-08-05,"(H) Promo postu",inactive,"7-day click or 1-day view",,,,,,0,0,,,,,"Using ad set budget",0,0,2026-06-29,0,0,,,,,0,0,0,,,,,,,,,,,,,,,,,,,,,,
2026-08-05,2026-08-05,"(H) Konverze",active,"7-day click, 1-day view, or 1-day engaged-view",1,1,,,actions:offsite_conversion.fb_pixel_purchase,2506,2.241421,30.92,,,,"Using ad set budget",0,30.92,Prebieha,5617,5.504718,46,,0.672174,0.818943,85,1.513263,0.363765,29,,,,1.066207,,,,49.89,49.89,,,1,1,,,49.89,49.89,,,,
2026-08-05,2026-08-05,"Filip | Sales | RMKT",inactive,"7-day click or 1-day engaged-view",,,,,,0,0,,,,,"Using ad set budget",0,0,Prebieha,0,0,,,,,0,0,0,,,,,,,,,,,,,,,,,,,,,,
2026-08-05,2026-08-05,"FilipZ | Sales | TOF",inactive,"Multiple attribution settings",,,,,,0,0,,,,,"Using ad set budget",0,0,Prebieha,0,0,,,,,0,0,0,,,,,,,,,,,,,,,,,,,,,,
2026-08-05,2026-08-05,"FilipZ | Traffic | LPV",inactive,"7-day click or 1-day view",,,,,,0,0,,,,,"Using ad set budget",0,0,Prebieha,0,0,,,,,0,0,0,,,,,,,,,,,,,,,,,,,,,,
2026-08-05,2026-08-05,"FilipZ | Traffic | Page likes",inactive,"1-day click",,,,,,0,0,,,,,"Using ad set budget",0,0,Prebieha,0,0,,,,,0,0,0,,,,,,,,,,,,,,,,,,,,,,
2026-08-04,2026-08-04,"(H) Promo postu",inactive,"7-day click or 1-day view",,,,,,0,0,,,,,"Using ad set budget",0,0,2026-06-29,0,0,,,,,0,0,0,,,,,,,,,,,,,,,,,,,,,,
2026-08-04,2026-08-04,"(H) Konverze",active,"7-day click, 1-day view, or 1-day engaged-view",1,,1,1,actions:offsite_conversion.fb_pixel_purchase,3319,2.059054,39.53,,39.53,39.53,"Using ad set budget",0,39.53,Prebieha,6834,5.784314,91,,0.434396,1.331577,188,2.750951,0.210266,57,,,,0.693509,,,,40.51,,40.51,40.51,1,,1,1,40.51,,40.51,40.51,,
2026-08-04,2026-08-04,"Filip | Sales | RMKT",inactive,"7-day click or 1-day engaged-view",,,,,,0,0,,,,,"Using ad set budget",0,0,Prebieha,0,0,,,,,0,0,0,,,,,,,,,,,,,,,,,,,,,,
2026-08-04,2026-08-04,"FilipZ | Sales | TOF",inactive,"Multiple attribution settings",,,,,,0,0,,,,,"Using ad set budget",0,0,Prebieha,0,0,,,,,0,0,0,,,,,,,,,,,,,,,,,,,,,,
2026-08-04,2026-08-04,"FilipZ | Traffic | LPV",inactive,"7-day click or 1-day view",,,,,,0,0,,,,,"Using ad set budget",0,0,Prebieha,0,0,,,,,0,0,0,,,,,,,,,,,,,,,,,,,,,,
2026-08-04,2026-08-04,"FilipZ | Traffic | Page likes",inactive,"1-day click",,,,,,0,0,,,,,"Using ad set budget",0,0,Prebieha,0,0,,,,,0,0,0,,,,,,,,,,,,,,,,,,,,,,
2026-08-03,2026-08-03,"(H) Promo postu",inactive,"7-day click or 1-day view",,,,,,0,0,,,,,"Using ad set budget",0,0,2026-06-29,0,0,,,,,0,0,0,,,,,,,,,,,,,,,,,,,,,,
2026-08-03,2026-08-03,"(H) Konverze",active,"7-day click, 1-day view, or 1-day engaged-view",6,2,2,4,actions:offsite_conversion.fb_pixel_purchase,2720,1.84375,5.10333333,,15.31,7.655,"Using ad set budget",0,30.62,Prebieha,5015,6.105683,80,,0.38275,1.595214,192,3.828514,0.159479,53,,,,0.577736,,,,366.7,90.4,176.52,276.3,6,2,2,4,366.7,90.4,176.52,276.3,,
2026-08-03,2026-08-03,"Filip | Sales | RMKT",inactive,"7-day click or 1-day engaged-view",,,,,,0,0,,,,,"Using ad set budget",0,0,Prebieha,0,0,,,,,0,0,0,,,,,,,,,,,,,,,,,,,,,,
2026-08-03,2026-08-03,"FilipZ | Sales | TOF",inactive,"Multiple attribution settings",,,,,,0,0,,,,,"Using ad set budget",0,0,Prebieha,0,0,,,,,0,0,0,,,,,,,,,,,,,,,,,,,,,,
2026-08-03,2026-08-03,"FilipZ | Traffic | LPV",inactive,"7-day click or 1-day view",,,,,,0,0,,,,,"Using ad set budget",0,0,Prebieha,0,0,,,,,0,0,0,,,,,,,,,,,,,,,,,,,,,,
2026-08-03,2026-08-03,"FilipZ | Traffic | Page likes",inactive,"1-day click",,,,,,0,0,,,,,"Using ad set budget",0,0,Prebieha,0,0,,,,,0,0,0,,,,,,,,,,,,,,,,,,,,,,
2026-08-02,2026-08-02,"(H) Promo postu",inactive,"7-day click or 1-day view",,,,,,0,0,,,,,"Using ad set budget",0,0,2026-06-29,0,0,,,,,0,0,0,,,,,,,,,,,,,,,,,,,,,,
2026-08-02,2026-08-02,"(H) Konverze",active,"7-day click, 1-day view, or 1-day engaged-view",4,2,2,2,actions:offsite_conversion.fb_pixel_purchase,3176,1.900819,10.6075,,21.215,21.215,"Using ad set budget",0,42.43,Prebieha,6037,7.028325,86,,0.493372,1.424549,217,3.594501,0.19553,50,,,,0.8486,,,,233.08,146.68,86.4,86.4,4,2,2,2,233.08,146.68,86.4,86.4,,
2026-08-02,2026-08-02,"Filip | Sales | RMKT",inactive,"7-day click or 1-day engaged-view",,,,,,0,0,,,,,"Using ad set budget",0,0,Prebieha,0,0,,,,,0,0,0,,,,,,,,,,,,,,,,,,,,,,
2026-08-02,2026-08-02,"FilipZ | Sales | TOF",inactive,"Multiple attribution settings",,,,,,0,0,,,,,"Using ad set budget",0,0,Prebieha,0,0,,,,,0,0,0,,,,,,,,,,,,,,,,,,,,,,
2026-08-02,2026-08-02,"FilipZ | Traffic | LPV",inactive,"7-day click or 1-day view",,,,,,0,0,,,,,"Using ad set budget",0,0,Prebieha,0,0,,,,,0,0,0,,,,,,,,,,,,,,,,,,,,,,
2026-08-02,2026-08-02,"FilipZ | Traffic | Page likes",inactive,"1-day click",,,,,,0,0,,,,,"Using ad set budget",0,0,Prebieha,0,0,,,,,0,0,0,,,,,,,,,,,,,,,,,,,,,,
2026-08-01,2026-08-01,"(H) Promo postu",inactive,"7-day click or 1-day view",,,,,,0,0,,,,,"Using ad set budget",0,0,2026-06-29,0,0,,,,,0,0,0,,,,,,,,,,,,,,,,,,,,,,
2026-08-01,2026-08-01,"(H) Konverze",active,"7-day click, 1-day view, or 1-day engaged-view",4,,3,4,actions:offsite_conversion.fb_pixel_purchase,3234,1.694805,9.3975,,12.53,9.3975,"Using ad set budget",0,37.59,Prebieha,5481,6.858238,114,,0.329737,2.079912,237,4.324028,0.158608,64,,,,0.587344,,,,369.79,,324.9,369.79,4,,3,4,369.79,,324.9,369.79,,
2026-08-01,2026-08-01,"Filip | Sales | RMKT",inactive,"7-day click or 1-day engaged-view",,,,,,0,0,,,,,"Using ad set budget",0,0,Prebieha,0,0,,,,,0,0,0,,,,,,,,,,,,,,,,,,,,,,
2026-08-01,2026-08-01,"FilipZ | Sales | TOF",inactive,"Multiple attribution settings",,,,,,0,0,,,,,"Using ad set budget",0,0,Prebieha,0,0,,,,,0,0,0,,,,,,,,,,,,,,,,,,,,,,
2026-08-01,2026-08-01,"FilipZ | Traffic | LPV",inactive,"7-day click or 1-day view",,,,,,0,0,,,,,"Using ad set budget",0,0,Prebieha,0,0,,,,,0,0,0,,,,,,,,,,,,,,,,,,,,,,
2026-08-01,2026-08-01,"FilipZ | Traffic | Page likes",inactive,"1-day click",,,,,,0,0,,,,,"Using ad set budget",0,0,Prebieha,0,0,,,,,0,0,0,,,,,,,,,,,,,,,,,,,,,,
2026-07-31,2026-07-31,"(H) Promo postu",inactive,"7-day click or 1-day view",,,,,,0,0,,,,,"Using ad set budget",0,0,2026-06-29,0,0,,,,,0,0,0,,,,,,,,,,,,,,,,,,,,,,
2026-07-31,2026-07-31,"(H) Konverze",active,"7-day click, 1-day view, or 1-day engaged-view",4,3,1,1,actions:offsite_conversion.fb_pixel_purchase,3673,1.436428,8.035,,32.14,32.14,"Using ad set budget",0,32.14,Prebieha,5276,6.091736,117,,0.274701,2.217589,315,5.970432,0.102032,66,,,,0.48697,,,,218.32,168.43,49.89,49.89,4,3,1,1,218.32,168.43,49.89,49.89,,
2026-07-31,2026-07-31,"Filip | Sales | RMKT",inactive,"7-day click or 1-day engaged-view",,,,,,0,0,,,,,"Using ad set budget",0,0,Prebieha,0,0,,,,,0,0,0,,,,,,,,,,,,,,,,,,,,,,
2026-07-31,2026-07-31,"FilipZ | Sales | TOF",inactive,"Multiple attribution settings",,,,,,0,0,,,,,"Using ad set budget",0,0,Prebieha,0,0,,,,,0,0,0,,,,,,,,,,,,,,,,,,,,,,
2026-07-31,2026-07-31,"FilipZ | Traffic | LPV",inactive,"7-day click or 1-day view",,,,,,0,0,,,,,"Using ad set budget",0,0,Prebieha,0,0,,,,,0,0,0,,,,,,,,,,,,,,,,,,,,,,
2026-07-31,2026-07-31,"FilipZ | Traffic | Page likes",inactive,"1-day click",,,,,,0,0,,,,,"Using ad set budget",0,0,Prebieha,0,0,,,,,0,0,0,,,,,,,,,,,,,,,,,,,,,,
2026-07-30,2026-07-30,"(H) Promo postu",inactive,"7-day click or 1-day view",,,,,,0,0,,,,,"Using ad set budget",0,0,2026-06-29,0,0,,,,,0,0,0,,,,,,,,,,,,,,,,,,,,,,
2026-07-30,2026-07-30,"(H) Konverze",active,"7-day click, 1-day view, or 1-day engaged-view",2,1,,1,actions:offsite_conversion.fb_pixel_purchase,3250,1.656923,13.605,,,27.21,"Using ad set budget",0,27.21,Prebieha,5385,5.052925,79,,0.34443,1.467038,237,4.401114,0.11481,47,,,,0.578936,,,,94.78,44.89,,49.89,2,1,,1,94.78,44.89,,49.89,,
2026-07-30,2026-07-30,"Filip | Sales | RMKT",inactive,"7-day click or 1-day engaged-view",,,,,,0,0,,,,,"Using ad set budget",0,0,Prebieha,0,0,,,,,0,0,0,,,,,,,,,,,,,,,,,,,,,,
2026-07-30,2026-07-30,"FilipZ | Sales | TOF",inactive,"Multiple attribution settings",,,,,,0,0,,,,,"Using ad set budget",0,0,Prebieha,0,0,,,,,0,0,0,,,,,,,,,,,,,,,,,,,,,,
2026-07-30,2026-07-30,"FilipZ | Traffic | LPV",inactive,"7-day click or 1-day view",,,,,,0,0,,,,,"Using ad set budget",0,0,Prebieha,0,0,,,,,0,0,0,,,,,,,,,,,,,,,,,,,,,,
2026-07-30,2026-07-30,"FilipZ | Traffic | Page likes",inactive,"1-day click",,,,,,0,0,,,,,"Using ad set budget",0,0,Prebieha,0,0,,,,,0,0,0,,,,,,,,,,,,,,,,,,,,,,
2026-07-29,2026-07-29,"(H) Promo postu",inactive,"7-day click or 1-day view",,,,,,0,0,,,,,"Using ad set budget",0,0,2026-06-29,0,0,,,,,0,0,0,,,,,,,,,,,,,,,,,,,,,,
2026-07-29,2026-07-29,"(H) Konverze",active,"7-day click, 1-day view, or 1-day engaged-view",,,,,,2925,1.708034,,,,,"Using ad set budget",0,29.31,Prebieha,4996,5.866693,65,,0.450923,1.301041,191,3.823058,0.153456,40,,,,0.73275,,,,,,,,,,,,,,,,,
2026-07-29,2026-07-29,"Filip | Sales | RMKT",inactive,"7-day click or 1-day engaged-view",,,,,,0,0,,,,,"Using ad set budget",0,0,Prebieha,0,0,,,,,0,0,0,,,,,,,,,,,,,,,,,,,,,,
2026-07-29,2026-07-29,"FilipZ | Sales | TOF",inactive,"Multiple attribution settings",,,,,,0,0,,,,,"Using ad set budget",0,0,Prebieha,0,0,,,,,0,0,0,,,,,,,,,,,,,,,,,,,,,,
2026-07-29,2026-07-29,"FilipZ | Traffic | LPV",inactive,"7-day click or 1-day view",,,,,,0,0,,,,,"Using ad set budget",0,0,Prebieha,0,0,,,,,0,0,0,,,,,,,,,,,,,,,,,,,,,,
2026-07-29,2026-07-29,"FilipZ | Traffic | Page likes",inactive,"1-day click",,,,,,0,0,,,,,"Using ad set budget",0,0,Prebieha,0,0,,,,,0,0,0,,,,,,,,,,,,,,,,,,,,,,
2026-07-28,2026-07-28,"(H) Promo postu",inactive,"7-day click or 1-day view",,,,,,0,0,,,,,"Using ad set budget",0,0,2026-06-29,0,0,,,,,0,0,0,,,,,,,,,,,,,,,,,,,,,,
2026-07-28,2026-07-28,"(H) Konverze",active,"7-day click, 1-day view, or 1-day engaged-view",3,2,1,1,actions:offsite_conversion.fb_pixel_purchase,2874,2.044885,12.16333333,,36.49,36.49,"Using ad set budget",0,36.49,Prebieha,5877,6.20895,113,,0.32292,1.92275,235,3.998639,0.155277,67,,,,0.544627,,,,226.41,176.52,49.89,49.89,3,2,1,1,226.41,176.52,49.89,49.89,,
2026-07-28,2026-07-28,"Filip | Sales | RMKT",inactive,"7-day click or 1-day engaged-view",,,,,,0,0,,,,,"Using ad set budget",0,0,Prebieha,0,0,,,,,0,0,0,,,,,,,,,,,,,,,,,,,,,,
2026-07-28,2026-07-28,"FilipZ | Sales | TOF",inactive,"Multiple attribution settings",,,,,,0,0,,,,,"Using ad set budget",0,0,Prebieha,0,0,,,,,0,0,0,,,,,,,,,,,,,,,,,,,,,,
2026-07-28,2026-07-28,"FilipZ | Traffic | LPV",inactive,"7-day click or 1-day view",,,,,,0,0,,,,,"Using ad set budget",0,0,Prebieha,0,0,,,,,0,0,0,,,,,,,,,,,,,,,,,,,,,,
2026-07-28,2026-07-28,"FilipZ | Traffic | Page likes",inactive,"1-day click",,,,,,0,0,,,,,"Using ad set budget",0,0,Prebieha,0,0,,,,,0,0,0,,,,,,,,,,,,,,,,,,,,,,
2026-07-27,2026-07-27,"(H) Promo postu",inactive,"7-day click or 1-day view",,,,,,0,0,,,,,"Using ad set budget",0,0,2026-06-29,0,0,,,,,0,0,0,,,,,,,,,,,,,,,,,,,,,,
2026-07-27,2026-07-27,"(H) Konverze",active,"7-day click, 1-day view, or 1-day engaged-view",2,1,1,1,actions:offsite_conversion.fb_pixel_purchase,2821,1.979794,15.67,,31.34,31.34,"Using ad set budget",0,31.34,Prebieha,5585,5.611459,72,,0.435278,1.289167,151,2.703671,0.20755,43,,,,0.728837,,,,86.4,36.51,49.89,49.89,2,1,1,1,86.4,36.51,49.89,49.89,,
2026-07-27,2026-07-27,"Filip | Sales | RMKT",inactive,"7-day click or 1-day engaged-view",,,,,,0,0,,,,,"Using ad set budget",0,0,Prebieha,0,0,,,,,0,0,0,,,,,,,,,,,,,,,,,,,,,,
2026-07-27,2026-07-27,"FilipZ | Sales | TOF",inactive,"Multiple attribution settings",,,,,,0,0,,,,,"Using ad set budget",0,0,Prebieha,0,0,,,,,0,0,0,,,,,,,,,,,,,,,,,,,,,,
2026-07-27,2026-07-27,"FilipZ | Traffic | LPV",inactive,"7-day click or 1-day view",,,,,,0,0,,,,,"Using ad set budget",0,0,Prebieha,0,0,,,,,0,0,0,,,,,,,,,,,,,,,,,,,,,,
2026-07-27,2026-07-27,"FilipZ | Traffic | Page likes",inactive,"1-day click",,,,,,0,0,,,,,"Using ad set budget",0,0,Prebieha,0,0,,,,,0,0,0,,,,,,,,,,,,,,,,,,,,,,
2026-07-26,2026-07-26,"(H) Promo postu",inactive,"7-day click or 1-day view",,,,,,0,0,,,,,"Using ad set budget",0,0,2026-06-29,0,0,,,,,0,0,0,,,,,,,,,,,,,,,,,,,,,,
2026-07-26,2026-07-26,"(H) Konverze",active,"7-day click, 1-day view, or 1-day engaged-view",1,,1,1,actions:offsite_conversion.fb_pixel_purchase,2661,2.027058,29.12,,29.12,29.12,"Using ad set budget",0,29.12,Prebieha,5394,5.398591,65,,0.448,1.205043,123,2.280311,0.236748,46,,,,0.633043,,,,49.89,,49.89,49.89,1,,1,1,49.89,,49.89,49.89,,
2026-07-26,2026-07-26,"Filip | Sales | RMKT",inactive,"7-day click or 1-day engaged-view",,,,,,0,0,,,,,"Using ad set budget",0,0,Prebieha,0,0,,,,,0,0,0,,,,,,,,,,,,,,,,,,,,,,
2026-07-26,2026-07-26,"FilipZ | Sales | TOF",inactive,"Multiple attribution settings",,,,,,0,0,,,,,"Using ad set budget",0,0,Prebieha,0,0,,,,,0,0,0,,,,,,,,,,,,,,,,,,,,,,
2026-07-26,2026-07-26,"FilipZ | Traffic | LPV",inactive,"7-day click or 1-day view",,,,,,0,0,,,,,"Using ad set budget",0,0,Prebieha,0,0,,,,,0,0,0,,,,,,,,,,,,,,,,,,,,,,
2026-07-26,2026-07-26,"FilipZ | Traffic | Page likes",inactive,"1-day click",,,,,,0,0,,,,,"Using ad set budget",0,0,Prebieha,0,0,,,,,0,0,0,,,,,,,,,,,,,,,,,,,,,,
2026-07-25,2026-07-25,"(H) Promo postu",inactive,"7-day click or 1-day view",,,,,,0,0,,,,,"Using ad set budget",0,0,2026-06-29,0,0,,,,,0,0,0,,,,,,,,,,,,,,,,,,,,,,
2026-07-25,2026-07-25,"(H) Konverze",active,"7-day click, 1-day view, or 1-day engaged-view",1,1,,,actions:offsite_conversion.fb_pixel_purchase,2276,2.08304,26.1,,,,"Using ad set budget",0,26.1,Prebieha,4741,5.505168,43,,0.606977,0.906982,110,2.320186,0.237273,41,,,,0.636585,,,,40.51,40.51,,,1,1,,,40.51,40.51,,,,
2026-07-25,2026-07-25,"Filip | Sales | RMKT",inactive,"7-day click or 1-day engaged-view",,,,,,0,0,,,,,"Using ad set budget",0,0,Prebieha,0,0,,,,,0,0,0,,,,,,,,,,,,,,,,,,,,,,
2026-07-25,2026-07-25,"FilipZ | Sales | TOF",inactive,"Multiple attribution settings",,,,,,0,0,,,,,"Using ad set budget",0,0,Prebieha,0,0,,,,,0,0,0,,,,,,,,,,,,,,,,,,,,,,
2026-07-25,2026-07-25,"FilipZ | Traffic | LPV",inactive,"7-day click or 1-day view",,,,,,0,0,,,,,"Using ad set budget",0,0,Prebieha,0,0,,,,,0,0,0,,,,,,,,,,,,,,,,,,,,,,
2026-07-25,2026-07-25,"FilipZ | Traffic | Page likes",inactive,"1-day click",,,,,,0,0,,,,,"Using ad set budget",0,0,Prebieha,0,0,,,,,0,0,0,,,,,,,,,,,,,,,,,,,,,,
2026-07-24,2026-07-24,"(H) Promo postu",inactive,"7-day click or 1-day view",,,,,,0,0,,,,,"Using ad set budget",0,0,2026-06-29,0,0,,,,,0,0,0,,,,,,,,,,,,,,,,,,,,,,
2026-07-24,2026-07-24,"(H) Konverze",active,"7-day click, 1-day view, or 1-day engaged-view",2,1,1,1,actions:offsite_conversion.fb_pixel_purchase,2326,1.938521,12.725,,25.45,25.45,"Using ad set budget",0,25.45,Prebieha,4509,5.644267,39,,0.652564,0.864937,78,1.729874,0.326282,30,,,,0.848333,,,,146.68,49.89,96.79,96.79,2,1,1,1,146.68,49.89,96.79,96.79,,
2026-07-24,2026-07-24,"Filip | Sales | RMKT",inactive,"7-day click or 1-day engaged-view",,,,,,0,0,,,,,"Using ad set budget",0,0,Prebieha,0,0,,,,,0,0,0,,,,,,,,,,,,,,,,,,,,,,
2026-07-24,2026-07-24,"FilipZ | Sales | TOF",inactive,"Multiple attribution settings",,,,,,0,0,,,,,"Using ad set budget",0,0,Prebieha,0,0,,,,,0,0,0,,,,,,,,,,,,,,,,,,,,,,
2026-07-24,2026-07-24,"FilipZ | Traffic | LPV",inactive,"7-day click or 1-day view",,,,,,0,0,,,,,"Using ad set budget",0,0,Prebieha,0,0,,,,,0,0,0,,,,,,,,,,,,,,,,,,,,,,
2026-07-24,2026-07-24,"FilipZ | Traffic | Page likes",inactive,"1-day click",,,,,,0,0,,,,,"Using ad set budget",0,0,Prebieha,0,0,,,,,0,0,0,,,,,,,,,,,,,,,,,,,,,,
2026-07-23,2026-07-23,"(H) Promo postu",inactive,"7-day click or 1-day view",,,,,,0,0,,,,,"Using ad set budget",0,0,2026-06-29,0,0,,,,,0,0,0,,,,,,,,,,,,,,,,,,,,,,
2026-07-23,2026-07-23,"(H) Konverze",active,"7-day click, 1-day view, or 1-day engaged-view",2,1,1,1,actions:offsite_conversion.fb_pixel_purchase,2431,2.117236,15.615,,31.23,31.23,"Using ad set budget",0,31.23,Prebieha,5147,6.067612,62,,0.50371,1.204585,112,2.176025,0.278839,56,,,,0.557679,,,,94.78,49.89,44.89,44.89,2,1,1,1,94.78,49.89,44.89,44.89,,
2026-07-23,2026-07-23,"Filip | Sales | RMKT",inactive,"7-day click or 1-day engaged-view",,,,,,0,0,,,,,"Using ad set budget",0,0,Prebieha,0,0,,,,,0,0,0,,,,,,,,,,,,,,,,,,,,,,
2026-07-23,2026-07-23,"FilipZ | Sales | TOF",inactive,"Multiple attribution settings",,,,,,0,0,,,,,"Using ad set budget",0,0,Prebieha,0,0,,,,,0,0,0,,,,,,,,,,,,,,,,,,,,,,
2026-07-23,2026-07-23,"FilipZ | Traffic | LPV",inactive,"7-day click or 1-day view",,,,,,0,0,,,,,"Using ad set budget",0,0,Prebieha,0,0,,,,,0,0,0,,,,,,,,,,,,,,,,,,,,,,
2026-07-23,2026-07-23,"FilipZ | Traffic | Page likes",inactive,"1-day click",,,,,,0,0,,,,,"Using ad set budget",0,0,Prebieha,0,0,,,,,0,0,0,,,,,,,,,,,,,,,,,,,,,,
2026-07-22,2026-07-22,"(H) Promo postu",inactive,"7-day click or 1-day view",,,,,,0,0,,,,,"Using ad set budget",0,0,2026-06-29,0,0,,,,,0,0,0,,,,,,,,,,,,,,,,,,,,,,
2026-07-22,2026-07-22,"(H) Konverze",active,"7-day click, 1-day view, or 1-day engaged-view",3,1,2,2,actions:offsite_conversion.fb_pixel_purchase,2795,1.941324,11.55333333,,17.33,17.33,"Using ad set budget",0,34.66,Prebieha,5426,6.387763,69,,0.502319,1.271655,180,3.317361,0.192556,41,,,,0.845366,,,,264.12,49.89,214.23,214.23,3,1,2,2,264.12,49.89,214.23,214.23,,
2026-07-22,2026-07-22,"Filip | Sales | RMKT",inactive,"7-day click or 1-day engaged-view",,,,,,0,0,,,,,"Using ad set budget",0,0,Prebieha,0,0,,,,,0,0,0,,,,,,,,,,,,,,,,,,,,,,
2026-07-22,2026-07-22,"FilipZ | Sales | TOF",inactive,"Multiple attribution settings",,,,,,0,0,,,,,"Using ad set budget",0,0,Prebieha,0,0,,,,,0,0,0,,,,,,,,,,,,,,,,,,,,,,
2026-07-22,2026-07-22,"FilipZ | Traffic | LPV",inactive,"7-day click or 1-day view",,,,,,0,0,,,,,"Using ad set budget",0,0,Prebieha,0,0,,,,,0,0,0,,,,,,,,,,,,,,,,,,,,,,
2026-07-22,2026-07-22,"FilipZ | Traffic | Page likes",inactive,"1-day click",,,,,,0,0,,,,,"Using ad set budget",0,0,Prebieha,0,0,,,,,0,0,0,,,,,,,,,,,,,,,,,,,,,,
2026-07-21,2026-07-21,"(H) Promo postu",inactive,"7-day click or 1-day view",,,,,,0,0,,,,,"Using ad set budget",0,0,2026-06-29,0,0,,,,,0,0,0,,,,,,,,,,,,,,,,,,,,,,
2026-07-21,2026-07-21,"(H) Konverze",active,"7-day click, 1-day view, or 1-day engaged-view",4,1,3,3,actions:offsite_conversion.fb_pixel_purchase,2640,1.947727,8.0175,,10.69,10.69,"Using ad set budget",0,32.07,Prebieha,5142,6.236873,72,,0.445417,1.400233,147,2.85881,0.218163,55,,,,0.583091,,,,261.92,44.89,217.03,217.03,4,1,3,3,261.92,44.89,217.03,217.03,,
2026-07-21,2026-07-21,"Filip | Sales | RMKT",inactive,"7-day click or 1-day engaged-view",,,,,,0,0,,,,,"Using ad set budget",0,0,Prebieha,0,0,,,,,0,0,0,,,,,,,,,,,,,,,,,,,,,,
2026-07-21,2026-07-21,"FilipZ | Sales | TOF",inactive,"Multiple attribution settings",,,,,,0,0,,,,,"Using ad set budget",0,0,Prebieha,0,0,,,,,0,0,0,,,,,,,,,,,,,,,,,,,,,,
2026-07-21,2026-07-21,"FilipZ | Traffic | LPV",inactive,"7-day click or 1-day view",,,,,,0,0,,,,,"Using ad set budget",0,0,Prebieha,0,0,,,,,0,0,0,,,,,,,,,,,,,,,,,,,,,,
2026-07-21,2026-07-21,"FilipZ | Traffic | Page likes",inactive,"1-day click",,,,,,0,0,,,,,"Using ad set budget",0,0,Prebieha,0,0,,,,,0,0,0,,,,,,,,,,,,,,,,,,,,,,
2026-07-20,2026-07-20,"(H) Promo postu",inactive,"7-day click or 1-day view",,,,,,0,0,,,,,"Using ad set budget",0,0,2026-06-29,0,0,,,,,0,0,0,,,,,,,,,,,,,,,,,,,,,,
2026-07-20,2026-07-20,"(H) Konverze",active,"7-day click, 1-day view, or 1-day engaged-view",2,1,,1,actions:offsite_conversion.fb_pixel_purchase,3251,1.916641,15.565,,,31.13,"Using ad set budget",0,31.13,Prebieha,6231,4.995988,85,,0.366235,1.364147,189,3.033221,0.164709,62,,,,0.502097,,,,90.4,49.89,,40.51,2,1,,1,90.4,49.89,,40.51,,
2026-07-20,2026-07-20,"Filip | Sales | RMKT",inactive,"7-day click or 1-day engaged-view",,,,,,0,0,,,,,"Using ad set budget",0,0,Prebieha,0,0,,,,,0,0,0,,,,,,,,,,,,,,,,,,,,,,
2026-07-20,2026-07-20,"FilipZ | Sales | TOF",inactive,"Multiple attribution settings",,,,,,0,0,,,,,"Using ad set budget",0,0,Prebieha,0,0,,,,,0,0,0,,,,,,,,,,,,,,,,,,,,,,
2026-07-20,2026-07-20,"FilipZ | Traffic | LPV",inactive,"7-day click or 1-day view",,,,,,0,0,,,,,"Using ad set budget",0,0,Prebieha,0,0,,,,,0,0,0,,,,,,,,,,,,,,,,,,,,,,
2026-07-20,2026-07-20,"FilipZ | Traffic | Page likes",inactive,"1-day click",,,,,,0,0,,,,,"Using ad set budget",0,0,Prebieha,0,0,,,,,0,0,0,,,,,,,,,,,,,,,,,,,,,,
2026-07-19,2026-07-19,"(H) Promo postu",inactive,"7-day click or 1-day view",,,,,,0,0,,,,,"Using ad set budget",0,0,2026-06-29,0,0,,,,,0,0,0,,,,,,,,,,,,,,,,,,,,,,
2026-07-19,2026-07-19,"(H) Konverze",active,"7-day click, 1-day view, or 1-day engaged-view",2,,2,2,actions:offsite_conversion.fb_pixel_purchase,3319,1.785779,15.625,,15.625,15.625,"Using ad set budget",0,31.25,Prebieha,5927,5.272482,75,,0.416667,1.265396,202,3.408132,0.154703,53,,,,0.589623,,,,99.78,,99.78,99.78,2,,2,2,99.78,,99.78,99.78,,
2026-07-19,2026-07-19,"Filip | Sales | RMKT",inactive,"7-day click or 1-day engaged-view",,,,,,0,0,,,,,"Using ad set budget",0,0,Prebieha,0,0,,,,,0,0,0,,,,,,,,,,,,,,,,,,,,,,
2026-07-19,2026-07-19,"FilipZ | Sales | TOF",inactive,"Multiple attribution settings",,,,,,0,0,,,,,"Using ad set budget",0,0,Prebieha,0,0,,,,,0,0,0,,,,,,,,,,,,,,,,,,,,,,
2026-07-19,2026-07-19,"FilipZ | Traffic | LPV",inactive,"7-day click or 1-day view",,,,,,0,0,,,,,"Using ad set budget",0,0,Prebieha,0,0,,,,,0,0,0,,,,,,,,,,,,,,,,,,,,,,
2026-07-19,2026-07-19,"FilipZ | Traffic | Page likes",inactive,"1-day click",,,,,,0,0,,,,,"Using ad set budget",0,0,Prebieha,0,0,,,,,0,0,0,,,,,,,,,,,,,,,,,,,,,,
2026-07-18,2026-07-18,"(H) Promo postu",inactive,"7-day click or 1-day view",,,,,,0,0,,,,,"Using ad set budget",0,0,2026-06-29,0,0,,,,,0,0,0,,,,,,,,,,,,,,,,,,,,,,
2026-07-18,2026-07-18,"(H) Konverze",active,"7-day click, 1-day view, or 1-day engaged-view",2,,1,2,actions:offsite_conversion.fb_pixel_purchase,2047,1.718124,9.775,,19.55,9.775,"Using ad set budget",0,19.55,Prebieha,3517,5.558715,56,,0.349107,1.592266,147,4.179699,0.132993,29,,,,0.674138,,,,158.45,,49.89,158.45,2,,1,2,158.45,,49.89,158.45,,
2026-07-18,2026-07-18,"Filip | Sales | RMKT",inactive,"7-day click or 1-day engaged-view",,,,,,0,0,,,,,"Using ad set budget",0,0,Prebieha,0,0,,,,,0,0,0,,,,,,,,,,,,,,,,,,,,,,
2026-07-18,2026-07-18,"FilipZ | Sales | TOF",inactive,"Multiple attribution settings",,,,,,0,0,,,,,"Using ad set budget",0,0,Prebieha,0,0,,,,,0,0,0,,,,,,,,,,,,,,,,,,,,,,
2026-07-18,2026-07-18,"FilipZ | Traffic | LPV",inactive,"7-day click or 1-day view",,,,,,0,0,,,,,"Using ad set budget",0,0,Prebieha,0,0,,,,,0,0,0,,,,,,,,,,,,,,,,,,,,,,
2026-07-18,2026-07-18,"FilipZ | Traffic | Page likes",inactive,"1-day click",,,,,,0,0,,,,,"Using ad set budget",0,0,Prebieha,0,0,,,,,0,0,0,,,,,,,,,,,,,,,,,,,,,,
2026-07-17,2026-07-17,"(H) Promo postu",inactive,"7-day click or 1-day view",,,,,,0,0,,,,,"Using ad set budget",0,0,2026-06-29,0,0,,,,,0,0,0,,,,,,,,,,,,,,,,,,,,,,
2026-07-17,2026-07-17,"(H) Konverze",active,"7-day click, 1-day view, or 1-day engaged-view",3,2,1,1,actions:offsite_conversion.fb_pixel_purchase,3817,1.708148,10.64,,31.92,31.92,"Using ad set budget",0,31.92,Prebieha,6520,4.895706,117,,0.272821,1.794479,376,5.766871,0.084894,60,,,,0.532,,,,149.67,99.78,49.89,49.89,3,2,1,1,149.67,99.78,49.89,49.89,,
2026-07-17,2026-07-17,"Filip | Sales | RMKT",inactive,"7-day click or 1-day engaged-view",,,,,,0,0,,,,,"Using ad set budget",0,0,Prebieha,0,0,,,,,0,0,0,,,,,,,,,,,,,,,,,,,,,,
2026-07-17,2026-07-17,"FilipZ | Sales | TOF",inactive,"Multiple attribution settings",,,,,,0,0,,,,,"Using ad set budget",0,0,Prebieha,0,0,,,,,0,0,0,,,,,,,,,,,,,,,,,,,,,,
2026-07-17,2026-07-17,"FilipZ | Traffic | LPV",inactive,"7-day click or 1-day view",,,,,,0,0,,,,,"Using ad set budget",0,0,Prebieha,0,0,,,,,0,0,0,,,,,,,,,,,,,,,,,,,,,,
2026-07-17,2026-07-17,"FilipZ | Traffic | Page likes",inactive,"1-day click",,,,,,0,0,,,,,"Using ad set budget",0,0,Prebieha,0,0,,,,,0,0,0,,,,,,,,,,,,,,,,,,,,,,
2026-07-16,2026-07-16,"(H) Promo postu",inactive,"7-day click or 1-day view",,,,,,0,0,,,,,"Using ad set budget",0,0,2026-06-29,0,0,,,,,0,0,0,,,,,,,,,,,,,,,,,,,,,,
2026-07-16,2026-07-16,"(H) Konverze",active,"7-day click, 1-day view, or 1-day engaged-view",7,3,4,4,actions:offsite_conversion.fb_pixel_purchase,4841,1.85313,5.69142857,,9.96,9.96,"Using ad set budget",0,39.84,Prebieha,8971,4.440976,105,,0.379429,1.170438,373,4.157842,0.10681,56,,,,0.711429,,,,419.27,219.71,199.56,199.56,7,3,4,4,419.27,219.71,199.56,199.56,,
2026-07-16,2026-07-16,"Filip | Sales | RMKT",inactive,"7-day click or 1-day engaged-view",,,,,,0,0,,,,,"Using ad set budget",0,0,Prebieha,0,0,,,,,0,0,0,,,,,,,,,,,,,,,,,,,,,,
2026-07-16,2026-07-16,"FilipZ | Sales | TOF",inactive,"Multiple attribution settings",,,,,,0,0,,,,,"Using ad set budget",0,0,Prebieha,0,0,,,,,0,0,0,,,,,,,,,,,,,,,,,,,,,,
2026-07-16,2026-07-16,"FilipZ | Traffic | LPV",inactive,"7-day click or 1-day view",,,,,,0,0,,,,,"Using ad set budget",0,0,Prebieha,0,0,,,,,0,0,0,,,,,,,,,,,,,,,,,,,,,,
2026-07-16,2026-07-16,"FilipZ | Traffic | Page likes",inactive,"1-day click",,,,,,0,0,,,,,"Using ad set budget",0,0,Prebieha,0,0,,,,,0,0,0,,,,,,,,,,,,,,,,,,,,,,
2026-07-15,2026-07-15,"(H) Promo postu",inactive,"7-day click or 1-day view",,,,,,0,0,,,,,"Using ad set budget",0,0,2026-06-29,0,0,,,,,0,0,0,,,,,,,,,,,,,,,,,,,,,,
2026-07-15,2026-07-15,"(H) Konverze",active,"7-day click, 1-day view, or 1-day engaged-view",4,,4,4,actions:offsite_conversion.fb_pixel_purchase,3495,2.088126,9.1325,,9.1325,9.1325,"Using ad set budget",0,36.53,Prebieha,7298,5.005481,83,,0.44012,1.137298,168,2.302001,0.21744,56,,,,0.652321,,,,185.18,,185.18,185.18,4,,4,4,185.18,,185.18,185.18,,
2026-07-15,2026-07-15,"Filip | Sales | RMKT",inactive,"7-day click or 1-day engaged-view",,,,,,0,0,,,,,"Using ad set budget",0,0,Prebieha,0,0,,,,,0,0,0,,,,,,,,,,,,,,,,,,,,,,
2026-07-15,2026-07-15,"FilipZ | Sales | TOF",inactive,"Multiple attribution settings",,,,,,0,0,,,,,"Using ad set budget",0,0,Prebieha,0,0,,,,,0,0,0,,,,,,,,,,,,,,,,,,,,,,
2026-07-15,2026-07-15,"FilipZ | Traffic | LPV",inactive,"7-day click or 1-day view",,,,,,0,0,,,,,"Using ad set budget",0,0,Prebieha,0,0,,,,,0,0,0,,,,,,,,,,,,,,,,,,,,,,
2026-07-15,2026-07-15,"FilipZ | Traffic | Page likes",inactive,"1-day click",,,,,,0,0,,,,,"Using ad set budget",0,0,Prebieha,0,0,,,,,0,0,0,,,,,,,,,,,,,,,,,,,,,,
2026-07-14,2026-07-14,"(H) Promo postu",inactive,"7-day click or 1-day view",,,,,,0,0,,,,,"Using ad set budget",0,0,2026-06-29,0,0,,,,,0,0,0,,,,,,,,,,,,,,,,,,,,,,
2026-07-14,2026-07-14,"(H) Konverze",active,"7-day click, 1-day view, or 1-day engaged-view",,,,,,3995,1.969462,,,,,"Using ad set budget",0,38.31,Prebieha,7868,4.86909,65,,0.589385,0.826131,140,1.779359,0.273643,39,,,,0.982308,,,,,,,,,,,,,,,,,
2026-07-14,2026-07-14,"Filip | Sales | RMKT",inactive,"7-day click or 1-day engaged-view",,,,,,0,0,,,,,"Using ad set budget",0,0,Prebieha,0,0,,,,,0,0,0,,,,,,,,,,,,,,,,,,,,,,
2026-07-14,2026-07-14,"FilipZ | Sales | TOF",inactive,"Multiple attribution settings",,,,,,0,0,,,,,"Using ad set budget",0,0,Prebieha,0,0,,,,,0,0,0,,,,,,,,,,,,,,,,,,,,,,
2026-07-14,2026-07-14,"FilipZ | Traffic | LPV",inactive,"7-day click or 1-day view",,,,,,0,0,,,,,"Using ad set budget",0,0,Prebieha,0,0,,,,,0,0,0,,,,,,,,,,,,,,,,,,,,,,
2026-07-14,2026-07-14,"FilipZ | Traffic | Page likes",inactive,"1-day click",,,,,,0,0,,,,,"Using ad set budget",0,0,Prebieha,0,0,,,,,0,0,0,,,,,,,,,,,,,,,,,,,,,,
2026-07-13,2026-07-13,"(H) Promo postu",inactive,"7-day click or 1-day view",,,,,,0,0,,,,,"Using ad set budget",0,0,2026-06-29,0,0,,,,,0,0,0,,,,,,,,,,,,,,,,,,,,,,
2026-07-13,2026-07-13,"(H) Konverze",active,"7-day click, 1-day view, or 1-day engaged-view",4,2,2,2,actions:offsite_conversion.fb_pixel_purchase,4094,1.871031,8.5325,,17.065,17.065,"Using ad set budget",0,34.13,Prebieha,7660,4.455614,70,,0.487571,0.913838,144,1.879896,0.237014,49,,,,0.696531,,,,271.3,99.78,171.52,171.52,4,2,2,2,271.3,99.78,171.52,171.52,,
2026-07-13,2026-07-13,"Filip | Sales | RMKT",inactive,"7-day click or 1-day engaged-view",,,,,,0,0,,,,,"Using ad set budget",0,0,Prebieha,0,0,,,,,0,0,0,,,,,,,,,,,,,,,,,,,,,,
2026-07-13,2026-07-13,"FilipZ | Sales | TOF",inactive,"Multiple attribution settings",,,,,,0,0,,,,,"Using ad set budget",0,0,Prebieha,0,0,,,,,0,0,0,,,,,,,,,,,,,,,,,,,,,,
2026-07-13,2026-07-13,"FilipZ | Traffic | LPV",inactive,"7-day click or 1-day view",,,,,,0,0,,,,,"Using ad set budget",0,0,Prebieha,0,0,,,,,0,0,0,,,,,,,,,,,,,,,,,,,,,,
2026-07-13,2026-07-13,"FilipZ | Traffic | Page likes",inactive,"1-day click",,,,,,0,0,,,,,"Using ad set budget",0,0,Prebieha,0,0,,,,,0,0,0,,,,,,,,,,,,,,,,,,,,,,
2026-07-12,2026-07-12,"(H) Promo postu",inactive,"7-day click or 1-day view",,,,,,0,0,,,,,"Using ad set budget",0,0,2026-06-29,0,0,,,,,0,0,0,,,,,,,,,,,,,,,,,,,,,,
2026-07-12,2026-07-12,"(H) Konverze",active,"7-day click, 1-day view, or 1-day engaged-view",5,1,3,4,actions:offsite_conversion.fb_pixel_purchase,3515,1.900996,7.036,,11.72666667,8.795,"Using ad set budget",0,35.18,Prebieha,6682,5.264891,76,,0.462895,1.137384,158,2.364562,0.222658,57,,,,0.617193,,,,250.83,40.51,169.81,210.32,5,1,3,4,250.83,40.51,169.81,210.32,,
2026-07-12,2026-07-12,"Filip | Sales | RMKT",inactive,"7-day click or 1-day engaged-view",,,,,,0,0,,,,,"Using ad set budget",0,0,Prebieha,0,0,,,,,0,0,0,,,,,,,,,,,,,,,,,,,,,,
2026-07-12,2026-07-12,"FilipZ | Sales | TOF",inactive,"Multiple attribution settings",,,,,,0,0,,,,,"Using ad set budget",0,0,Prebieha,0,0,,,,,0,0,0,,,,,,,,,,,,,,,,,,,,,,
2026-07-12,2026-07-12,"FilipZ | Traffic | LPV",inactive,"7-day click or 1-day view",,,,,,0,0,,,,,"Using ad set budget",0,0,Prebieha,0,0,,,,,0,0,0,,,,,,,,,,,,,,,,,,,,,,
2026-07-12,2026-07-12,"FilipZ | Traffic | Page likes",inactive,"1-day click",,,,,,0,0,,,,,"Using ad set budget",0,0,Prebieha,0,0,,,,,0,0,0,,,,,,,,,,,,,,,,,,,,,,
2026-07-11,2026-07-11,"(H) Promo postu",inactive,"7-day click or 1-day view",,,,,,0,0,,,,,"Using ad set budget",0,0,2026-06-29,0,0,,,,,0,0,0,,,,,,,,,,,,,,,,,,,,,,
2026-07-11,2026-07-11,"(H) Konverze",active,"7-day click, 1-day view, or 1-day engaged-view",2,,2,2,actions:offsite_conversion.fb_pixel_purchase,2906,1.95148,15,,15,15,"Using ad set budget",0,30,Prebieha,5671,5.290072,61,,0.491803,1.075648,134,2.362899,0.223881,40,,,,0.75,,,,153.07,,153.07,153.07,2,,2,2,153.07,,153.07,153.07,,
2026-07-11,2026-07-11,"Filip | Sales | RMKT",inactive,"7-day click or 1-day engaged-view",,,,,,0,0,,,,,"Using ad set budget",0,0,Prebieha,0,0,,,,,0,0,0,,,,,,,,,,,,,,,,,,,,,,
2026-07-11,2026-07-11,"FilipZ | Sales | TOF",inactive,"Multiple attribution settings",,,,,,0,0,,,,,"Using ad set budget",0,0,Prebieha,0,0,,,,,0,0,0,,,,,,,,,,,,,,,,,,,,,,
2026-07-11,2026-07-11,"FilipZ | Traffic | LPV",inactive,"7-day click or 1-day view",,,,,,0,0,,,,,"Using ad set budget",0,0,Prebieha,0,0,,,,,0,0,0,,,,,,,,,,,,,,,,,,,,,,
2026-07-11,2026-07-11,"FilipZ | Traffic | Page likes",inactive,"1-day click",,,,,,0,0,,,,,"Using ad set budget",0,0,Prebieha,0,0,,,,,0,0,0,,,,,,,,,,,,,,,,,,,,,,
2026-07-10,2026-07-10,"(H) Promo postu",inactive,"7-day click or 1-day view",,,,,,0,0,,,,,"Using ad set budget",0,0,2026-06-29,0,0,,,,,0,0,0,,,,,,,,,,,,,,,,,,,,,,
2026-07-10,2026-07-10,"(H) Konverze",active,"7-day click, 1-day view, or 1-day engaged-view",2,,2,2,actions:offsite_conversion.fb_pixel_purchase,3706,1.972747,17.625,,17.625,17.625,"Using ad set budget",0,35.25,Prebieha,7311,4.821502,82,,0.429878,1.121598,166,2.270551,0.212349,55,,,,0.640909,,,,94.78,,94.78,94.78,2,,2,2,94.78,,94.78,94.78,,
2026-07-10,2026-07-10,"Filip | Sales | RMKT",inactive,"7-day click or 1-day engaged-view",,,,,,0,0,,,,,"Using ad set budget",0,0,Prebieha,0,0,,,,,0,0,0,,,,,,,,,,,,,,,,,,,,,,
2026-07-10,2026-07-10,"FilipZ | Sales | TOF",inactive,"Multiple attribution settings",,,,,,0,0,,,,,"Using ad set budget",0,0,Prebieha,0,0,,,,,0,0,0,,,,,,,,,,,,,,,,,,,,,,
2026-07-10,2026-07-10,"FilipZ | Traffic | LPV",inactive,"7-day click or 1-day view",,,,,,0,0,,,,,"Using ad set budget",0,0,Prebieha,0,0,,,,,0,0,0,,,,,,,,,,,,,,,,,,,,,,
2026-07-10,2026-07-10,"FilipZ | Traffic | Page likes",inactive,"1-day click",,,,,,0,0,,,,,"Using ad set budget",0,0,Prebieha,0,0,,,,,0,0,0,,,,,,,,,,,,,,,,,,,,,,
2026-07-09,2026-07-09,"(H) Promo postu",inactive,"7-day click or 1-day view",,,,,,0,0,,,,,"Using ad set budget",0,0,2026-06-29,0,0,,,,,0,0,0,,,,,,,,,,,,,,,,,,,,,,
2026-07-09,2026-07-09,"(H) Konverze",active,"7-day click, 1-day view, or 1-day engaged-view",4,,4,4,actions:offsite_conversion.fb_pixel_purchase,5431,1.948444,12.415,,12.415,12.415,"Using ad set budget",0,49.66,Prebieha,10582,4.692875,112,,0.443393,1.058401,289,2.731053,0.171834,63,,,,0.788254,,,,190.18,,190.18,190.18,4,,4,4,190.18,,190.18,190.18,,
2026-07-09,2026-07-09,"Filip | Sales | RMKT",inactive,"7-day click or 1-day engaged-view",,,,,,0,0,,,,,"Using ad set budget",0,0,Prebieha,0,0,,,,,0,0,0,,,,,,,,,,,,,,,,,,,,,,
2026-07-09,2026-07-09,"FilipZ | Sales | TOF",inactive,"Multiple attribution settings",,,,,,0,0,,,,,"Using ad set budget",0,0,Prebieha,0,0,,,,,0,0,0,,,,,,,,,,,,,,,,,,,,,,
2026-07-09,2026-07-09,"FilipZ | Traffic | LPV",inactive,"7-day click or 1-day view",,,,,,0,0,,,,,"Using ad set budget",0,0,Prebieha,0,0,,,,,0,0,0,,,,,,,,,,,,,,,,,,,,,,
2026-07-09,2026-07-09,"FilipZ | Traffic | Page likes",inactive,"1-day click",,,,,,0,0,,,,,"Using ad set budget",0,0,Prebieha,0,0,,,,,0,0,0,,,,,,,,,,,,,,,,,,,,,,
2026-07-08,2026-07-08,"(H) Promo postu",inactive,"7-day click or 1-day view",,,,,,0,0,,,,,"Using ad set budget",0,0,2026-06-29,0,0,,,,,0,0,0,,,,,,,,,,,,,,,,,,,,,,
2026-07-08,2026-07-08,"(H) Konverze",active,"7-day click, 1-day view, or 1-day engaged-view",5,4,1,1,actions:offsite_conversion.fb_pixel_purchase,4230,1.938298,7.342,,36.71,36.71,"Using ad set budget",0,36.71,Prebieha,8199,4.477375,87,,0.421954,1.061105,270,3.293085,0.135963,65,,,,0.564769,,,,397.93,353.04,44.89,44.89,5,4,1,1,397.93,353.04,44.89,44.89,,
2026-07-08,2026-07-08,"Filip | Sales | RMKT",inactive,"7-day click or 1-day engaged-view",,,,,,0,0,,,,,"Using ad set budget",0,0,Prebieha,0,0,,,,,0,0,0,,,,,,,,,,,,,,,,,,,,,,
2026-07-08,2026-07-08,"FilipZ | Sales | TOF",inactive,"Multiple attribution settings",,,,,,0,0,,,,,"Using ad set budget",0,0,Prebieha,0,0,,,,,0,0,0,,,,,,,,,,,,,,,,,,,,,,
2026-07-08,2026-07-08,"FilipZ | Traffic | LPV",inactive,"7-day click or 1-day view",,,,,,0,0,,,,,"Using ad set budget",0,0,Prebieha,0,0,,,,,0,0,0,,,,,,,,,,,,,,,,,,,,,,
2026-07-08,2026-07-08,"FilipZ | Traffic | Page likes",inactive,"1-day click",,,,,,0,0,,,,,"Using ad set budget",0,0,Prebieha,0,0,,,,,0,0,0,,,,,,,,,,,,,,,,,,,,,,
2026-07-07,2026-07-07,"(H) Promo postu",inactive,"7-day click or 1-day view",,,,,,0,0,,,,,"Using ad set budget",0,0,2026-06-29,0,0,,,,,0,0,0,,,,,,,,,,,,,,,,,,,,,,
2026-07-07,2026-07-07,"(H) Konverze",active,"7-day click, 1-day view, or 1-day engaged-view",4,2,2,2,actions:offsite_conversion.fb_pixel_purchase,3812,2.007083,8.45,,16.9,16.9,"Using ad set budget",0,33.8,Prebieha,7651,4.417723,77,,0.438961,1.006404,162,2.11737,0.208642,55,,,,0.614545,,,,399.94,176.52,223.42,223.42,4,2,2,2,399.94,176.52,223.42,223.42,,
2026-07-07,2026-07-07,"Filip | Sales | RMKT",inactive,"7-day click or 1-day engaged-view",,,,,,0,0,,,,,"Using ad set budget",0,0,Prebieha,0,0,,,,,0,0,0,,,,,,,,,,,,,,,,,,,,,,
2026-07-07,2026-07-07,"FilipZ | Sales | TOF",inactive,"Multiple attribution settings",,,,,,0,0,,,,,"Using ad set budget",0,0,Prebieha,0,0,,,,,0,0,0,,,,,,,,,,,,,,,,,,,,,,
2026-07-07,2026-07-07,"FilipZ | Traffic | LPV",inactive,"7-day click or 1-day view",,,,,,0,0,,,,,"Using ad set budget",0,0,Prebieha,0,0,,,,,0,0,0,,,,,,,,,,,,,,,,,,,,,,
2026-07-07,2026-07-07,"FilipZ | Traffic | Page likes",inactive,"1-day click",,,,,,0,0,,,,,"Using ad set budget",0,0,Prebieha,0,0,,,,,0,0,0,,,,,,,,,,,,,,,,,,,,,,
2026-07-06,2026-07-06,"(H) Promo postu",inactive,"7-day click or 1-day view",,,,,,0,0,,,,,"Using ad set budget",0,0,2026-06-29,0,0,,,,,0,0,0,,,,,,,,,,,,,,,,,,,,,,
2026-07-06,2026-07-06,"(H) Konverze",active,"7-day click, 1-day view, or 1-day engaged-view",4,1,3,3,actions:offsite_conversion.fb_pixel_purchase,3276,1.975275,6.4825,,8.64333333,8.64333333,"Using ad set budget",0,25.93,Prebieha,6471,4.007109,51,,0.508431,0.788132,108,1.668985,0.240093,40,,,,0.64825,,,,271.3,44.89,226.41,226.41,4,1,3,3,271.3,44.89,226.41,226.41,,
2026-07-06,2026-07-06,"Filip | Sales | RMKT",inactive,"7-day click or 1-day engaged-view",,,,,,0,0,,,,,"Using ad set budget",0,0,Prebieha,0,0,,,,,0,0,0,,,,,,,,,,,,,,,,,,,,,,
2026-07-06,2026-07-06,"FilipZ | Sales | TOF",inactive,"Multiple attribution settings",,,,,,0,0,,,,,"Using ad set budget",0,0,Prebieha,0,0,,,,,0,0,0,,,,,,,,,,,,,,,,,,,,,,
2026-07-06,2026-07-06,"FilipZ | Traffic | LPV",inactive,"7-day click or 1-day view",,,,,,0,0,,,,,"Using ad set budget",0,0,Prebieha,0,0,,,,,0,0,0,,,,,,,,,,,,,,,,,,,,,,
2026-07-06,2026-07-06,"FilipZ | Traffic | Page likes",inactive,"1-day click",,,,,,0,0,,,,,"Using ad set budget",0,0,Prebieha,0,0,,,,,0,0,0,,,,,,,,,,,,,,,,,,,,,,
2026-07-05,2026-07-05,"(H) Promo postu",inactive,"7-day click or 1-day view",,,,,,0,0,,,,,"Using ad set budget",0,0,2026-06-29,0,0,,,,,0,0,0,,,,,,,,,,,,,,,,,,,,,,
2026-07-05,2026-07-05,"(H) Konverze",active,"7-day click, 1-day view, or 1-day engaged-view",3,,3,3,actions:offsite_conversion.fb_pixel_purchase,2029,1.789059,5.51333333,,5.51333333,5.51333333,"Using ad set budget",0,16.54,Prebieha,3630,4.556474,40,,0.4135,1.101928,76,2.093664,0.217632,29,,,,0.570345,,,,140.29,,140.29,140.29,3,,3,3,140.29,,140.29,140.29,,
2026-07-05,2026-07-05,"Filip | Sales | RMKT",inactive,"7-day click or 1-day engaged-view",,,,,,0,0,,,,,"Using ad set budget",0,0,Prebieha,0,0,,,,,0,0,0,,,,,,,,,,,,,,,,,,,,,,
2026-07-05,2026-07-05,"FilipZ | Sales | TOF",inactive,"Multiple attribution settings",,,,,,0,0,,,,,"Using ad set budget",0,0,Prebieha,0,0,,,,,0,0,0,,,,,,,,,,,,,,,,,,,,,,
2026-07-05,2026-07-05,"FilipZ | Traffic | LPV",inactive,"7-day click or 1-day view",,,,,,0,0,,,,,"Using ad set budget",0,0,Prebieha,0,0,,,,,0,0,0,,,,,,,,,,,,,,,,,,,,,,
2026-07-05,2026-07-05,"FilipZ | Traffic | Page likes",inactive,"1-day click",,,,,,0,0,,,,,"Using ad set budget",0,0,Prebieha,0,0,,,,,0,0,0,,,,,,,,,,,,,,,,,,,,,,
2026-07-04,2026-07-04,"(H) Promo postu",inactive,"7-day click or 1-day view",,,,,,0,0,,,,,"Using ad set budget",0,0,2026-06-29,0,0,,,,,0,0,0,,,,,,,,,,,,,,,,,,,,,,
2026-07-04,2026-07-04,"(H) Konverze",active,"7-day click, 1-day view, or 1-day engaged-view",4,2,2,2,actions:offsite_conversion.fb_pixel_purchase,1528,1.782068,3.2525,,6.505,6.505,"Using ad set budget",0,13.01,Prebieha,2723,4.777819,36,,0.361389,1.322071,76,2.791039,0.171184,26,,,,0.500385,,,,256.22,114.54,141.68,141.68,4,2,2,2,256.22,114.54,141.68,141.68,,
2026-07-04,2026-07-04,"Filip | Sales | RMKT",inactive,"7-day click or 1-day engaged-view",,,,,,0,0,,,,,"Using ad set budget",0,0,Prebieha,0,0,,,,,0,0,0,,,,,,,,,,,,,,,,,,,,,,
2026-07-04,2026-07-04,"FilipZ | Sales | TOF",inactive,"Multiple attribution settings",,,,,,0,0,,,,,"Using ad set budget",0,0,Prebieha,0,0,,,,,0,0,0,,,,,,,,,,,,,,,,,,,,,,
2026-07-04,2026-07-04,"FilipZ | Traffic | LPV",inactive,"7-day click or 1-day view",,,,,,0,0,,,,,"Using ad set budget",0,0,Prebieha,0,0,,,,,0,0,0,,,,,,,,,,,,,,,,,,,,,,
2026-07-04,2026-07-04,"FilipZ | Traffic | Page likes",inactive,"1-day click",,,,,,0,0,,,,,"Using ad set budget",0,0,Prebieha,0,0,,,,,0,0,0,,,,,,,,,,,,,,,,,,,,,,
2026-07-03,2026-07-03,"(H) Promo postu",inactive,"7-day click or 1-day view",,,,,,0,0,,,,,"Using ad set budget",0,0,2026-06-29,0,0,,,,,0,0,0,,,,,,,,,,,,,,,,,,,,,,
2026-07-03,2026-07-03,"(H) Konverze",active,"7-day click, 1-day view, or 1-day engaged-view",1,,1,1,actions:offsite_conversion.fb_pixel_purchase,1997,1.964947,20.13,,20.13,20.13,"Using ad set budget",0,20.13,Prebieha,3924,5.129969,35,,0.575143,0.891947,81,2.06422,0.248519,29,,,,0.694138,,,,40.51,,40.51,40.51,1,,1,1,40.51,,40.51,40.51,,
2026-07-03,2026-07-03,"Filip | Sales | RMKT",inactive,"7-day click or 1-day engaged-view",,,,,,0,0,,,,,"Using ad set budget",0,0,Prebieha,0,0,,,,,0,0,0,,,,,,,,,,,,,,,,,,,,,,
2026-07-03,2026-07-03,"FilipZ | Sales | TOF",inactive,"Multiple attribution settings",,,,,,0,0,,,,,"Using ad set budget",0,0,Prebieha,0,0,,,,,0,0,0,,,,,,,,,,,,,,,,,,,,,,
2026-07-03,2026-07-03,"FilipZ | Traffic | LPV",inactive,"7-day click or 1-day view",,,,,,0,0,,,,,"Using ad set budget",0,0,Prebieha,0,0,,,,,0,0,0,,,,,,,,,,,,,,,,,,,,,,
2026-07-03,2026-07-03,"FilipZ | Traffic | Page likes",inactive,"1-day click",,,,,,0,0,,,,,"Using ad set budget",0,0,Prebieha,0,0,,,,,0,0,0,,,,,,,,,,,,,,,,,,,,,,
2026-07-02,2026-07-02,"(H) Promo postu",inactive,"7-day click or 1-day view",,,,,,0,0,,,,,"Using ad set budget",0,0,2026-06-29,0,0,,,,,0,0,0,,,,,,,,,,,,,,,,,,,,,,
2026-07-02,2026-07-02,"(H) Konverze",active,"7-day click, 1-day view, or 1-day engaged-view",1,1,,,actions:offsite_conversion.fb_pixel_purchase,2507,2.034304,26.75,,,,"Using ad set budget",0,26.75,Prebieha,5100,5.245098,72,,0.371528,1.411765,188,3.686275,0.142287,47,,,,0.569149,,,,40.51,40.51,,,1,1,,,40.51,40.51,,,,
2026-07-02,2026-07-02,"Filip | Sales | RMKT",inactive,"7-day click or 1-day engaged-view",,,,,,0,0,,,,,"Using ad set budget",0,0,Prebieha,0,0,,,,,0,0,0,,,,,,,,,,,,,,,,,,,,,,
2026-07-02,2026-07-02,"FilipZ | Sales | TOF",inactive,"Multiple attribution settings",,,,,,0,0,,,,,"Using ad set budget",0,0,Prebieha,0,0,,,,,0,0,0,,,,,,,,,,,,,,,,,,,,,,
2026-07-02,2026-07-02,"FilipZ | Traffic | LPV",inactive,"7-day click or 1-day view",,,,,,0,0,,,,,"Using ad set budget",0,0,Prebieha,0,0,,,,,0,0,0,,,,,,,,,,,,,,,,,,,,,,
2026-07-02,2026-07-02,"FilipZ | Traffic | Page likes",inactive,"1-day click",,,,,,0,0,,,,,"Using ad set budget",0,0,Prebieha,0,0,,,,,0,0,0,,,,,,,,,,,,,,,,,,,,,,
2026-07-01,2026-07-01,"(H) Promo postu",inactive,"7-day click or 1-day view",,,,,,0,0,,,,,"Using ad set budget",0,0,2026-06-29,0,0,,,,,0,0,0,,,,,,,,,,,,,,,,,,,,,,
2026-07-01,2026-07-01,"(H) Konverze",active,"7-day click, 1-day view, or 1-day engaged-view",3,2,1,1,actions:offsite_conversion.fb_pixel_purchase,4710,1.796178,14.46333333,,43.39,43.39,"Using ad set budget",0,43.39,Prebieha,8460,5.128842,98,,0.442755,1.158392,268,3.167849,0.161903,54,,,,0.803519,,,,202.96,162.45,40.51,40.51,3,2,1,1,202.96,162.45,40.51,40.51,,
2026-07-01,2026-07-01,"Filip | Sales | RMKT",inactive,"7-day click or 1-day engaged-view",,,,,,0,0,,,,,"Using ad set budget",0,0,Prebieha,0,0,,,,,0,0,0,,,,,,,,,,,,,,,,,,,,,,
2026-07-01,2026-07-01,"FilipZ | Sales | TOF",inactive,"Multiple attribution settings",,,,,,0,0,,,,,"Using ad set budget",0,0,Prebieha,0,0,,,,,0,0,0,,,,,,,,,,,,,,,,,,,,,,
2026-07-01,2026-07-01,"FilipZ | Traffic | LPV",inactive,"7-day click or 1-day view",,,,,,0,0,,,,,"Using ad set budget",0,0,Prebieha,0,0,,,,,0,0,0,,,,,,,,,,,,,,,,,,,,,,
2026-07-01,2026-07-01,"FilipZ | Traffic | Page likes",inactive,"1-day click",,,,,,0,0,,,,,"Using ad set budget",0,0,Prebieha,0,0,,,,,0,0,0,,,,,,,,,,,,,,,,,,,,,,
2026-06-30,2026-06-30,"(H) Promo postu",inactive,"7-day click or 1-day view",,,,,,0,0,,,,,"Using ad set budget",0,0,2026-06-29,0,0,,,,,0,0,0,,,,,,,,,,,,,,,,,,,,,,
2026-06-30,2026-06-30,"(H) Konverze",active,"7-day click, 1-day view, or 1-day engaged-view",1,1,,,actions:offsite_conversion.fb_pixel_purchase,4740,1.660549,43.06,,,,"Using ad set budget",0,43.06,Prebieha,7871,5.470715,158,,0.272532,2.007369,421,5.348749,0.10228,84,,,,0.512619,,,,113.13,113.13,,,1,1,,,113.13,113.13,,,,
2026-06-30,2026-06-30,"Filip | Sales | RMKT",inactive,"7-day click or 1-day engaged-view",,,,,,0,0,,,,,"Using ad set budget",0,0,Prebieha,0,0,,,,,0,0,0,,,,,,,,,,,,,,,,,,,,,,
2026-06-30,2026-06-30,"FilipZ | Sales | TOF",inactive,"Multiple attribution settings",,,,,,0,0,,,,,"Using ad set budget",0,0,Prebieha,0,0,,,,,0,0,0,,,,,,,,,,,,,,,,,,,,,,
2026-06-30,2026-06-30,"FilipZ | Traffic | LPV",inactive,"7-day click or 1-day view",,,,,,0,0,,,,,"Using ad set budget",0,0,Prebieha,0,0,,,,,0,0,0,,,,,,,,,,,,,,,,,,,,,,
2026-06-30,2026-06-30,"FilipZ | Traffic | Page likes",inactive,"1-day click",,,,,,0,0,,,,,"Using ad set budget",0,0,Prebieha,0,0,,,,,0,0,0,,,,,,,,,,,,,,,,,,,,,,
2026-06-29,2026-06-29,"(H) Promo postu",inactive,"7-day click or 1-day view",11,,,,actions:post_interaction_gross,237,1.438819,0.27363636,,,,"Using ad set budget",0,3.01,2026-06-29,341,8.826979,2,,1.505,0.58651,2,0.58651,1.505,,,,,,,,,,,,,,,,,,,,,,
2026-06-29,2026-06-29,"(H) Konverze",active,"7-day click, 1-day view, or 1-day engaged-view",2,1,1,1,actions:offsite_conversion.fb_pixel_purchase,3568,1.639294,15.71,,31.42,31.42,"Using ad set budget",0,31.42,Prebieha,5849,5.371858,91,,0.345275,1.555822,247,4.222944,0.127206,52,,,,0.604231,,,,90.4,40.51,49.89,49.89,2,1,1,1,90.4,40.51,49.89,49.89,,
2026-06-29,2026-06-29,"Filip | Sales | RMKT",inactive,"7-day click or 1-day engaged-view",,,,,,0,0,,,,,"Using ad set budget",0,0,Prebieha,0,0,,,,,0,0,0,,,,,,,,,,,,,,,,,,,,,,
2026-06-29,2026-06-29,"FilipZ | Sales | TOF",inactive,"Multiple attribution settings",,,,,,0,0,,,,,"Using ad set budget",0,0,Prebieha,0,0,,,,,0,0,0,,,,,,,,,,,,,,,,,,,,,,
2026-06-29,2026-06-29,"FilipZ | Traffic | LPV",inactive,"7-day click or 1-day view",,,,,,0,0,,,,,"Using ad set budget",0,0,Prebieha,0,0,,,,,0,0,0,,,,,,,,,,,,,,,,,,,,,,
2026-06-29,2026-06-29,"FilipZ | Traffic | Page likes",inactive,"1-day click",,,,,,0,0,,,,,"Using ad set budget",0,0,Prebieha,0,0,,,,,0,0,0,,,,,,,,,,,,,,,,,,,,,,
2026-06-28,2026-06-28,"(H) Promo postu",inactive,"7-day click or 1-day view",7,,,,actions:post_interaction_gross,436,1.334862,0.63714286,,,,"Using ad set budget",0,4.46,2026-06-29,582,7.66323,,,,,0,0,0,,,,,,,,,,,,,,,,,,,,,,
2026-06-28,2026-06-28,"(H) Konverze",active,"7-day click, 1-day view, or 1-day engaged-view",1,,1,1,actions:offsite_conversion.fb_pixel_purchase,3660,1.69153,32.67,,32.67,32.67,"Using ad set budget",0,32.67,Prebieha,6191,5.277015,88,,0.37125,1.421418,212,3.424326,0.154104,53,,,,0.616415,,,,49.89,,49.89,49.89,1,,1,1,49.89,,49.89,49.89,,
2026-06-28,2026-06-28,"Filip | Sales | RMKT",inactive,"7-day click or 1-day engaged-view",,,,,,0,0,,,,,"Using ad set budget",0,0,Prebieha,0,0,,,,,0,0,0,,,,,,,,,,,,,,,,,,,,,,
2026-06-28,2026-06-28,"FilipZ | Sales | TOF",inactive,"Multiple attribution settings",,,,,,0,0,,,,,"Using ad set budget",0,0,Prebieha,0,0,,,,,0,0,0,,,,,,,,,,,,,,,,,,,,,,
2026-06-28,2026-06-28,"FilipZ | Traffic | LPV",inactive,"7-day click or 1-day view",,,,,,0,0,,,,,"Using ad set budget",0,0,Prebieha,0,0,,,,,0,0,0,,,,,,,,,,,,,,,,,,,,,,
2026-06-28,2026-06-28,"FilipZ | Traffic | Page likes",inactive,"1-day click",,,,,,0,0,,,,,"Using ad set budget",0,0,Prebieha,0,0,,,,,0,0,0,,,,,,,,,,,,,,,,,,,,,,
2026-06-27,2026-06-27,"(H) Promo postu",inactive,"7-day click or 1-day view",17,,,,actions:post_interaction_gross,565,1.385841,0.29176471,,,,"Using ad set budget",0,4.96,2026-06-29,783,6.33461,,,,,1,0.127714,4.96,,,,,,,,,,,,,,,,,,,,,,
2026-06-27,2026-06-27,"(H) Konverze",active,"7-day click, 1-day view, or 1-day engaged-view",3,1,2,2,actions:offsite_conversion.fb_pixel_purchase,3036,1.6861,8.98,,13.47,13.47,"Using ad set budget",0,26.94,Prebieha,5119,5.262747,37,,0.728108,0.722797,75,1.46513,0.3592,22,,,,1.224545,,,,140.29,49.89,90.4,90.4,3,1,2,2,140.29,49.89,90.4,90.4,,
2026-06-27,2026-06-27,"Filip | Sales | RMKT",inactive,"7-day click or 1-day engaged-view",,,,,,0,0,,,,,"Using ad set budget",0,0,Prebieha,0,0,,,,,0,0,0,,,,,,,,,,,,,,,,,,,,,,
2026-06-27,2026-06-27,"FilipZ | Sales | TOF",inactive,"Multiple attribution settings",,,,,,0,0,,,,,"Using ad set budget",0,0,Prebieha,0,0,,,,,0,0,0,,,,,,,,,,,,,,,,,,,,,,
2026-06-27,2026-06-27,"FilipZ | Traffic | LPV",inactive,"7-day click or 1-day view",,,,,,0,0,,,,,"Using ad set budget",0,0,Prebieha,0,0,,,,,0,0,0,,,,,,,,,,,,,,,,,,,,,,
2026-06-27,2026-06-27,"FilipZ | Traffic | Page likes",inactive,"1-day click",,,,,,0,0,,,,,"Using ad set budget",0,0,Prebieha,0,0,,,,,0,0,0,,,,,,,,,,,,,,,,,,,,,,
2026-06-26,2026-06-26,"(H) Promo postu",inactive,"7-day click or 1-day view",13,,,,actions:post_interaction_gross,443,1.277652,0.33538462,,,,"Using ad set budget",0,4.36,2026-06-29,566,7.70318,3,,1.453333,0.530035,3,0.530035,1.453333,,,,,,,,,,,,,,,,,,,,,,
2026-06-26,2026-06-26,"(H) Konverze",active,"7-day click, 1-day view, or 1-day engaged-view",3,2,1,1,actions:offsite_conversion.fb_pixel_purchase,3017,1.851508,9.90333333,,29.71,29.71,"Using ad set budget",0,29.71,Prebieha,5586,5.318654,60,,0.495167,1.074114,122,2.184032,0.243525,41,,,,0.724634,,,,177.81,127.92,49.89,49.89,3,2,1,1,177.81,127.92,49.89,49.89,,
2026-06-26,2026-06-26,"Filip | Sales | RMKT",inactive,"7-day click or 1-day engaged-view",,,,,,0,0,,,,,"Using ad set budget",0,0,Prebieha,0,0,,,,,0,0,0,,,,,,,,,,,,,,,,,,,,,,
2026-06-26,2026-06-26,"FilipZ | Sales | TOF",inactive,"Multiple attribution settings",,,,,,0,0,,,,,"Using ad set budget",0,0,Prebieha,0,0,,,,,0,0,0,,,,,,,,,,,,,,,,,,,,,,
2026-06-26,2026-06-26,"FilipZ | Traffic | LPV",inactive,"7-day click or 1-day view",,,,,,0,0,,,,,"Using ad set budget",0,0,Prebieha,0,0,,,,,0,0,0,,,,,,,,,,,,,,,,,,,,,,
2026-06-26,2026-06-26,"FilipZ | Traffic | Page likes",inactive,"1-day click",,,,,,0,0,,,,,"Using ad set budget",0,0,Prebieha,0,0,,,,,0,0,0,,,,,,,,,,,,,,,,,,,,,,
2026-06-25,2026-06-25,"(H) Promo postu",inactive,"7-day click or 1-day view",13,,,,actions:post_interaction_gross,369,1.414634,0.31846154,,,,"Using ad set budget",0,4.14,2026-06-29,522,7.931034,,,,,0,0,0,,,,,,,,,,,,,,,,,,,,,,
2026-06-25,2026-06-25,"(H) Konverze",active,"7-day click, 1-day view, or 1-day engaged-view",3,1,1,2,actions:offsite_conversion.fb_pixel_purchase,2737,1.655828,8.14,,24.42,12.21,"Using ad set budget",0,24.42,Prebieha,4532,5.38835,62,,0.393871,1.368049,150,3.309797,0.1628,34,,,,0.718235,,,,187.19,49.89,96.79,137.3,3,1,1,2,187.19,49.89,96.79,137.3,,
2026-06-25,2026-06-25,"Filip | Sales | RMKT",inactive,"7-day click or 1-day engaged-view",,,,,,0,0,,,,,"Using ad set budget",0,0,Prebieha,0,0,,,,,0,0,0,,,,,,,,,,,,,,,,,,,,,,
2026-06-25,2026-06-25,"FilipZ | Sales | TOF",inactive,"Multiple attribution settings",,,,,,0,0,,,,,"Using ad set budget",0,0,Prebieha,0,0,,,,,0,0,0,,,,,,,,,,,,,,,,,,,,,,
2026-06-25,2026-06-25,"FilipZ | Traffic | LPV",inactive,"7-day click or 1-day view",,,,,,0,0,,,,,"Using ad set budget",0,0,Prebieha,0,0,,,,,0,0,0,,,,,,,,,,,,,,,,,,,,,,
2026-06-25,2026-06-25,"FilipZ | Traffic | Page likes",inactive,"1-day click",,,,,,0,0,,,,,"Using ad set budget",0,0,Prebieha,0,0,,,,,0,0,0,,,,,,,,,,,,,,,,,,,,,,
2026-06-24,2026-06-24,"(H) Promo postu",inactive,"7-day click or 1-day view",11,,,,actions:post_interaction_gross,624,1.267628,0.33545455,,,,"Using ad set budget",0,3.69,2026-06-29,791,4.664981,,,,,0,0,0,,,,,,,,,,,,,,,,,,,,,,
2026-06-24,2026-06-24,"(H) Konverze",active,"7-day click, 1-day view, or 1-day engaged-view",2,1,1,1,actions:offsite_conversion.fb_pixel_purchase,2374,1.534541,9.405,,18.81,18.81,"Using ad set budget",0,18.81,Prebieha,3643,5.163327,40,,0.47025,1.097996,77,2.113643,0.244286,12,,,,1.5675,,,,162.45,112.56,49.89,49.89,2,1,1,1,162.45,112.56,49.89,49.89,,
2026-06-24,2026-06-24,"Filip | Sales | RMKT",inactive,"7-day click or 1-day engaged-view",,,,,,0,0,,,,,"Using ad set budget",0,0,Prebieha,0,0,,,,,0,0,0,,,,,,,,,,,,,,,,,,,,,,
2026-06-24,2026-06-24,"FilipZ | Sales | TOF",inactive,"Multiple attribution settings",,,,,,0,0,,,,,"Using ad set budget",0,0,Prebieha,0,0,,,,,0,0,0,,,,,,,,,,,,,,,,,,,,,,
2026-06-24,2026-06-24,"FilipZ | Traffic | LPV",inactive,"7-day click or 1-day view",,,,,,0,0,,,,,"Using ad set budget",0,0,Prebieha,0,0,,,,,0,0,0,,,,,,,,,,,,,,,,,,,,,,
2026-06-24,2026-06-24,"FilipZ | Traffic | Page likes",inactive,"1-day click",,,,,,0,0,,,,,"Using ad set budget",0,0,Prebieha,0,0,,,,,0,0,0,,,,,,,,,,,,,,,,,,,,,,
2026-06-23,2026-06-23,"(H) Promo postu",inactive,"7-day click or 1-day view",9,,,,actions:post_interaction_gross,250,1.308,0.15333333,,,,"Using ad set budget",0,1.38,2026-06-29,327,4.220183,,,,,1,0.30581,1.38,,,,,,,,,,,,,,,,,,,,,,
2026-06-23,2026-06-23,"(H) Konverze",active,"7-day click, 1-day view, or 1-day engaged-view",1,1,,,actions:offsite_conversion.fb_pixel_purchase,3150,1.518413,23.82,,,,"Using ad set budget",0,23.82,Prebieha,4783,4.980138,47,,0.506809,0.982647,83,1.735313,0.286988,28,,,,0.850714,,,,49.89,49.89,,,1,1,,,49.89,49.89,,,,
2026-06-23,2026-06-23,"Filip | Sales | RMKT",inactive,"7-day click or 1-day engaged-view",,,,,,0,0,,,,,"Using ad set budget",0,0,Prebieha,0,0,,,,,0,0,0,,,,,,,,,,,,,,,,,,,,,,
2026-06-23,2026-06-23,"FilipZ | Sales | TOF",inactive,"Multiple attribution settings",,,,,,0,0,,,,,"Using ad set budget",0,0,Prebieha,0,0,,,,,0,0,0,,,,,,,,,,,,,,,,,,,,,,
2026-06-23,2026-06-23,"FilipZ | Traffic | LPV",inactive,"7-day click or 1-day view",,,,,,0,0,,,,,"Using ad set budget",0,0,Prebieha,0,0,,,,,0,0,0,,,,,,,,,,,,,,,,,,,,,,
2026-06-23,2026-06-23,"FilipZ | Traffic | Page likes",inactive,"1-day click",,,,,,0,0,,,,,"Using ad set budget",0,0,Prebieha,0,0,,,,,0,0,0,,,,,,,,,,,,,,,,,,,,,,
2026-06-22,2026-06-22,"(H) Promo postu",inactive,"7-day click or 1-day view",,,,,,0,0,,,,,"Using ad set budget",0,0,2026-06-29,0,0,,,,,0,0,0,,,,,,,,,,,,,,,,,,,,,,
2026-06-22,2026-06-22,"(H) Konverze",active,"7-day click, 1-day view, or 1-day engaged-view",8,2,6,6,actions:offsite_conversion.fb_pixel_purchase,3349,1.569722,2.9425,,3.92333333,3.92333333,"Using ad set budget",0,23.54,Prebieha,5257,4.477839,43,,0.547442,0.817957,71,1.35058,0.331549,26,,,,0.905385,,,,475.05,99.78,375.27,375.27,8,2,6,6,475.05,99.78,375.27,375.27,,
2026-06-22,2026-06-22,"Filip | Sales | RMKT",inactive,"7-day click or 1-day engaged-view",,,,,,0,0,,,,,"Using ad set budget",0,0,Prebieha,0,0,,,,,0,0,0,,,,,,,,,,,,,,,,,,,,,,
2026-06-22,2026-06-22,"FilipZ | Sales | TOF",inactive,"Multiple attribution settings",,,,,,0,0,,,,,"Using ad set budget",0,0,Prebieha,0,0,,,,,0,0,0,,,,,,,,,,,,,,,,,,,,,,
2026-06-22,2026-06-22,"FilipZ | Traffic | LPV",inactive,"7-day click or 1-day view",,,,,,0,0,,,,,"Using ad set budget",0,0,Prebieha,0,0,,,,,0,0,0,,,,,,,,,,,,,,,,,,,,,,
2026-06-22,2026-06-22,"FilipZ | Traffic | Page likes",inactive,"1-day click",,,,,,0,0,,,,,"Using ad set budget",0,0,Prebieha,0,0,,,,,0,0,0,,,,,,,,,,,,,,,,,,,,,,
2026-06-21,2026-06-21,"(H) Promo postu",inactive,"7-day click or 1-day view",,,,,,0,0,,,,,"Using ad set budget",0,0,2026-06-29,0,0,,,,,0,0,0,,,,,,,,,,,,,,,,,,,,,,
2026-06-21,2026-06-21,"(H) Konverze",active,"7-day click, 1-day view, or 1-day engaged-view",2,1,1,1,actions:offsite_conversion.fb_pixel_purchase,2735,1.526508,10.715,,21.43,21.43,"Using ad set budget",0,21.43,Prebieha,4175,5.132934,33,,0.649394,0.790419,63,1.508982,0.340159,19,,,,1.127895,,,,176.52,49.89,126.63,126.63,2,1,1,1,176.52,49.89,126.63,126.63,,
2026-06-21,2026-06-21,"Filip | Sales | RMKT",inactive,"7-day click or 1-day engaged-view",,,,,,0,0,,,,,"Using ad set budget",0,0,Prebieha,0,0,,,,,0,0,0,,,,,,,,,,,,,,,,,,,,,,
2026-06-21,2026-06-21,"FilipZ | Sales | TOF",inactive,"Multiple attribution settings",,,,,,0,0,,,,,"Using ad set budget",0,0,Prebieha,0,0,,,,,0,0,0,,,,,,,,,,,,,,,,,,,,,,
2026-06-21,2026-06-21,"FilipZ | Traffic | LPV",inactive,"7-day click or 1-day view",,,,,,0,0,,,,,"Using ad set budget",0,0,Prebieha,0,0,,,,,0,0,0,,,,,,,,,,,,,,,,,,,,,,
2026-06-21,2026-06-21,"FilipZ | Traffic | Page likes",inactive,"1-day click",,,,,,0,0,,,,,"Using ad set budget",0,0,Prebieha,0,0,,,,,0,0,0,,,,,,,,,,,,,,,,,,,,,,
2026-06-20,2026-06-20,"(H) Promo postu",inactive,"7-day click or 1-day view",,,,,,0,0,,,,,"Using ad set budget",0,0,2026-06-29,0,0,,,,,0,0,0,,,,,,,,,,,,,,,,,,,,,,
2026-06-20,2026-06-20,"(H) Konverze",active,"7-day click, 1-day view, or 1-day engaged-view",3,,3,3,actions:offsite_conversion.fb_pixel_purchase,3183,1.472196,7.82666667,,7.82666667,7.82666667,"Using ad set budget",0,23.48,Prebieha,4686,5.01067,38,,0.617895,0.810926,69,1.472471,0.34029,20,,,,1.174,,,,226.41,,226.41,226.41,3,,3,3,226.41,,226.41,226.41,,
2026-06-20,2026-06-20,"Filip | Sales | RMKT",inactive,"7-day click or 1-day engaged-view",,,,,,0,0,,,,,"Using ad set budget",0,0,Prebieha,0,0,,,,,0,0,0,,,,,,,,,,,,,,,,,,,,,,
2026-06-20,2026-06-20,"FilipZ | Sales | TOF",inactive,"Multiple attribution settings",,,,,,0,0,,,,,"Using ad set budget",0,0,Prebieha,0,0,,,,,0,0,0,,,,,,,,,,,,,,,,,,,,,,
2026-06-20,2026-06-20,"FilipZ | Traffic | LPV",inactive,"7-day click or 1-day view",,,,,,0,0,,,,,"Using ad set budget",0,0,Prebieha,0,0,,,,,0,0,0,,,,,,,,,,,,,,,,,,,,,,
2026-06-20,2026-06-20,"FilipZ | Traffic | Page likes",inactive,"1-day click",,,,,,0,0,,,,,"Using ad set budget",0,0,Prebieha,0,0,,,,,0,0,0,,,,,,,,,,,,,,,,,,,,,,
2026-06-19,2026-06-19,"(H) Promo postu",inactive,"7-day click or 1-day view",,,,,,0,0,,,,,"Using ad set budget",0,0,2026-06-29,0,0,,,,,0,0,0,,,,,,,,,,,,,,,,,,,,,,
2026-06-19,2026-06-19,"(H) Konverze",active,"7-day click, 1-day view, or 1-day engaged-view",1,,1,1,actions:offsite_conversion.fb_pixel_purchase,2323,1.511408,18.99,,18.99,18.99,"Using ad set budget",0,18.99,Prebieha,3511,5.408715,31,,0.612581,0.882939,61,1.737397,0.311311,29,,,,0.654828,,,,44.89,,44.89,44.89,1,,1,1,44.89,,44.89,44.89,,
2026-06-19,2026-06-19,"Filip | Sales | RMKT",inactive,"7-day click or 1-day engaged-view",,,,,,0,0,,,,,"Using ad set budget",0,0,Prebieha,0,0,,,,,0,0,0,,,,,,,,,,,,,,,,,,,,,,
2026-06-19,2026-06-19,"FilipZ | Sales | TOF",inactive,"Multiple attribution settings",,,,,,0,0,,,,,"Using ad set budget",0,0,Prebieha,0,0,,,,,0,0,0,,,,,,,,,,,,,,,,,,,,,,
2026-06-19,2026-06-19,"FilipZ | Traffic | LPV",inactive,"7-day click or 1-day view",,,,,,0,0,,,,,"Using ad set budget",0,0,Prebieha,0,0,,,,,0,0,0,,,,,,,,,,,,,,,,,,,,,,
2026-06-19,2026-06-19,"FilipZ | Traffic | Page likes",inactive,"1-day click",,,,,,0,0,,,,,"Using ad set budget",0,0,Prebieha,0,0,,,,,0,0,0,,,,,,,,,,,,,,,,,,,,,,
2026-06-18,2026-06-18,"(H) Promo postu",inactive,"7-day click or 1-day view",,,,,,0,0,,,,,"Using ad set budget",0,0,2026-06-29,0,0,,,,,0,0,0,,,,,,,,,,,,,,,,,,,,,,
2026-06-18,2026-06-18,"(H) Konverze",active,"7-day click, 1-day view, or 1-day engaged-view",2,,2,2,actions:offsite_conversion.fb_pixel_purchase,2009,1.581384,8.99,,8.99,8.99,"Using ad set budget",0,17.98,Prebieha,3177,5.659427,34,,0.528824,1.070192,75,2.360718,0.239733,26,,,,0.691538,,,,94.78,,94.78,94.78,2,,2,2,94.78,,94.78,94.78,,
2026-06-18,2026-06-18,"Filip | Sales | RMKT",inactive,"7-day click or 1-day engaged-view",,,,,,0,0,,,,,"Using ad set budget",0,0,Prebieha,0,0,,,,,0,0,0,,,,,,,,,,,,,,,,,,,,,,
2026-06-18,2026-06-18,"FilipZ | Sales | TOF",inactive,"Multiple attribution settings",,,,,,0,0,,,,,"Using ad set budget",0,0,Prebieha,0,0,,,,,0,0,0,,,,,,,,,,,,,,,,,,,,,,
2026-06-18,2026-06-18,"FilipZ | Traffic | LPV",inactive,"7-day click or 1-day view",,,,,,0,0,,,,,"Using ad set budget",0,0,Prebieha,0,0,,,,,0,0,0,,,,,,,,,,,,,,,,,,,,,,
2026-06-18,2026-06-18,"FilipZ | Traffic | Page likes",inactive,"1-day click",,,,,,0,0,,,,,"Using ad set budget",0,0,Prebieha,0,0,,,,,0,0,0,,,,,,,,,,,,,,,,,,,,,,
2026-06-17,2026-06-17,"(H) Promo postu",inactive,"7-day click or 1-day view",,,,,,0,0,,,,,"Using ad set budget",0,0,2026-06-29,0,0,,,,,0,0,0,,,,,,,,,,,,,,,,,,,,,,
2026-06-17,2026-06-17,"(H) Konverze",active,"7-day click, 1-day view, or 1-day engaged-view",6,,6,6,actions:offsite_conversion.fb_pixel_purchase,1772,1.788939,2.92666667,,2.92666667,2.92666667,"Using ad set budget",0,17.56,Prebieha,3170,5.539432,49,,0.358367,1.545741,99,3.123028,0.177374,38,,,,0.462105,,,,391.22,,391.22,391.22,6,,6,6,391.22,,391.22,391.22,,
2026-06-17,2026-06-17,"Filip | Sales | RMKT",inactive,"7-day click or 1-day engaged-view",,,,,,0,0,,,,,"Using ad set budget",0,0,Prebieha,0,0,,,,,0,0,0,,,,,,,,,,,,,,,,,,,,,,
2026-06-17,2026-06-17,"FilipZ | Sales | TOF",inactive,"Multiple attribution settings",,,,,,0,0,,,,,"Using ad set budget",0,0,Prebieha,0,0,,,,,0,0,0,,,,,,,,,,,,,,,,,,,,,,
2026-06-17,2026-06-17,"FilipZ | Traffic | LPV",inactive,"7-day click or 1-day view",,,,,,0,0,,,,,"Using ad set budget",0,0,Prebieha,0,0,,,,,0,0,0,,,,,,,,,,,,,,,,,,,,,,
2026-06-17,2026-06-17,"FilipZ | Traffic | Page likes",inactive,"1-day click",,,,,,0,0,,,,,"Using ad set budget",0,0,Prebieha,0,0,,,,,0,0,0,,,,,,,,,,,,,,,,,,,,,,
2026-06-16,2026-06-16,"(H) Promo postu",inactive,"7-day click or 1-day view",,,,,,0,0,,,,,"Using ad set budget",0,0,2026-06-29,0,0,,,,,0,0,0,,,,,,,,,,,,,,,,,,,,,,
2026-06-16,2026-06-16,"(H) Konverze",active,"7-day click, 1-day view, or 1-day engaged-view",,,,,,1478,1.262517,,,,,"Using ad set budget",0,8.8,Prebieha,1866,4.71597,18,,0.488889,0.96463,49,2.625938,0.179592,18,,,,0.488889,,,,,,,,,,,,,,,,,
2026-06-16,2026-06-16,"Filip | Sales | RMKT",inactive,"7-day click or 1-day engaged-view",,,,,,0,0,,,,,"Using ad set budget",0,0,Prebieha,0,0,,,,,0,0,0,,,,,,,,,,,,,,,,,,,,,,
2026-06-16,2026-06-16,"FilipZ | Sales | TOF",inactive,"Multiple attribution settings",,,,,,0,0,,,,,"Using ad set budget",0,0,Prebieha,0,0,,,,,0,0,0,,,,,,,,,,,,,,,,,,,,,,
2026-06-16,2026-06-16,"FilipZ | Traffic | LPV",inactive,"7-day click or 1-day view",,,,,,0,0,,,,,"Using ad set budget",0,0,Prebieha,0,0,,,,,0,0,0,,,,,,,,,,,,,,,,,,,,,,
2026-06-16,2026-06-16,"FilipZ | Traffic | Page likes",inactive,"1-day click",,,,,,0,0,,,,,"Using ad set budget",0,0,Prebieha,0,0,,,,,0,0,0,,,,,,,,,,,,,,,,,,,,,,
2026-06-15,2026-06-15,"(H) Promo postu",inactive,"7-day click or 1-day view",,,,,,0,0,,,,,"Using ad set budget",0,0,2026-06-29,0,0,,,,,0,0,0,,,,,,,,,,,,,,,,,,,,,,
2026-06-15,2026-06-15,"(H) Konverze",active,"7-day click, 1-day view, or 1-day engaged-view",,,,,,0,0,,,,,"Using ad set budget",0,0,Prebieha,0,0,,,,,0,0,0,,,,,,,,,,,,,,,,,,,,,,
2026-06-15,2026-06-15,"Filip | Sales | RMKT",inactive,"7-day click or 1-day engaged-view",,,,,,0,0,,,,,"Using ad set budget",0,0,Prebieha,0,0,,,,,0,0,0,,,,,,,,,,,,,,,,,,,,,,
2026-06-15,2026-06-15,"FilipZ | Sales | TOF",inactive,"Multiple attribution settings",,,,,,0,0,,,,,"Using ad set budget",0,0,Prebieha,0,0,,,,,0,0,0,,,,,,,,,,,,,,,,,,,,,,
2026-06-15,2026-06-15,"FilipZ | Traffic | LPV",inactive,"7-day click or 1-day view",,,,,,0,0,,,,,"Using ad set budget",0,0,Prebieha,0,0,,,,,0,0,0,,,,,,,,,,,,,,,,,,,,,,
2026-06-15,2026-06-15,"FilipZ | Traffic | Page likes",inactive,"1-day click",,,,,,0,0,,,,,"Using ad set budget",0,0,Prebieha,0,0,,,,,0,0,0,,,,,,,,,,,,,,,,,,,,,,
2026-06-14,2026-06-14,"(H) Promo postu",inactive,"7-day click or 1-day view",,,,,,0,0,,,,,"Using ad set budget",0,0,2026-06-29,0,0,,,,,0,0,0,,,,,,,,,,,,,,,,,,,,,,
2026-06-14,2026-06-14,"(H) Konverze",active,"7-day click, 1-day view, or 1-day engaged-view",,,,,,0,0,,,,,"Using ad set budget",0,0,Prebieha,0,0,,,,,0,0,0,,,,,,,,,,,,,,,,,,,,,,
2026-06-14,2026-06-14,"Filip | Sales | RMKT",inactive,"7-day click or 1-day engaged-view",,,,,,0,0,,,,,"Using ad set budget",0,0,Prebieha,0,0,,,,,0,0,0,,,,,,,,,,,,,,,,,,,,,,
2026-06-14,2026-06-14,"FilipZ | Sales | TOF",inactive,"Multiple attribution settings",,,,,,0,0,,,,,"Using ad set budget",0,0,Prebieha,0,0,,,,,0,0,0,,,,,,,,,,,,,,,,,,,,,,
2026-06-14,2026-06-14,"FilipZ | Traffic | LPV",inactive,"7-day click or 1-day view",,,,,,0,0,,,,,"Using ad set budget",0,0,Prebieha,0,0,,,,,0,0,0,,,,,,,,,,,,,,,,,,,,,,
2026-06-14,2026-06-14,"FilipZ | Traffic | Page likes",inactive,"1-day click",,,,,,0,0,,,,,"Using ad set budget",0,0,Prebieha,0,0,,,,,0,0,0,,,,,,,,,,,,,,,,,,,,,,
2026-06-13,2026-06-13,"(H) Promo postu",inactive,"7-day click or 1-day view",,,,,,0,0,,,,,"Using ad set budget",0,0,2026-06-29,0,0,,,,,0,0,0,,,,,,,,,,,,,,,,,,,,,,
2026-06-13,2026-06-13,"(H) Konverze",active,"7-day click, 1-day view, or 1-day engaged-view",,,,,,0,0,,,,,"Using ad set budget",0,0,Prebieha,0,0,,,,,0,0,0,,,,,,,,,,,,,,,,,,,,,,
2026-06-13,2026-06-13,"Filip | Sales | RMKT",inactive,"7-day click or 1-day engaged-view",,,,,,0,0,,,,,"Using ad set budget",0,0,Prebieha,0,0,,,,,0,0,0,,,,,,,,,,,,,,,,,,,,,,
2026-06-13,2026-06-13,"FilipZ | Sales | TOF",inactive,"Multiple attribution settings",1,,,1,actions:offsite_conversion.fb_pixel_purchase,0,0,0,,,0,"Using ad set budget",0,0,Prebieha,0,0,,,,,0,0,0,,,,,,,,,49.89,,,49.89,1,,,1,49.89,,,49.89,,
2026-06-13,2026-06-13,"FilipZ | Traffic | LPV",inactive,"7-day click or 1-day view",,,,,,0,0,,,,,"Using ad set budget",0,0,Prebieha,0,0,,,,,0,0,0,,,,,,,,,,,,,,,,,,,,,,
2026-06-13,2026-06-13,"FilipZ | Traffic | Page likes",inactive,"1-day click",,,,,,0,0,,,,,"Using ad set budget",0,0,Prebieha,0,0,,,,,0,0,0,,,,,,,,,,,,,,,,,,,,,,
2026-06-12,2026-06-12,"(H) Promo postu",inactive,"7-day click or 1-day view",,,,,,0,0,,,,,"Using ad set budget",0,0,2026-06-29,0,0,,,,,0,0,0,,,,,,,,,,,,,,,,,,,,,,
2026-06-12,2026-06-12,"(H) Konverze",active,"7-day click, 1-day view, or 1-day engaged-view",,,,,,0,0,,,,,"Using ad set budget",0,0,Prebieha,0,0,,,,,0,0,0,,,,,,,,,,,,,,,,,,,,,,
2026-06-12,2026-06-12,"Filip | Sales | RMKT",inactive,"7-day click or 1-day engaged-view",,,,,,0,0,,,,,"Using ad set budget",0,0,Prebieha,0,0,,,,,0,0,0,,,,,,,,,,,,,,,,,,,,,,
2026-06-12,2026-06-12,"FilipZ | Sales | TOF",inactive,"Multiple attribution settings",2,,,2,actions:offsite_conversion.fb_pixel_purchase,0,0,0,,,0,"Using ad set budget",0,0,Prebieha,0,0,,,,,0,0,0,,,,,,,,,94.78,,,94.78,2,,,2,94.78,,,94.78,,
2026-06-12,2026-06-12,"FilipZ | Traffic | LPV",inactive,"7-day click or 1-day view",,,,,,0,0,,,,,"Using ad set budget",0,0,Prebieha,0,0,,,,,0,0,0,,,,,,,,,,,,,,,,,,,,,,
2026-06-12,2026-06-12,"FilipZ | Traffic | Page likes",inactive,"1-day click",,,,,,0,0,,,,,"Using ad set budget",0,0,Prebieha,0,0,,,,,0,0,0,,,,,,,,,,,,,,,,,,,,,,
2026-06-11,2026-06-11,"(H) Promo postu",inactive,"7-day click or 1-day view",,,,,,0,0,,,,,"Using ad set budget",0,0,2026-06-29,0,0,,,,,0,0,0,,,,,,,,,,,,,,,,,,,,,,
2026-06-11,2026-06-11,"(H) Konverze",active,"7-day click, 1-day view, or 1-day engaged-view",,,,,,0,0,,,,,"Using ad set budget",0,0,Prebieha,0,0,,,,,0,0,0,,,,,,,,,,,,,,,,,,,,,,
2026-06-11,2026-06-11,"Filip | Sales | RMKT",inactive,"7-day click or 1-day engaged-view",1,,,1,actions:offsite_conversion.fb_pixel_purchase,0,0,0,,,0,"Using ad set budget",0,0,Prebieha,0,0,,,,,0,0,0,,,,,,,,,40.51,,,40.51,1,,,1,40.51,,,40.51,,
2026-06-11,2026-06-11,"FilipZ | Sales | TOF",inactive,"Multiple attribution settings",2,,,2,actions:offsite_conversion.fb_pixel_purchase,0,0,0,,,0,"Using ad set budget",0,0,Prebieha,0,0,,,,,0,0,0,,,,,,,,,127.92,,,127.92,2,,,2,127.92,,,127.92,,
2026-06-11,2026-06-11,"FilipZ | Traffic | LPV",inactive,"7-day click or 1-day view",,,,,,0,0,,,,,"Using ad set budget",0,0,Prebieha,0,0,,,,,0,0,0,,,,,,,,,,,,,,,,,,,,,,
2026-06-11,2026-06-11,"FilipZ | Traffic | Page likes",inactive,"1-day click",,,,,,0,0,,,,,"Using ad set budget",0,0,Prebieha,0,0,,,,,0,0,0,,,,,,,,,,,,,,,,,,,,,,
2026-06-10,2026-06-10,"(H) Promo postu",inactive,"7-day click or 1-day view",,,,,,0,0,,,,,"Using ad set budget",0,0,2026-06-29,0,0,,,,,0,0,0,,,,,,,,,,,,,,,,,,,,,,
2026-06-10,2026-06-10,"(H) Konverze",active,"7-day click, 1-day view, or 1-day engaged-view",,,,,,0,0,,,,,"Using ad set budget",0,0,Prebieha,0,0,,,,,0,0,0,,,,,,,,,,,,,,,,,,,,,,
2026-06-10,2026-06-10,"Filip | Sales | RMKT",inactive,"7-day click or 1-day engaged-view",,,,,,321,1.373832,,,,,"Using ad set budget",0,5.54,Prebieha,441,12.562358,7,,0.791429,1.587302,18,4.081633,0.307778,6,,,,0.923333,,,,,,,,,,,,,,,,,
2026-06-10,2026-06-10,"FilipZ | Sales | TOF",inactive,"Multiple attribution settings",3,,3,3,actions:offsite_conversion.fb_pixel_purchase,817,1.25459,2.74333333,,2.74333333,2.74333333,"Using ad set budget",0,8.23,Prebieha,1025,8.029268,24,,0.342917,2.341463,37,3.609756,0.222432,17,,,,0.484118,,,,203.53,,203.53,203.53,3,,3,3,203.53,,203.53,203.53,,
2026-06-10,2026-06-10,"FilipZ | Traffic | LPV",inactive,"7-day click or 1-day view",27,,,,actions:omni_landing_page_view,737,1.014925,0.06481481,,,,"Using ad set budget",0,1.75,Prebieha,748,2.339572,29,,0.060345,3.877005,69,9.224599,0.025362,27,,,,0.064815,,,,,,,,,,,,,,,,,
2026-06-10,2026-06-10,"FilipZ | Traffic | Page likes",inactive,"1-day click",,,,,,0,0,,,,,"Using ad set budget",0,0,Prebieha,0,0,,,,,0,0,0,,,,,,,,,,,,,,,,,,,,,,
2026-06-09,2026-06-09,"(H) Promo postu",inactive,"7-day click or 1-day view",,,,,,0,0,,,,,"Using ad set budget",0,0,2026-06-29,0,0,,,,,0,0,0,,,,,,,,,,,,,,,,,,,,,,
2026-06-09,2026-06-09,"(H) Konverze",active,"7-day click, 1-day view, or 1-day engaged-view",,,,,,0,0,,,,,"Using ad set budget",0,0,Prebieha,0,0,,,,,0,0,0,,,,,,,,,,,,,,,,,,,,,,
2026-06-09,2026-06-09,"Filip | Sales | RMKT",inactive,"7-day click or 1-day engaged-view",1,,1,1,actions:offsite_conversion.fb_pixel_purchase,1501,1.942705,23.11,,23.11,23.11,"Using ad set budget",0,23.11,Prebieha,2916,7.92524,53,,0.436038,1.817558,118,4.046639,0.195847,27,,,,0.855926,,,,49.89,,49.89,49.89,1,,1,1,49.89,,49.89,49.89,,
2026-06-09,2026-06-09,"FilipZ | Sales | TOF",inactive,"Multiple attribution settings",10,2,9,9,actions:offsite_conversion.fb_pixel_purchase,3289,1.607479,3.315,,3.68333333,3.68333333,"Using ad set budget",0,33.15,Prebieha,5287,6.270096,78,,0.425,1.475317,188,3.555892,0.17633,52,,,,0.6375,,,,606.05,127.92,556.16,556.16,10,2,9,9,606.05,127.92,556.16,556.16,,
2026-06-09,2026-06-09,"FilipZ | Traffic | LPV",inactive,"7-day click or 1-day view",136,,,,actions:omni_landing_page_view,4787,1.040526,0.07661765,,,,"Using ad set budget",0,10.42,Prebieha,4981,2.091949,167,,0.062395,3.35274,377,7.568761,0.027639,136,,,,0.076618,,,,,,,,,,,,,,,,,
2026-06-09,2026-06-09,"FilipZ | Traffic | Page likes",inactive,"1-day click",,,,,,0,0,,,,,"Using ad set budget",0,0,Prebieha,0,0,,,,,0,0,0,,,,,,,,,,,,,,,,,,,,,,
2026-06-08,2026-06-08,"(H) Promo postu",inactive,"7-day click or 1-day view",,,,,,0,0,,,,,"Using ad set budget",0,0,2026-06-29,0,0,,,,,0,0,0,,,,,,,,,,,,,,,,,,,,,,
2026-06-08,2026-06-08,"(H) Konverze",active,"7-day click, 1-day view, or 1-day engaged-view",,,,,,0,0,,,,,"Using ad set budget",0,0,Prebieha,0,0,,,,,0,0,0,,,,,,,,,,,,,,,,,,,,,,
2026-06-08,2026-06-08,"Filip | Sales | RMKT",inactive,"7-day click or 1-day engaged-view",1,,1,1,actions:offsite_conversion.fb_pixel_purchase,1312,1.786585,18.08,,18.08,18.08,"Using ad set budget",0,18.08,Prebieha,2344,7.713311,42,,0.430476,1.791809,82,3.498294,0.220488,19,,,,0.951579,,,,44.89,,44.89,44.89,1,,1,1,44.89,,44.89,44.89,,
2026-06-08,2026-06-08,"FilipZ | Sales | TOF",inactive,"Multiple attribution settings",,,,,,2836,1.66079,,,,,"Using ad set budget",0,28.49,Prebieha,4710,6.048832,44,,0.6475,0.934183,98,2.080679,0.290714,29,,,,0.982414,,,,,,,,,,,,,,,,,
2026-06-08,2026-06-08,"FilipZ | Traffic | LPV",inactive,"7-day click or 1-day view",126,,,,actions:omni_landing_page_view,4608,1.078342,0.08007937,,,,"Using ad set budget",0,10.09,Prebieha,4969,2.03059,145,,0.069586,2.918092,337,6.782049,0.029941,126,,,,0.080079,,,,,,,,,,,,,,,,,
2026-06-08,2026-06-08,"FilipZ | Traffic | Page likes",inactive,"1-day click",,,,,,0,0,,,,,"Using ad set budget",0,0,Prebieha,0,0,,,,,0,0,0,,,,,,,,,,,,,,,,,,,,,,
2026-06-07,2026-06-07,"(H) Promo postu",inactive,"7-day click or 1-day view",,,,,,0,0,,,,,"Using ad set budget",0,0,2026-06-29,0,0,,,,,0,0,0,,,,,,,,,,,,,,,,,,,,,,
2026-06-07,2026-06-07,"(H) Konverze",active,"7-day click, 1-day view, or 1-day engaged-view",,,,,,0,0,,,,,"Using ad set budget",0,0,Prebieha,0,0,,,,,0,0,0,,,,,,,,,,,,,,,,,,,,,,
2026-06-07,2026-06-07,"Filip | Sales | RMKT",inactive,"7-day click or 1-day engaged-view",1,,1,1,actions:offsite_conversion.fb_pixel_purchase,1468,1.907357,24.33,,24.33,24.33,"Using ad set budget",0,24.33,Prebieha,2800,8.689286,47,,0.51766,1.678571,98,3.5,0.248265,20,,,,1.2165,,,,112.56,,112.56,112.56,1,,1,1,112.56,,112.56,112.56,,
2026-06-07,2026-06-07,"FilipZ | Sales | TOF",inactive,"Multiple attribution settings",3,,3,3,actions:offsite_conversion.fb_pixel_purchase,3921,1.558786,12.03,,12.03,12.03,"Using ad set budget",0,36.09,Prebieha,6112,5.904777,87,,0.414828,1.423429,233,3.812173,0.154893,59,,,,0.611695,,,,226.41,,226.41,226.41,3,,3,3,226.41,,226.41,226.41,,
2026-06-07,2026-06-07,"FilipZ | Traffic | LPV",inactive,"7-day click or 1-day view",136,,,,actions:omni_landing_page_view,5070,1.090533,0.08441176,,,,"Using ad set budget",0,11.48,Prebieha,5529,2.076325,162,,0.070864,2.930005,373,6.746247,0.030777,136,,,,0.084412,,,,,,,,,,,,,,,,,
2026-06-07,2026-06-07,"FilipZ | Traffic | Page likes",inactive,"1-day click",,,,,,0,0,,,,,"Using ad set budget",0,0,Prebieha,0,0,,,,,0,0,0,,,,,,,,,,,,,,,,,,,,,,
2026-06-06,2026-06-06,"(H) Promo postu",inactive,"7-day click or 1-day view",,,,,,0,0,,,,,"Using ad set budget",0,0,2026-06-29,0,0,,,,,0,0,0,,,,,,,,,,,,,,,,,,,,,,
2026-06-06,2026-06-06,"(H) Konverze",active,"7-day click, 1-day view, or 1-day engaged-view",,,,,,0,0,,,,,"Using ad set budget",0,0,Prebieha,0,0,,,,,0,0,0,,,,,,,,,,,,,,,,,,,,,,
2026-06-06,2026-06-06,"Filip | Sales | RMKT",inactive,"7-day click or 1-day engaged-view",,,,,,1122,1.947415,,,,,"Using ad set budget",0,17.9,Prebieha,2185,8.19222,25,,0.716,1.144165,65,2.974828,0.275385,12,,,,1.491667,,,,,,,,,,,,,,,,,
2026-06-06,2026-06-06,"FilipZ | Sales | TOF",inactive,"Multiple attribution settings",1,,1,1,actions:offsite_conversion.fb_pixel_purchase,3299,1.371325,26.31,,26.31,26.31,"Using ad set budget",0,26.31,Prebieha,4524,5.81565,54,,0.487222,1.193634,155,3.426172,0.169742,41,,,,0.641707,,,,40.51,,40.51,40.51,1,,1,1,40.51,,40.51,40.51,,
2026-06-06,2026-06-06,"FilipZ | Traffic | LPV",inactive,"7-day click or 1-day view",129,,,,actions:omni_landing_page_view,4573,1.125301,0.07953488,,,,"Using ad set budget",0,10.26,Prebieha,5146,1.993782,143,,0.071748,2.778857,361,7.015157,0.028421,129,,,,0.079535,,,,,,,,,,,,,,,,,
2026-06-06,2026-06-06,"FilipZ | Traffic | Page likes",inactive,"1-day click",,,,,,0,0,,,,,"Using ad set budget",0,0,Prebieha,0,0,,,,,0,0,0,,,,,,,,,,,,,,,,,,,,,,
2026-06-05,2026-06-05,"(H) Promo postu",inactive,"7-day click or 1-day view",,,,,,0,0,,,,,"Using ad set budget",0,0,2026-06-29,0,0,,,,,0,0,0,,,,,,,,,,,,,,,,,,,,,,
2026-06-05,2026-06-05,"(H) Konverze",active,"7-day click, 1-day view, or 1-day engaged-view",,,,,,0,0,,,,,"Using ad set budget",0,0,Prebieha,0,0,,,,,0,0,0,,,,,,,,,,,,,,,,,,,,,,
2026-06-05,2026-06-05,"Filip | Sales | RMKT",inactive,"7-day click or 1-day engaged-view",3,1,2,2,actions:offsite_conversion.fb_pixel_purchase,1243,1.890587,6.51666667,,9.775,9.775,"Using ad set budget",0,19.55,Prebieha,2350,8.319149,39,,0.501282,1.659574,103,4.382979,0.189806,25,,,,0.782,,,,140.29,40.51,99.78,99.78,3,1,2,2,140.29,40.51,99.78,99.78,,
2026-06-05,2026-06-05,"FilipZ | Sales | TOF",inactive,"Multiple attribution settings",2,,2,2,actions:offsite_conversion.fb_pixel_purchase,3524,1.490919,13.58,,13.58,13.58,"Using ad set budget",0,27.16,Prebieha,5254,5.169395,53,,0.512453,1.008755,89,1.693947,0.305169,41,,,,0.662439,,,,99.78,,99.78,99.78,2,,2,2,99.78,,99.78,99.78,,
2026-06-05,2026-06-05,"FilipZ | Traffic | LPV",inactive,"7-day click or 1-day view",97,,,,actions:omni_landing_page_view,3792,1.078059,0.08835052,,,,"Using ad set budget",0,8.57,Prebieha,4088,2.09638,129,,0.066434,3.155577,326,7.97456,0.026288,97,,,,0.088351,,,,,,,,,,,,,,,,,
2026-06-05,2026-06-05,"FilipZ | Traffic | Page likes",inactive,"1-day click",,,,,,0,0,,,,,"Using ad set budget",0,0,Prebieha,0,0,,,,,0,0,0,,,,,,,,,,,,,,,,,,,,,,
2026-06-04,2026-06-04,"(H) Promo postu",inactive,"7-day click or 1-day view",,,,,,0,0,,,,,"Using ad set budget",0,0,2026-06-29,0,0,,,,,0,0,0,,,,,,,,,,,,,,,,,,,,,,
2026-06-04,2026-06-04,"(H) Konverze",active,"7-day click, 1-day view, or 1-day engaged-view",,,,,,0,0,,,,,"Using ad set budget",0,0,Prebieha,0,0,,,,,0,0,0,,,,,,,,,,,,,,,,,,,,,,
2026-06-04,2026-06-04,"Filip | Sales | RMKT",inactive,"7-day click or 1-day engaged-view",,,,,,1196,1.93311,,,,,"Using ad set budget",0,18.24,Prebieha,2312,7.889273,27,,0.675556,1.16782,71,3.070934,0.256901,18,,,,1.013333,,,,,,,,,,,,,,,,,
2026-06-04,2026-06-04,"FilipZ | Sales | TOF",inactive,"Multiple attribution settings",3,,3,3,actions:offsite_conversion.fb_pixel_purchase,3367,1.583309,9.54,,9.54,9.54,"Using ad set budget",0,28.62,Prebieha,5331,5.368599,79,,0.362278,1.481898,239,4.483211,0.119749,42,,,,0.681429,,,,149.67,,149.67,149.67,3,,3,3,149.67,,149.67,149.67,,
2026-06-04,2026-06-04,"FilipZ | Traffic | LPV",inactive,"7-day click or 1-day view",130,,,,actions:omni_landing_page_view,4437,1.068515,0.07484615,,,,"Using ad set budget",0,9.73,Prebieha,4741,2.05231,161,,0.060435,3.395908,331,6.981649,0.029396,130,,,,0.074846,,,,,,,,,,,,,,,,,
2026-06-04,2026-06-04,"FilipZ | Traffic | Page likes",inactive,"1-day click",,,,,,0,0,,,,,"Using ad set budget",0,0,Prebieha,0,0,,,,,0,0,0,,,,,,,,,,,,,,,,,,,,,,
2026-06-03,2026-06-03,"(H) Promo postu",inactive,"7-day click or 1-day view",,,,,,0,0,,,,,"Using ad set budget",0,0,2026-06-29,0,0,,,,,0,0,0,,,,,,,,,,,,,,,,,,,,,,
2026-06-03,2026-06-03,"(H) Konverze",active,"7-day click, 1-day view, or 1-day engaged-view",,,,,,0,0,,,,,"Using ad set budget",0,0,Prebieha,0,0,,,,,0,0,0,,,,,,,,,,,,,,,,,,,,,,
2026-06-03,2026-06-03,"Filip | Sales | RMKT",inactive,"7-day click or 1-day engaged-view",2,,2,2,actions:offsite_conversion.fb_pixel_purchase,1341,1.782252,9.19,,9.19,9.19,"Using ad set budget",0,18.38,Prebieha,2390,7.690377,36,,0.510556,1.506276,96,4.016736,0.191458,20,,,,0.919,,,,90.4,,90.4,90.4,2,,2,2,90.4,,90.4,90.4,,
2026-06-03,2026-06-03,"FilipZ | Sales | TOF",inactive,"Multiple attribution settings",6,1,6,6,actions:offsite_conversion.fb_pixel_purchase,3320,1.653916,4.78666667,,4.78666667,4.78666667,"Using ad set budget",0,28.72,Prebieha,5491,5.230377,64,,0.44875,1.165544,131,2.385722,0.219237,38,,,,0.755789,,,,361.7,36.51,361.7,361.7,6,1,6,6,361.7,36.51,361.7,361.7,,
2026-06-03,2026-06-03,"FilipZ | Traffic | LPV",inactive,"7-day click or 1-day view",143,,,,actions:omni_landing_page_view,4635,1.085868,0.06769231,,,,"Using ad set budget",0,9.68,Prebieha,5033,1.923306,154,,0.062857,3.059805,305,6.060004,0.031738,143,,,,0.067692,,,,,,,,,,,,,,,,,
2026-06-03,2026-06-03,"FilipZ | Traffic | Page likes",inactive,"1-day click",,,,,,0,0,,,,,"Using ad set budget",0,0,Prebieha,0,0,,,,,0,0,0,,,,,,,,,,,,,,,,,,,,,,
2026-06-02,2026-06-02,"(H) Promo postu",inactive,"7-day click or 1-day view",,,,,,0,0,,,,,"Using ad set budget",0,0,2026-06-29,0,0,,,,,0,0,0,,,,,,,,,,,,,,,,,,,,,,
2026-06-02,2026-06-02,"(H) Konverze",active,"7-day click, 1-day view, or 1-day engaged-view",,,,,,0,0,,,,,"Using ad set budget",0,0,Prebieha,0,0,,,,,0,0,0,,,,,,,,,,,,,,,,,,,,,,
2026-06-02,2026-06-02,"Filip | Sales | RMKT",inactive,"7-day click or 1-day engaged-view",,,,,,1288,1.997671,,,,,"Using ad set budget",0,20.2,Prebieha,2573,7.850758,38,,0.531579,1.476875,82,3.186941,0.246341,23,,,,0.878261,,,,,,,,,,,,,,,,,
2026-06-02,2026-06-02,"FilipZ | Sales | TOF",inactive,"Multiple attribution settings",2,2,1,1,actions:offsite_conversion.fb_pixel_purchase,3539,1.659508,15.35,,30.7,30.7,"Using ad set budget",0,30.7,Prebieha,5873,5.227311,77,,0.398701,1.311085,215,3.660821,0.142791,38,,,,0.807895,,,,94.78,86.4,44.89,44.89,2,2,1,1,94.78,86.4,44.89,44.89,,
2026-06-02,2026-06-02,"FilipZ | Traffic | LPV",inactive,"7-day click or 1-day view",142,,,,actions:omni_landing_page_view,4522,1.070102,0.06633803,,,,"Using ad set budget",0,9.42,Prebieha,4839,1.946683,156,,0.060385,3.223807,345,7.129572,0.027304,142,,,,0.066338,,,,,,,,,,,,,,,,,
2026-06-02,2026-06-02,"FilipZ | Traffic | Page likes",inactive,"1-day click",,,,,,0,0,,,,,"Using ad set budget",0,0,Prebieha,0,0,,,,,0,0,0,,,,,,,,,,,,,,,,,,,,,,
2026-06-01,2026-06-01,"(H) Promo postu",inactive,"7-day click or 1-day view",,,,,,0,0,,,,,"Using ad set budget",0,0,2026-06-29,0,0,,,,,0,0,0,,,,,,,,,,,,,,,,,,,,,,
2026-06-01,2026-06-01,"(H) Konverze",active,"7-day click, 1-day view, or 1-day engaged-view",,,,,,0,0,,,,,"Using ad set budget",0,0,Prebieha,0,0,,,,,0,0,0,,,,,,,,,,,,,,,,,,,,,,
2026-06-01,2026-06-01,"Filip | Sales | RMKT",inactive,"7-day click or 1-day engaged-view",,,,,,1531,1.86806,,,,,"Using ad set budget",0,21.89,Prebieha,2860,7.653846,42,,0.52119,1.468531,89,3.111888,0.245955,29,,,,0.754828,,,,,,,,,,,,,,,,,
2026-06-01,2026-06-01,"FilipZ | Sales | TOF",inactive,"Multiple attribution settings",2,,2,2,actions:offsite_conversion.fb_pixel_purchase,4057,1.464876,16.31,,16.31,16.31,"Using ad set budget",0,32.62,Prebieha,5943,5.48881,94,,0.347021,1.581693,255,4.290762,0.127922,54,,,,0.604074,,,,94.78,,94.78,94.78,2,,2,2,94.78,,94.78,94.78,,
2026-06-01,2026-06-01,"FilipZ | Traffic | LPV",inactive,"7-day click or 1-day view",144,,,,actions:omni_landing_page_view,5227,1.096231,0.07215278,,,,"Using ad set budget",0,10.39,Prebieha,5730,1.813264,168,,0.061845,2.931937,382,6.666667,0.027199,144,,,,0.072153,,,,,,,,,,,,,,,,,
2026-06-01,2026-06-01,"FilipZ | Traffic | Page likes",inactive,"1-day click",,,,,,0,0,,,,,"Using ad set budget",0,0,Prebieha,0,0,,,,,0,0,0,,,,,,,,,,,,,,,,,,,,,,
2026-05-31,2026-05-31,"(H) Promo postu",inactive,"7-day click or 1-day view",,,,,,0,0,,,,,"Using ad set budget",0,0,2026-06-29,0,0,,,,,0,0,0,,,,,,,,,,,,,,,,,,,,,,
2026-05-31,2026-05-31,"(H) Konverze",active,"7-day click, 1-day view, or 1-day engaged-view",,,,,,0,0,,,,,"Using ad set budget",0,0,Prebieha,0,0,,,,,0,0,0,,,,,,,,,,,,,,,,,,,,,,
2026-05-31,2026-05-31,"Filip | Sales | RMKT",inactive,"7-day click or 1-day engaged-view",,,,,,1353,1.725055,,,,,"Using ad set budget",0,22.4,Prebieha,2334,9.597258,57,,0.392982,2.442159,117,5.012853,0.191453,30,,,,0.746667,,,,,,,,,,,,,,,,,
2026-05-31,2026-05-31,"FilipZ | Sales | TOF",inactive,"Multiple attribution settings",1,1,,,actions:offsite_conversion.fb_pixel_purchase,3894,1.550591,35.69,,,,"Using ad set budget",0,35.69,Prebieha,6038,5.910898,104,,0.343173,1.722425,224,3.709838,0.15933,67,,,,0.532687,,,,49.89,49.89,,,1,1,,,49.89,49.89,,,,
2026-05-31,2026-05-31,"FilipZ | Traffic | LPV",inactive,"7-day click or 1-day view",150,,,,actions:omni_landing_page_view,5248,1.112614,0.07966667,,,,"Using ad set budget",0,11.95,Prebieha,5839,2.046583,180,,0.066389,3.08272,421,7.210139,0.028385,150,,,,0.079667,,,,,,,,,,,,,,,,,
2026-05-31,2026-05-31,"FilipZ | Traffic | Page likes",inactive,"1-day click",,,,,,0,0,,,,,"Using ad set budget",0,0,Prebieha,0,0,,,,,0,0,0,,,,,,,,,,,,,,,,,,,,,,
2026-05-30,2026-05-30,"(H) Promo postu",inactive,"7-day click or 1-day view",,,,,,0,0,,,,,"Using ad set budget",0,0,2026-06-29,0,0,,,,,0,0,0,,,,,,,,,,,,,,,,,,,,,,
2026-05-30,2026-05-30,"(H) Konverze",active,"7-day click, 1-day view, or 1-day engaged-view",,,,,,0,0,,,,,"Using ad set budget",0,0,Prebieha,0,0,,,,,0,0,0,,,,,,,,,,,,,,,,,,,,,,
2026-05-30,2026-05-30,"Filip | Sales | RMKT",inactive,"7-day click or 1-day engaged-view",1,,1,1,actions:offsite_conversion.fb_pixel_purchase,1267,1.790055,18.87,,18.87,18.87,"Using ad set budget",0,18.87,Prebieha,2268,8.320106,55,,0.343091,2.425044,103,4.541446,0.183204,24,,,,0.78625,,,,126.63,,126.63,126.63,1,,1,1,126.63,,126.63,126.63,,
2026-05-30,2026-05-30,"FilipZ | Sales | TOF",inactive,"Multiple attribution settings",1,,1,1,actions:offsite_conversion.fb_pixel_purchase,3645,1.425789,28.79,,28.79,28.79,"Using ad set budget",0,28.79,Prebieha,5197,5.539734,100,,0.2879,1.924187,346,6.657687,0.083208,46,,,,0.62587,,,,126.63,,126.63,126.63,1,,1,1,126.63,,126.63,126.63,,
2026-05-30,2026-05-30,"FilipZ | Traffic | LPV",inactive,"7-day click or 1-day view",113,,,,actions:omni_landing_page_view,3787,1.101135,0.08061947,,,,"Using ad set budget",0,9.11,Prebieha,4170,2.184652,126,,0.072302,3.021583,265,6.354916,0.034377,113,,,,0.080619,,,,,,,,,,,,,,,,,
2026-05-30,2026-05-30,"FilipZ | Traffic | Page likes",inactive,"1-day click",,,,,,0,0,,,,,"Using ad set budget",0,0,Prebieha,0,0,,,,,0,0,0,,,,,,,,,,,,,,,,,,,,,,
2026-05-29,2026-05-29,"(H) Promo postu",inactive,"7-day click or 1-day view",,,,,,0,0,,,,,"Using ad set budget",0,0,2026-06-29,0,0,,,,,0,0,0,,,,,,,,,,,,,,,,,,,,,,
2026-05-29,2026-05-29,"(H) Konverze",active,"7-day click, 1-day view, or 1-day engaged-view",,,,,,0,0,,,,,"Using ad set budget",0,0,Prebieha,0,0,,,,,0,0,0,,,,,,,,,,,,,,,,,,,,,,
2026-05-29,2026-05-29,"Filip | Sales | RMKT",inactive,"7-day click or 1-day engaged-view",2,,2,2,actions:offsite_conversion.fb_pixel_purchase,1088,1.790441,7.8,,7.8,7.8,"Using ad set budget",0,15.6,Prebieha,1948,8.008214,36,,0.433333,1.848049,87,4.466119,0.17931,19,,,,0.821053,,,,176.52,,176.52,176.52,2,,2,2,176.52,,176.52,176.52,,
2026-05-29,2026-05-29,"FilipZ | Sales | TOF",inactive,"Multiple attribution settings",3,1,3,3,actions:offsite_conversion.fb_pixel_purchase,2652,1.760558,9.47666667,,9.47666667,9.47666667,"Using ad set budget",0,28.43,Prebieha,4669,6.089098,64,,0.444219,1.370743,173,3.70529,0.164335,42,,,,0.676905,,,,149.67,44.89,149.67,149.67,3,1,3,3,149.67,44.89,149.67,149.67,,
2026-05-29,2026-05-29,"FilipZ | Traffic | LPV",inactive,"7-day click or 1-day view",126,,,,actions:omni_landing_page_view,4182,1.048063,0.07452381,,,,"Using ad set budget",0,9.39,Prebieha,4383,2.142368,141,,0.066596,3.216975,318,7.255305,0.029528,126,,,,0.074524,,,,,,,,,,,,,,,,,
2026-05-29,2026-05-29,"FilipZ | Traffic | Page likes",inactive,"1-day click",,,,,,0,0,,,,,"Using ad set budget",0,0,Prebieha,0,0,,,,,0,0,0,,,,,,,,,,,,,,,,,,,,,,
2026-05-28,2026-05-28,"(H) Promo postu",inactive,"7-day click or 1-day view",,,,,,0,0,,,,,"Using ad set budget",0,0,2026-06-29,0,0,,,,,0,0,0,,,,,,,,,,,,,,,,,,,,,,
2026-05-28,2026-05-28,"(H) Konverze",active,"7-day click, 1-day view, or 1-day engaged-view",,,,,,0,0,,,,,"Using ad set budget",0,0,Prebieha,0,0,,,,,0,0,0,,,,,,,,,,,,,,,,,,,,,,
2026-05-28,2026-05-28,"Filip | Sales | RMKT",inactive,"7-day click or 1-day engaged-view",1,1,1,1,actions:offsite_conversion.fb_pixel_purchase,961,1.907388,18.03,,18.03,18.03,"Using ad set budget",0,18.03,Prebieha,1833,9.836334,43,,0.419302,2.345881,87,4.746318,0.207241,24,,,,0.75125,,,,49.89,44.89,49.89,49.89,1,1,1,1,49.89,44.89,49.89,49.89,,
2026-05-28,2026-05-28,"FilipZ | Sales | TOF",inactive,"Multiple attribution settings",,,,,,2504,1.689696,,,,,"Using ad set budget",0,24.55,Prebieha,4231,5.802411,48,,0.511458,1.134484,93,2.198062,0.263978,38,,,,0.646053,,,,,,,,,,,,,,,,,
2026-05-28,2026-05-28,"FilipZ | Traffic | LPV",inactive,"7-day click or 1-day view",92,,,,actions:omni_landing_page_view,4022,1.064644,0.09782609,,,,"Using ad set budget",0,9,Prebieha,4282,2.101822,116,,0.077586,2.709014,310,7.239608,0.029032,92,,,,0.097826,,,,,,,,,,,,,,,,,
2026-05-28,2026-05-28,"FilipZ | Traffic | Page likes",inactive,"1-day click",,,,,,0,0,,,,,"Using ad set budget",0,0,Prebieha,0,0,,,,,0,0,0,,,,,,,,,,,,,,,,,,,,,,
2026-05-27,2026-05-27,"(H) Promo postu",inactive,"7-day click or 1-day view",,,,,,0,0,,,,,"Using ad set budget",0,0,2026-06-29,0,0,,,,,0,0,0,,,,,,,,,,,,,,,,,,,,,,
2026-05-27,2026-05-27,"(H) Konverze",active,"7-day click, 1-day view, or 1-day engaged-view",,,,,,0,0,,,,,"Using ad set budget",0,0,Prebieha,0,0,,,,,0,0,0,,,,,,,,,,,,,,,,,,,,,,
2026-05-27,2026-05-27,"Filip | Sales | RMKT",inactive,"7-day click or 1-day engaged-view",1,,1,1,actions:offsite_conversion.fb_pixel_purchase,1238,1.875606,19.71,,19.71,19.71,"Using ad set budget",0,19.71,Prebieha,2322,8.488372,42,,0.469286,1.808786,75,3.229974,0.2628,25,,,,0.7884,,,,40.51,,40.51,40.51,1,,1,1,40.51,,40.51,40.51,,
2026-05-27,2026-05-27,"FilipZ | Sales | TOF",inactive,"Multiple attribution settings",3,,3,3,actions:offsite_conversion.fb_pixel_purchase,2767,1.777376,9.82,,9.82,9.82,"Using ad set budget",0,29.46,Prebieha,4918,5.99024,70,,0.420857,1.423343,172,3.497357,0.171279,45,,,,0.654667,,,,207.91,,207.91,207.91,3,,3,3,207.91,,207.91,207.91,,
2026-05-27,2026-05-27,"FilipZ | Traffic | LPV",inactive,"7-day click or 1-day view",146,,,,actions:omni_landing_page_view,4203,1.085415,0.06705479,,,,"Using ad set budget",0,9.79,Prebieha,4562,2.145989,161,,0.060807,3.529154,347,7.606313,0.028213,146,,,,0.067055,,,,,,,,,,,,,,,,,
2026-05-27,2026-05-27,"FilipZ | Traffic | Page likes",inactive,"1-day click",,,,,,0,0,,,,,"Using ad set budget",0,0,Prebieha,0,0,,,,,0,0,0,,,,,,,,,,,,,,,,,,,,,,
2026-05-26,2026-05-26,"(H) Promo postu",inactive,"7-day click or 1-day view",,,,,,0,0,,,,,"Using ad set budget",0,0,2026-06-29,0,0,,,,,0,0,0,,,,,,,,,,,,,,,,,,,,,,
2026-05-26,2026-05-26,"(H) Konverze",active,"7-day click, 1-day view, or 1-day engaged-view",,,,,,0,0,,,,,"Using ad set budget",0,0,Prebieha,0,0,,,,,0,0,0,,,,,,,,,,,,,,,,,,,,,,
2026-05-26,2026-05-26,"Filip | Sales | RMKT",inactive,"7-day click or 1-day engaged-view",1,,1,1,actions:offsite_conversion.fb_pixel_purchase,1227,1.814996,22.37,,22.37,22.37,"Using ad set budget",0,22.37,Prebieha,2227,10.044903,49,,0.456531,2.200269,107,4.80467,0.209065,28,,,,0.798929,,,,49.89,,49.89,49.89,1,,1,1,49.89,,49.89,49.89,,
2026-05-26,2026-05-26,"FilipZ | Sales | TOF",inactive,"Multiple attribution settings",,1,,,actions:offsite_conversion.fb_pixel_purchase,3182,1.796669,,,,,"Using ad set budget",0,33.42,Prebieha,5717,5.845723,89,,0.375506,1.556761,179,3.131013,0.186704,54,,,,0.618889,,,,,49.89,,,,1,,,,49.89,,,,
2026-05-26,2026-05-26,"FilipZ | Traffic | LPV",inactive,"7-day click or 1-day view",136,,,,actions:omni_landing_page_view,4877,1.072176,0.08264706,,,,"Using ad set budget",0,11.24,Prebieha,5229,2.149551,164,,0.068537,3.136355,415,7.936508,0.027084,136,,,,0.082647,,,,,,,,,,,,,,,,,
2026-05-26,2026-05-26,"FilipZ | Traffic | Page likes",inactive,"1-day click",,,,,,0,0,,,,,"Using ad set budget",0,0,Prebieha,0,0,,,,,0,0,0,,,,,,,,,,,,,,,,,,,,,,
2026-05-25,2026-05-25,"(H) Promo postu",inactive,"7-day click or 1-day view",,,,,,0,0,,,,,"Using ad set budget",0,0,2026-06-29,0,0,,,,,0,0,0,,,,,,,,,,,,,,,,,,,,,,
2026-05-25,2026-05-25,"(H) Konverze",active,"7-day click, 1-day view, or 1-day engaged-view",,,,,,0,0,,,,,"Using ad set budget",0,0,Prebieha,0,0,,,,,0,0,0,,,,,,,,,,,,,,,,,,,,,,
2026-05-25,2026-05-25,"Filip | Sales | RMKT",inactive,"7-day click or 1-day engaged-view",2,1,1,1,actions:offsite_conversion.fb_pixel_purchase,1091,1.87901,10.565,,21.13,21.13,"Using ad set budget",0,21.13,Prebieha,2050,10.307317,36,,0.586944,1.756098,89,4.341463,0.237416,20,,,,1.0565,,,,94.78,44.89,49.89,49.89,2,1,1,1,94.78,44.89,49.89,49.89,,
2026-05-25,2026-05-25,"FilipZ | Sales | TOF",inactive,"Multiple attribution settings",3,1,2,2,actions:offsite_conversion.fb_pixel_purchase,3004,1.703728,11.17666667,,16.765,16.765,"Using ad set budget",0,33.53,Prebieha,5118,6.551387,74,,0.453108,1.445877,200,3.907776,0.16765,49,,,,0.684286,,,,202.96,49.89,153.07,153.07,3,1,2,2,202.96,49.89,153.07,153.07,,
2026-05-25,2026-05-25,"FilipZ | Traffic | LPV",inactive,"7-day click or 1-day view",135,,,,actions:omni_landing_page_view,4289,1.07834,0.0717037,,,,"Using ad set budget",0,9.68,Prebieha,4625,2.092973,151,,0.064106,3.264865,368,7.956757,0.026304,135,,,,0.071704,,,,,,,,,,,,,,,,,
2026-05-25,2026-05-25,"FilipZ | Traffic | Page likes",inactive,"1-day click",,,,,,0,0,,,,,"Using ad set budget",0,0,Prebieha,0,0,,,,,0,0,0,,,,,,,,,,,,,,,,,,,,,,
2026-05-24,2026-05-24,"(H) Promo postu",inactive,"7-day click or 1-day view",,,,,,0,0,,,,,"Using ad set budget",0,0,2026-06-29,0,0,,,,,0,0,0,,,,,,,,,,,,,,,,,,,,,,
2026-05-24,2026-05-24,"(H) Konverze",active,"7-day click, 1-day view, or 1-day engaged-view",,,,,,0,0,,,,,"Using ad set budget",0,0,Prebieha,0,0,,,,,0,0,0,,,,,,,,,,,,,,,,,,,,,,
2026-05-24,2026-05-24,"Filip | Sales | RMKT",inactive,"7-day click or 1-day engaged-view",,,,,,1058,2.009452,,,,,"Using ad set budget",0,23.41,Prebieha,2126,11.011289,60,,0.390167,2.822201,109,5.126999,0.214771,32,,,,0.731563,,,,,,,,,,,,,,,,,
2026-05-24,2026-05-24,"FilipZ | Sales | TOF",inactive,"Multiple attribution settings",2,,2,2,actions:offsite_conversion.fb_pixel_purchase,2776,1.673271,15.88,,15.88,15.88,"Using ad set budget",0,31.76,Prebieha,4645,6.83746,99,,0.320808,2.131324,255,5.489774,0.124549,52,,,,0.610769,,,,89.78,,89.78,89.78,2,,2,2,89.78,,89.78,89.78,,
2026-05-24,2026-05-24,"FilipZ | Traffic | LPV",inactive,"7-day click or 1-day view",130,,,,actions:omni_landing_page_view,4743,1.089395,0.09069231,,,,"Using ad set budget",0,11.79,Prebieha,5167,2.281788,154,,0.076558,2.980453,338,6.541513,0.034882,130,,,,0.090692,,,,,,,,,,,,,,,,,
2026-05-24,2026-05-24,"FilipZ | Traffic | Page likes",inactive,"1-day click",,,,,,0,0,,,,,"Using ad set budget",0,0,Prebieha,0,0,,,,,0,0,0,,,,,,,,,,,,,,,,,,,,,,
2026-05-23,2026-05-23,"(H) Promo postu",inactive,"7-day click or 1-day view",,,,,,0,0,,,,,"Using ad set budget",0,0,2026-06-29,0,0,,,,,0,0,0,,,,,,,,,,,,,,,,,,,,,,
2026-05-23,2026-05-23,"(H) Konverze",active,"7-day click, 1-day view, or 1-day engaged-view",,,,,,0,0,,,,,"Using ad set budget",0,0,Prebieha,0,0,,,,,0,0,0,,,,,,,,,,,,,,,,,,,,,,
2026-05-23,2026-05-23,"Filip | Sales | RMKT",inactive,"7-day click or 1-day engaged-view",1,,1,1,actions:offsite_conversion.fb_pixel_purchase,658,2.337386,17.41,,17.41,17.41,"Using ad set budget",0,17.41,Prebieha,1538,11.319896,35,,0.497429,2.275683,67,4.356307,0.259851,15,,,,1.160667,,,,126.63,,126.63,126.63,1,,1,1,126.63,,126.63,126.63,,
2026-05-23,2026-05-23,"FilipZ | Sales | TOF",inactive,"Multiple attribution settings",,,,,,2924,1.740082,,,,,"Using ad set budget",0,32.08,Prebieha,5088,6.305031,73,,0.439452,1.434748,156,3.066038,0.205641,50,,,,0.6416,,,,,,,,,,,,,,,,,
2026-05-23,2026-05-23,"FilipZ | Traffic | LPV",inactive,"7-day click or 1-day view",82,,,,actions:omni_landing_page_view,3576,1.045302,0.11085366,,,,"Using ad set budget",0,9.09,Prebieha,3738,2.431782,94,,0.096702,2.514714,226,6.046014,0.040221,82,,,,0.110854,,,,,,,,,,,,,,,,,
2026-05-23,2026-05-23,"FilipZ | Traffic | Page likes",inactive,"1-day click",,,,,,0,0,,,,,"Using ad set budget",0,0,Prebieha,0,0,,,,,0,0,0,,,,,,,,,,,,,,,,,,,,,,
2026-05-22,2026-05-22,"(H) Promo postu",inactive,"7-day click or 1-day view",,,,,,0,0,,,,,"Using ad set budget",0,0,2026-06-29,0,0,,,,,0,0,0,,,,,,,,,,,,,,,,,,,,,,
2026-05-22,2026-05-22,"(H) Konverze",active,"7-day click, 1-day view, or 1-day engaged-view",,,,,,0,0,,,,,"Using ad set budget",0,0,Prebieha,0,0,,,,,0,0,0,,,,,,,,,,,,,,,,,,,,,,
2026-05-22,2026-05-22,"Filip | Sales | RMKT",inactive,"7-day click or 1-day engaged-view",2,,2,2,actions:offsite_conversion.fb_pixel_purchase,589,2.303905,11.475,,11.475,11.475,"Using ad set budget",0,22.95,Prebieha,1357,16.912307,47,,0.488298,3.463522,74,5.453206,0.310135,19,,,,1.207895,,,,99.78,,99.78,99.78,2,,2,2,99.78,,99.78,99.78,,
2026-05-22,2026-05-22,"FilipZ | Sales | TOF",inactive,"Multiple attribution settings",1,,1,1,actions:offsite_conversion.fb_pixel_purchase,2583,1.827333,28.33,,28.33,28.33,"Using ad set budget",0,28.33,Prebieha,4720,6.002119,71,,0.399014,1.504237,165,3.495763,0.171697,47,,,,0.602766,,,,49.89,,49.89,49.89,1,,1,1,49.89,,49.89,49.89,,
2026-05-22,2026-05-22,"FilipZ | Traffic | LPV",inactive,"7-day click or 1-day view",117,,,,actions:omni_landing_page_view,3828,1.093783,0.07965812,,,,"Using ad set budget",0,9.32,Prebieha,4187,2.225937,128,,0.072813,3.057081,294,7.021734,0.031701,117,,,,0.079658,,,,,,,,,,,,,,,,,
2026-05-22,2026-05-22,"FilipZ | Traffic | Page likes",inactive,"1-day click",,,,,,0,0,,,,,"Using ad set budget",0,0,Prebieha,0,0,,,,,0,0,0,,,,,,,,,,,,,,,,,,,,,,
2026-05-21,2026-05-21,"(H) Promo postu",inactive,"7-day click or 1-day view",,,,,,0,0,,,,,"Using ad set budget",0,0,2026-06-29,0,0,,,,,0,0,0,,,,,,,,,,,,,,,,,,,,,,
2026-05-21,2026-05-21,"(H) Konverze",active,"7-day click, 1-day view, or 1-day engaged-view",,,,,,0,0,,,,,"Using ad set budget",0,0,Prebieha,0,0,,,,,0,0,0,,,,,,,,,,,,,,,,,,,,,,
2026-05-21,2026-05-21,"Filip | Sales | RMKT",inactive,"7-day click or 1-day engaged-view",1,2,,,actions:offsite_conversion.fb_pixel_purchase,446,2.430493,18.6,,,,"Using ad set budget",0,18.6,Prebieha,1084,17.158672,38,,0.489474,3.505535,86,7.933579,0.216279,19,,,,0.978947,,,,49.89,176.52,,,1,2,,,49.89,176.52,,,,
2026-05-21,2026-05-21,"FilipZ | Sales | TOF",inactive,"Multiple attribution settings",,1,,,actions:offsite_conversion.fb_pixel_purchase,2557,1.889323,,,,,"Using ad set budget",0,27.48,Prebieha,4831,5.688263,73,,0.376438,1.511074,209,4.326226,0.131483,47,,,,0.584681,,,,,49.89,,,,1,,,,49.89,,,,
2026-05-21,2026-05-21,"FilipZ | Traffic | LPV",inactive,"7-day click or 1-day view",92,,,,actions:omni_landing_page_view,4031,1.047879,0.11184783,,,,"Using ad set budget",0,10.29,Prebieha,4224,2.43608,131,,0.07855,3.101326,341,8.072917,0.030176,92,,,,0.111848,,,,,,,,,,,,,,,,,
2026-05-21,2026-05-21,"FilipZ | Traffic | Page likes",inactive,"1-day click",,,,,,0,0,,,,,"Using ad set budget",0,0,Prebieha,0,0,,,,,0,0,0,,,,,,,,,,,,,,,,,,,,,,
2026-05-20,2026-05-20,"(H) Promo postu",inactive,"7-day click or 1-day view",,,,,,0,0,,,,,"Using ad set budget",0,0,2026-06-29,0,0,,,,,0,0,0,,,,,,,,,,,,,,,,,,,,,,
2026-05-20,2026-05-20,"(H) Konverze",active,"7-day click, 1-day view, or 1-day engaged-view",,,,,,0,0,,,,,"Using ad set budget",0,0,Prebieha,0,0,,,,,0,0,0,,,,,,,,,,,,,,,,,,,,,,
2026-05-20,2026-05-20,"Filip | Sales | RMKT",inactive,"7-day click or 1-day engaged-view",,,,,,264,2.318182,,,,,"Using ad set budget",0,8,Prebieha,612,13.071895,16,,0.5,2.614379,30,4.901961,0.266667,11,,,,0.727273,,,,,,,,,,,,,,,,,
2026-05-20,2026-05-20,"FilipZ | Sales | TOF",inactive,"Multiple attribution settings",1,,1,1,actions:offsite_conversion.fb_pixel_purchase,2473,1.744036,24.3,,24.3,24.3,"Using ad set budget",0,24.3,Prebieha,4313,5.634129,76,,0.319737,1.762115,166,3.848829,0.146386,41,,,,0.592683,,,,49.89,,49.89,49.89,1,,1,1,49.89,,49.89,49.89,,
2026-05-20,2026-05-20,"FilipZ | Traffic | LPV",inactive,"7-day click or 1-day view",133,,,,actions:omni_landing_page_view,3939,1.075146,0.07398496,,,,"Using ad set budget",0,9.84,Prebieha,4235,2.323495,143,,0.068811,3.376623,324,7.650531,0.03037,133,,,,0.073985,,,,,,,,,,,,,,,,,
2026-05-20,2026-05-20,"FilipZ | Traffic | Page likes",inactive,"1-day click",,,,,,0,0,,,,,"Using ad set budget",0,0,Prebieha,0,0,,,,,0,0,0,,,,,,,,,,,,,,,,,,,,,,
2026-05-19,2026-05-19,"(H) Promo postu",inactive,"7-day click or 1-day view",,,,,,0,0,,,,,"Using ad set budget",0,0,2026-06-29,0,0,,,,,0,0,0,,,,,,,,,,,,,,,,,,,,,,
2026-05-19,2026-05-19,"(H) Konverze",active,"7-day click, 1-day view, or 1-day engaged-view",,,,,,0,0,,,,,"Using ad set budget",0,0,Prebieha,0,0,,,,,0,0,0,,,,,,,,,,,,,,,,,,,,,,
2026-05-19,2026-05-19,"Filip | Sales | RMKT",inactive,"7-day click or 1-day engaged-view",,,,,,0,0,,,,,"Using ad set budget",0,0,Prebieha,0,0,,,,,0,0,0,,,,,,,,,,,,,,,,,,,,,,
2026-05-19,2026-05-19,"FilipZ | Sales | TOF",inactive,"Multiple attribution settings",4,,3,4,actions:offsite_conversion.fb_pixel_purchase,2598,1.91147,7.69,,10.25333333,7.69,"Using ad set budget",0,30.76,Prebieha,4966,6.19412,78,,0.394359,1.570681,156,3.141361,0.197179,50,,,,0.6152,,,,296.44,,226.41,296.44,4,,3,4,296.44,,226.41,296.44,,
2026-05-19,2026-05-19,"FilipZ | Traffic | LPV",inactive,"7-day click or 1-day view",121,,,,actions:omni_landing_page_view,4198,1.084088,0.08181818,,,,"Using ad set budget",0,9.9,Prebieha,4551,2.175346,141,,0.070213,3.09822,341,7.492859,0.029032,121,,,,0.081818,,,,,,,,,,,,,,,,,
2026-05-19,2026-05-19,"FilipZ | Traffic | Page likes",inactive,"1-day click",,,,,,0,0,,,,,"Using ad set budget",0,0,Prebieha,0,0,,,,,0,0,0,,,,,,,,,,,,,,,,,,,,,,
2026-05-18,2026-05-18,"(H) Promo postu",inactive,"7-day click or 1-day view",,,,,,0,0,,,,,"Using ad set budget",0,0,2026-06-29,0,0,,,,,0,0,0,,,,,,,,,,,,,,,,,,,,,,
2026-05-18,2026-05-18,"(H) Konverze",active,"7-day click, 1-day view, or 1-day engaged-view",,,,,,0,0,,,,,"Using ad set budget",0,0,Prebieha,0,0,,,,,0,0,0,,,,,,,,,,,,,,,,,,,,,,
2026-05-18,2026-05-18,"Filip | Sales | RMKT",inactive,"7-day click or 1-day engaged-view",,,,,,0,0,,,,,"Using ad set budget",0,0,Prebieha,0,0,,,,,0,0,0,,,,,,,,,,,,,,,,,,,,,,
2026-05-18,2026-05-18,"FilipZ | Sales | TOF",inactive,"Multiple attribution settings",1,,1,1,actions:offsite_conversion.fb_pixel_purchase,2800,1.408214,26.32,,26.32,26.32,"Using ad set budget",0,26.32,Prebieha,3943,6.67512,78,,0.337436,1.978189,188,4.767943,0.14,55,,,,0.478545,,,,40.51,,40.51,40.51,1,,1,1,40.51,,40.51,40.51,,
2026-05-18,2026-05-18,"FilipZ | Traffic | LPV",inactive,"7-day click or 1-day view",134,,,,actions:omni_landing_page_view,4610,1.040564,0.08320896,,,,"Using ad set budget",0,11.15,Prebieha,4797,2.324369,171,,0.065205,3.564728,408,8.505316,0.027328,134,,,,0.083209,,,,,,,,,,,,,,,,,
2026-05-18,2026-05-18,"FilipZ | Traffic | Page likes",inactive,"1-day click",,,,,,0,0,,,,,"Using ad set budget",0,0,Prebieha,0,0,,,,,0,0,0,,,,,,,,,,,,,,,,,,,,,,
2026-05-17,2026-05-17,"(H) Promo postu",inactive,"7-day click or 1-day view",,,,,,0,0,,,,,"Using ad set budget",0,0,2026-06-29,0,0,,,,,0,0,0,,,,,,,,,,,,,,,,,,,,,,
2026-05-17,2026-05-17,"(H) Konverze",active,"7-day click, 1-day view, or 1-day engaged-view",,,,,,0,0,,,,,"Using ad set budget",0,0,Prebieha,0,0,,,,,0,0,0,,,,,,,,,,,,,,,,,,,,,,
2026-05-17,2026-05-17,"Filip | Sales | RMKT",inactive,"7-day click or 1-day engaged-view",,,,,,0,0,,,,,"Using ad set budget",0,0,Prebieha,0,0,,,,,0,0,0,,,,,,,,,,,,,,,,,,,,,,
2026-05-17,2026-05-17,"FilipZ | Sales | TOF",inactive,"Multiple attribution settings",,1,,,actions:offsite_conversion.fb_pixel_purchase,2640,1.379545,,,,,"Using ad set budget",0,22.78,Prebieha,3642,6.254805,56,,0.406786,1.537617,222,6.095552,0.102613,34,,,,0.67,,,,,49.89,,,,1,,,,49.89,,,,
2026-05-17,2026-05-17,"FilipZ | Traffic | LPV",inactive,"7-day click or 1-day view",123,,,,actions:omni_landing_page_view,4173,1.069734,0.08439024,,,,"Using ad set budget",0,10.38,Prebieha,4464,2.325269,146,,0.071096,3.270609,364,8.154122,0.028516,123,,,,0.08439,,,,,,,,,,,,,,,,,
2026-05-17,2026-05-17,"FilipZ | Traffic | Page likes",inactive,"1-day click",,,,,,0,0,,,,,"Using ad set budget",0,0,Prebieha,0,0,,,,,0,0,0,,,,,,,,,,,,,,,,,,,,,,
2026-05-16,2026-05-16,"(H) Promo postu",inactive,"7-day click or 1-day view",,,,,,0,0,,,,,"Using ad set budget",0,0,2026-06-29,0,0,,,,,0,0,0,,,,,,,,,,,,,,,,,,,,,,
2026-05-16,2026-05-16,"(H) Konverze",active,"7-day click, 1-day view, or 1-day engaged-view",,,,,,0,0,,,,,"Using ad set budget",0,0,Prebieha,0,0,,,,,0,0,0,,,,,,,,,,,,,,,,,,,,,,
2026-05-16,2026-05-16,"Filip | Sales | RMKT",inactive,"7-day click or 1-day engaged-view",,,,,,0,0,,,,,"Using ad set budget",0,0,Prebieha,0,0,,,,,0,0,0,,,,,,,,,,,,,,,,,,,,,,
2026-05-16,2026-05-16,"FilipZ | Sales | TOF",inactive,"Multiple attribution settings",1,,1,1,actions:offsite_conversion.fb_pixel_purchase,2670,1.42397,21.58,,21.58,21.58,"Using ad set budget",0,21.58,Prebieha,3802,5.67596,47,,0.459149,1.236191,96,2.524987,0.224792,35,,,,0.616571,,,,49.89,,49.89,49.89,1,,1,1,49.89,,49.89,49.89,,
2026-05-16,2026-05-16,"FilipZ | Traffic | LPV",inactive,"7-day click or 1-day view",99,,,,actions:omni_landing_page_view,3795,1.079578,0.10444444,,,,"Using ad set budget",0,10.34,Prebieha,4097,2.523798,110,,0.094,2.684891,305,7.444472,0.033902,99,,,,0.104444,,,,,,,,,,,,,,,,,
2026-05-16,2026-05-16,"FilipZ | Traffic | Page likes",inactive,"1-day click",,,,,,0,0,,,,,"Using ad set budget",0,0,Prebieha,0,0,,,,,0,0,0,,,,,,,,,,,,,,,,,,,,,,
2026-05-15,2026-05-15,"(H) Promo postu",inactive,"7-day click or 1-day view",,,,,,0,0,,,,,"Using ad set budget",0,0,2026-06-29,0,0,,,,,0,0,0,,,,,,,,,,,,,,,,,,,,,,
2026-05-15,2026-05-15,"(H) Konverze",active,"7-day click, 1-day view, or 1-day engaged-view",,,,,,0,0,,,,,"Using ad set budget",0,0,Prebieha,0,0,,,,,0,0,0,,,,,,,,,,,,,,,,,,,,,,
2026-05-15,2026-05-15,"Filip | Sales | RMKT",inactive,"7-day click or 1-day engaged-view",,,,,,0,0,,,,,"Using ad set budget",0,0,Prebieha,0,0,,,,,0,0,0,,,,,,,,,,,,,,,,,,,,,,
2026-05-15,2026-05-15,"FilipZ | Sales | TOF",inactive,"Multiple attribution settings",1,1,1,1,actions:offsite_conversion.fb_pixel_purchase,2766,1.442516,23.77,,23.77,23.77,"Using ad set budget",0,23.77,Prebieha,3990,5.957393,77,,0.308701,1.929825,162,4.06015,0.146728,50,,,,0.4754,,,,44.89,112.56,44.89,44.89,1,1,1,1,44.89,112.56,44.89,44.89,,
2026-05-15,2026-05-15,"FilipZ | Traffic | LPV",inactive,"7-day click or 1-day view",107,,,,actions:omni_landing_page_view,3228,1.052354,0.09102804,,,,"Using ad set budget",0,9.74,Prebieha,3397,2.867236,136,,0.071618,4.003533,327,9.626141,0.029786,107,,,,0.091028,,,,,,,,,,,,,,,,,
2026-05-15,2026-05-15,"FilipZ | Traffic | Page likes",inactive,"1-day click",,,,,,0,0,,,,,"Using ad set budget",0,0,Prebieha,0,0,,,,,0,0,0,,,,,,,,,,,,,,,,,,,,,,
2026-05-14,2026-05-14,"(H) Promo postu",inactive,"7-day click or 1-day view",,,,,,0,0,,,,,"Using ad set budget",0,0,2026-06-29,0,0,,,,,0,0,0,,,,,,,,,,,,,,,,,,,,,,
2026-05-14,2026-05-14,"(H) Konverze",active,"7-day click, 1-day view, or 1-day engaged-view",,,,,,0,0,,,,,"Using ad set budget",0,0,Prebieha,0,0,,,,,0,0,0,,,,,,,,,,,,,,,,,,,,,,
2026-05-14,2026-05-14,"Filip | Sales | RMKT",inactive,"7-day click or 1-day engaged-view",,,,,,0,0,,,,,"Using ad set budget",0,0,Prebieha,0,0,,,,,0,0,0,,,,,,,,,,,,,,,,,,,,,,
2026-05-14,2026-05-14,"FilipZ | Sales | TOF",inactive,"Multiple attribution settings",1,,1,1,actions:offsite_conversion.fb_pixel_purchase,2264,1.446996,19.82,,19.82,19.82,"Using ad set budget",0,19.82,Prebieha,3276,6.050061,65,,0.304923,1.984127,195,5.952381,0.101641,36,,,,0.550556,,,,49.89,,49.89,49.89,1,,1,1,49.89,,49.89,49.89,,
2026-05-14,2026-05-14,"FilipZ | Traffic | LPV",inactive,"7-day click or 1-day view",111,,,,actions:omni_landing_page_view,3775,1.049272,0.09342342,,,,"Using ad set budget",0,10.37,Prebieha,3961,2.618026,131,,0.07916,3.307246,355,8.962383,0.029211,111,,,,0.093423,,,,,,,,,,,,,,,,,
2026-05-14,2026-05-14,"FilipZ | Traffic | Page likes",inactive,"1-day click",,,,,,0,0,,,,,"Using ad set budget",0,0,Prebieha,0,0,,,,,0,0,0,,,,,,,,,,,,,,,,,,,,,,
2026-05-13,2026-05-13,"(H) Promo postu",inactive,"7-day click or 1-day view",,,,,,0,0,,,,,"Using ad set budget",0,0,2026-06-29,0,0,,,,,0,0,0,,,,,,,,,,,,,,,,,,,,,,
2026-05-13,2026-05-13,"(H) Konverze",active,"7-day click, 1-day view, or 1-day engaged-view",,,,,,0,0,,,,,"Using ad set budget",0,0,Prebieha,0,0,,,,,0,0,0,,,,,,,,,,,,,,,,,,,,,,
2026-05-13,2026-05-13,"Filip | Sales | RMKT",inactive,"7-day click or 1-day engaged-view",,,,,,0,0,,,,,"Using ad set budget",0,0,Prebieha,0,0,,,,,0,0,0,,,,,,,,,,,,,,,,,,,,,,
2026-05-13,2026-05-13,"FilipZ | Sales | TOF",inactive,"Multiple attribution settings",2,1,1,2,actions:offsite_conversion.fb_pixel_purchase,2569,1.39782,12.195,,24.39,12.195,"Using ad set budget",0,24.39,Prebieha,3591,6.79198,61,,0.399836,1.698691,172,4.789752,0.141802,37,,,,0.659189,,,,94.78,49.89,44.89,94.78,2,1,1,2,94.78,49.89,44.89,94.78,,
2026-05-13,2026-05-13,"FilipZ | Traffic | LPV",inactive,"7-day click or 1-day view",107,,,,actions:omni_landing_page_view,3701,1.044312,0.08551402,,,,"Using ad set budget",0,9.15,Prebieha,3865,2.3674,139,,0.065827,3.596378,363,9.391979,0.025207,107,,,,0.085514,,,,,,,,,,,,,,,,,
2026-05-13,2026-05-13,"FilipZ | Traffic | Page likes",inactive,"1-day click",,,,,,0,0,,,,,"Using ad set budget",0,0,Prebieha,0,0,,,,,0,0,0,,,,,,,,,,,,,,,,,,,,,,
2026-05-12,2026-05-12,"(H) Promo postu",inactive,"7-day click or 1-day view",,,,,,0,0,,,,,"Using ad set budget",0,0,2026-06-29,0,0,,,,,0,0,0,,,,,,,,,,,,,,,,,,,,,,
2026-05-12,2026-05-12,"(H) Konverze",active,"7-day click, 1-day view, or 1-day engaged-view",,,,,,0,0,,,,,"Using ad set budget",0,0,Prebieha,0,0,,,,,0,0,0,,,,,,,,,,,,,,,,,,,,,,
2026-05-12,2026-05-12,"Filip | Sales | RMKT",inactive,"7-day click or 1-day engaged-view",,,,,,0,0,,,,,"Using ad set budget",0,0,Prebieha,0,0,,,,,0,0,0,,,,,,,,,,,,,,,,,,,,,,
2026-05-12,2026-05-12,"FilipZ | Sales | TOF",inactive,"Multiple attribution settings",1,,1,1,actions:offsite_conversion.fb_pixel_purchase,3574,1.372692,27.58,,27.58,27.58,"Using ad set budget",0,27.58,Prebieha,4906,5.621688,108,,0.25537,2.201386,234,4.76967,0.117863,60,,,,0.459667,,,,49.89,,49.89,49.89,1,,1,1,49.89,,49.89,49.89,,
2026-05-12,2026-05-12,"FilipZ | Traffic | LPV",inactive,"7-day click or 1-day view",134,,,,actions:omni_landing_page_view,4210,1.009976,0.07753731,,,,"Using ad set budget",0,10.39,Prebieha,4252,2.443556,171,,0.06076,4.021637,360,8.466604,0.028861,134,,,,0.077537,,,,,,,,,,,,,,,,,
2026-05-12,2026-05-12,"FilipZ | Traffic | Page likes",inactive,"1-day click",,,,,,0,0,,,,,"Using ad set budget",0,0,Prebieha,0,0,,,,,0,0,0,,,,,,,,,,,,,,,,,,,,,,
2026-05-11,2026-05-11,"(H) Promo postu",inactive,"7-day click or 1-day view",,,,,,0,0,,,,,"Using ad set budget",0,0,2026-06-29,0,0,,,,,0,0,0,,,,,,,,,,,,,,,,,,,,,,
2026-05-11,2026-05-11,"(H) Konverze",active,"7-day click, 1-day view, or 1-day engaged-view",,,,,,0,0,,,,,"Using ad set budget",0,0,Prebieha,0,0,,,,,0,0,0,,,,,,,,,,,,,,,,,,,,,,
2026-05-11,2026-05-11,"Filip | Sales | RMKT",inactive,"7-day click or 1-day engaged-view",,,,,,0,0,,,,,"Using ad set budget",0,0,Prebieha,0,0,,,,,0,0,0,,,,,,,,,,,,,,,,,,,,,,
2026-05-11,2026-05-11,"FilipZ | Sales | TOF",inactive,"Multiple attribution settings",2,1,2,2,actions:offsite_conversion.fb_pixel_purchase,3005,1.384027,12.38,,12.38,12.38,"Using ad set budget",0,24.76,Prebieha,4159,5.953354,72,,0.343889,1.731185,186,4.472229,0.133118,42,,,,0.589524,,,,163.02,49.89,163.02,163.02,2,1,2,2,163.02,49.89,163.02,163.02,,
2026-05-11,2026-05-11,"FilipZ | Traffic | LPV",inactive,"7-day click or 1-day view",123,,,,actions:omni_landing_page_view,3864,1.083592,0.07317073,,,,"Using ad set budget",0,9,Prebieha,4187,2.14951,156,,0.057692,3.725818,339,8.096489,0.026549,123,,,,0.073171,,,,,,,,,,,,,,,,,
2026-05-11,2026-05-11,"FilipZ | Traffic | Page likes",inactive,"1-day click",,,,,,0,0,,,,,"Using ad set budget",0,0,Prebieha,0,0,,,,,0,0,0,,,,,,,,,,,,,,,,,,,,,,
2026-05-10,2026-05-10,"(H) Promo postu",inactive,"7-day click or 1-day view",,,,,,0,0,,,,,"Using ad set budget",0,0,2026-06-29,0,0,,,,,0,0,0,,,,,,,,,,,,,,,,,,,,,,
2026-05-10,2026-05-10,"(H) Konverze",active,"7-day click, 1-day view, or 1-day engaged-view",,,,,,0,0,,,,,"Using ad set budget",0,0,Prebieha,0,0,,,,,0,0,0,,,,,,,,,,,,,,,,,,,,,,
2026-05-10,2026-05-10,"Filip | Sales | RMKT",inactive,"7-day click or 1-day engaged-view",,,,,,0,0,,,,,"Using ad set budget",0,0,Prebieha,0,0,,,,,0,0,0,,,,,,,,,,,,,,,,,,,,,,
2026-05-10,2026-05-10,"FilipZ | Sales | TOF",inactive,"Multiple attribution settings",,,,,,4171,1.242628,,,,,"Using ad set budget",0,33.02,Prebieha,5183,6.370828,152,,0.217237,2.932664,353,6.810727,0.093541,87,,,,0.37954,,,,,,,,,,,,,,,,,
2026-05-10,2026-05-10,"FilipZ | Traffic | LPV",inactive,"7-day click or 1-day view",168,,,,actions:omni_landing_page_view,4623,1.075059,0.06529762,,,,"Using ad set budget",0,10.97,Prebieha,4970,2.207243,204,,0.053775,4.104628,371,7.464789,0.029569,168,,,,0.065298,,,,,,,,,,,,,,,,,
2026-05-10,2026-05-10,"FilipZ | Traffic | Page likes",inactive,"1-day click",,,,,,0,0,,,,,"Using ad set budget",0,0,Prebieha,0,0,,,,,0,0,0,,,,,,,,,,,,,,,,,,,,,,
2026-05-09,2026-05-09,"(H) Promo postu",inactive,"7-day click or 1-day view",,,,,,0,0,,,,,"Using ad set budget",0,0,2026-06-29,0,0,,,,,0,0,0,,,,,,,,,,,,,,,,,,,,,,
2026-05-09,2026-05-09,"(H) Konverze",active,"7-day click, 1-day view, or 1-day engaged-view",,,,,,0,0,,,,,"Using ad set budget",0,0,Prebieha,0,0,,,,,0,0,0,,,,,,,,,,,,,,,,,,,,,,
2026-05-09,2026-05-09,"Filip | Sales | RMKT",inactive,"7-day click or 1-day engaged-view",,,,,,0,0,,,,,"Using ad set budget",0,0,Prebieha,0,0,,,,,0,0,0,,,,,,,,,,,,,,,,,,,,,,
2026-05-09,2026-05-09,"FilipZ | Sales | TOF",inactive,"Multiple attribution settings",1,,,1,actions:offsite_conversion.fb_pixel_purchase,3859,1.319254,29.63,,,29.63,"Using ad set budget",0,29.63,Prebieha,5091,5.820075,75,,0.395067,1.473188,190,3.732076,0.155947,43,,,,0.68907,,,,113.13,,,113.13,1,,,1,113.13,,,113.13,,
2026-05-09,2026-05-09,"FilipZ | Traffic | LPV",inactive,"7-day click or 1-day view",102,,,,actions:omni_landing_page_view,3407,1.077194,0.08098039,,,,"Using ad set budget",0,8.26,Prebieha,3670,2.250681,126,,0.065556,3.433243,259,7.057221,0.031892,102,,,,0.08098,,,,,,,,,,,,,,,,,
2026-05-09,2026-05-09,"FilipZ | Traffic | Page likes",inactive,"1-day click",,,,,,0,0,,,,,"Using ad set budget",0,0,Prebieha,0,0,,,,,0,0,0,,,,,,,,,,,,,,,,,,,,,,
2026-05-08,2026-05-08,"(H) Promo postu",inactive,"7-day click or 1-day view",,,,,,0,0,,,,,"Using ad set budget",0,0,2026-06-29,0,0,,,,,0,0,0,,,,,,,,,,,,,,,,,,,,,,
2026-05-08,2026-05-08,"(H) Konverze",active,"7-day click, 1-day view, or 1-day engaged-view",,,,,,0,0,,,,,"Using ad set budget",0,0,Prebieha,0,0,,,,,0,0,0,,,,,,,,,,,,,,,,,,,,,,
2026-05-08,2026-05-08,"Filip | Sales | RMKT",inactive,"7-day click or 1-day engaged-view",,,,,,0,0,,,,,"Using ad set budget",0,0,Prebieha,0,0,,,,,0,0,0,,,,,,,,,,,,,,,,,,,,,,
2026-05-08,2026-05-08,"FilipZ | Sales | TOF",inactive,"Multiple attribution settings",2,,1,2,actions:offsite_conversion.fb_pixel_purchase,3009,1.519774,12.78,,25.56,12.78,"Using ad set budget",0,25.56,Prebieha,4573,5.589329,40,,0.639,0.874699,71,1.552591,0.36,26,,,,0.983077,,,,176.52,,126.63,176.52,2,,1,2,176.52,,126.63,176.52,,
2026-05-08,2026-05-08,"FilipZ | Traffic | LPV",inactive,"7-day click or 1-day view",147,,,,actions:omni_landing_page_view,4041,1.041079,0.06394558,,,,"Using ad set budget",0,9.4,Prebieha,4207,2.234371,164,,0.057317,3.898265,304,7.226052,0.030921,147,,,,0.063946,,,,,,,,,,,,,,,,,
2026-05-08,2026-05-08,"FilipZ | Traffic | Page likes",inactive,"1-day click",,,,,,0,0,,,,,"Using ad set budget",0,0,Prebieha,0,0,,,,,0,0,0,,,,,,,,,,,,,,,,,,,,,,
2026-05-07,2026-05-07,"(H) Promo postu",inactive,"7-day click or 1-day view",,,,,,0,0,,,,,"Using ad set budget",0,0,2026-06-29,0,0,,,,,0,0,0,,,,,,,,,,,,,,,,,,,,,,
2026-05-07,2026-05-07,"(H) Konverze",active,"7-day click, 1-day view, or 1-day engaged-view",,,,,,0,0,,,,,"Using ad set budget",0,0,Prebieha,0,0,,,,,0,0,0,,,,,,,,,,,,,,,,,,,,,,
2026-05-07,2026-05-07,"Filip | Sales | RMKT",inactive,"7-day click or 1-day engaged-view",,,,,,0,0,,,,,"Using ad set budget",0,0,Prebieha,0,0,,,,,0,0,0,,,,,,,,,,,,,,,,,,,,,,
2026-05-07,2026-05-07,"FilipZ | Sales | TOF",inactive,"Multiple attribution settings",1,,,1,actions:offsite_conversion.fb_pixel_purchase,2059,1.649344,18.44,,,18.44,"Using ad set budget",0,18.44,Prebieha,3396,5.429918,37,,0.498378,1.089517,76,2.237927,0.242632,22,,,,0.838182,,,,44.89,,,44.89,1,,,1,44.89,,,44.89,,
2026-05-07,2026-05-07,"FilipZ | Traffic | LPV",inactive,"7-day click or 1-day view",148,,,,actions:omni_landing_page_view,3849,1.064432,0.06472973,,,,"Using ad set budget",0,9.58,Prebieha,4097,2.338296,180,,0.053222,4.393459,362,8.835733,0.026464,148,,,,0.06473,,,,,,,,,,,,,,,,,
2026-05-07,2026-05-07,"FilipZ | Traffic | Page likes",inactive,"1-day click",,,,,,0,0,,,,,"Using ad set budget",0,0,Prebieha,0,0,,,,,0,0,0,,,,,,,,,,,,,,,,,,,,,,
2026-05-06,2026-05-06,"(H) Promo postu",inactive,"7-day click or 1-day view",,,,,,0,0,,,,,"Using ad set budget",0,0,2026-06-29,0,0,,,,,0,0,0,,,,,,,,,,,,,,,,,,,,,,
2026-05-06,2026-05-06,"(H) Konverze",active,"7-day click, 1-day view, or 1-day engaged-view",,,,,,0,0,,,,,"Using ad set budget",0,0,Prebieha,0,0,,,,,0,0,0,,,,,,,,,,,,,,,,,,,,,,
2026-05-06,2026-05-06,"Filip | Sales | RMKT",inactive,"7-day click or 1-day engaged-view",,,,,,0,0,,,,,"Using ad set budget",0,0,Prebieha,0,0,,,,,0,0,0,,,,,,,,,,,,,,,,,,,,,,
2026-05-06,2026-05-06,"FilipZ | Sales | TOF",inactive,"Multiple attribution settings",3,2,2,3,actions:offsite_conversion.fb_pixel_purchase,2762,1.773715,10.30666667,,15.46,10.30666667,"Using ad set budget",0,30.92,Prebieha,4899,6.311492,60,,0.515333,1.22474,125,2.551541,0.24736,38,,,,0.813684,,,,180.42,94.78,130.53,180.42,3,2,2,3,180.42,94.78,130.53,180.42,,
2026-05-06,2026-05-06,"FilipZ | Traffic | LPV",inactive,"7-day click or 1-day view",142,,,,actions:omni_landing_page_view,3864,1.071687,0.07323944,,,,"Using ad set budget",0,10.4,Prebieha,4141,2.511471,165,,0.06303,3.984545,339,8.186428,0.030678,142,,,,0.073239,,,,,,,,,,,,,,,,,
2026-05-06,2026-05-06,"FilipZ | Traffic | Page likes",inactive,"1-day click",,,,,,0,0,,,,,"Using ad set budget",0,0,Prebieha,0,0,,,,,0,0,0,,,,,,,,,,,,,,,,,,,,,,
2026-05-05,2026-05-05,"(H) Promo postu",inactive,"7-day click or 1-day view",,,,,,0,0,,,,,"Using ad set budget",0,0,2026-06-29,0,0,,,,,0,0,0,,,,,,,,,,,,,,,,,,,,,,
2026-05-05,2026-05-05,"(H) Konverze",active,"7-day click, 1-day view, or 1-day engaged-view",,,,,,0,0,,,,,"Using ad set budget",0,0,Prebieha,0,0,,,,,0,0,0,,,,,,,,,,,,,,,,,,,,,,
2026-05-05,2026-05-05,"Filip | Sales | RMKT",inactive,"7-day click or 1-day engaged-view",,,,,,0,0,,,,,"Using ad set budget",0,0,Prebieha,0,0,,,,,0,0,0,,,,,,,,,,,,,,,,,,,,,,
2026-05-05,2026-05-05,"FilipZ | Sales | TOF",inactive,"Multiple attribution settings",2,2,2,2,actions:offsite_conversion.fb_pixel_purchase,3289,1.91426,18.57,,18.57,18.57,"Using ad set budget",0,37.14,Prebieha,6296,5.898983,74,,0.501892,1.175349,160,2.541296,0.232125,54,,,,0.687778,,,,253.26,99.89,253.26,253.26,2,2,2,2,253.26,99.89,253.26,253.26,,
2026-05-05,2026-05-05,"FilipZ | Traffic | LPV",inactive,"7-day click or 1-day view",169,,,,actions:omni_landing_page_view,3946,1.051951,0.06142012,,,,"Using ad set budget",0,10.38,Prebieha,4151,2.500602,197,,0.05269,4.745844,416,10.021682,0.024952,169,,,,0.06142,,,,,,,,,,,,,,,,,
2026-05-05,2026-05-05,"FilipZ | Traffic | Page likes",inactive,"1-day click",,,,,,0,0,,,,,"Using ad set budget",0,0,Prebieha,0,0,,,,,0,0,0,,,,,,,,,,,,,,,,,,,,,,
2026-05-04,2026-05-04,"(H) Promo postu",inactive,"7-day click or 1-day view",,,,,,0,0,,,,,"Using ad set budget",0,0,2026-06-29,0,0,,,,,0,0,0,,,,,,,,,,,,,,,,,,,,,,
2026-05-04,2026-05-04,"(H) Konverze",active,"7-day click, 1-day view, or 1-day engaged-view",,,,,,0,0,,,,,"Using ad set budget",0,0,Prebieha,0,0,,,,,0,0,0,,,,,,,,,,,,,,,,,,,,,,
2026-05-04,2026-05-04,"Filip | Sales | RMKT",inactive,"7-day click or 1-day engaged-view",,,,,,0,0,,,,,"Using ad set budget",0,0,Prebieha,0,0,,,,,0,0,0,,,,,,,,,,,,,,,,,,,,,,
2026-05-04,2026-05-04,"FilipZ | Sales | TOF",inactive,"Multiple attribution settings",4,2,4,4,actions:offsite_conversion.fb_pixel_purchase,3358,1.762359,9.305,,9.305,9.305,"Using ad set budget",0,37.22,Prebieha,5918,6.289287,86,,0.432791,1.453194,190,3.210544,0.195895,65,,,,0.572615,,,,194.56,74.89,194.56,194.56,4,2,4,4,194.56,74.89,194.56,194.56,,
2026-05-04,2026-05-04,"FilipZ | Traffic | LPV",inactive,"7-day click or 1-day view",167,,,,actions:omni_landing_page_view,4753,1.09068,0.06401198,,,,"Using ad set budget",0,10.69,Prebieha,5184,2.062114,212,,0.050425,4.089506,409,7.88966,0.026137,167,,,,0.064012,,,,,,,,,,,,,,,,,
2026-05-04,2026-05-04,"FilipZ | Traffic | Page likes",inactive,"1-day click",,,,,,0,0,,,,,"Using ad set budget",0,0,Prebieha,0,0,,,,,0,0,0,,,,,,,,,,,,,,,,,,,,,,
2026-05-03,2026-05-03,"(H) Promo postu",inactive,"7-day click or 1-day view",,,,,,0,0,,,,,"Using ad set budget",0,0,2026-06-29,0,0,,,,,0,0,0,,,,,,,,,,,,,,,,,,,,,,
2026-05-03,2026-05-03,"(H) Konverze",active,"7-day click, 1-day view, or 1-day engaged-view",,,,,,0,0,,,,,"Using ad set budget",0,0,Prebieha,0,0,,,,,0,0,0,,,,,,,,,,,,,,,,,,,,,,
2026-05-03,2026-05-03,"Filip | Sales | RMKT",inactive,"7-day click or 1-day engaged-view",,,,,,0,0,,,,,"Using ad set budget",0,0,Prebieha,0,0,,,,,0,0,0,,,,,,,,,,,,,,,,,,,,,,
2026-05-03,2026-05-03,"FilipZ | Sales | TOF",inactive,"Multiple attribution settings",3,2,2,3,actions:offsite_conversion.fb_pixel_purchase,3138,1.913639,12.67666667,,19.015,12.67666667,"Using ad set budget",0,38.03,Prebieha,6005,6.333056,79,,0.481392,1.31557,125,2.081599,0.30424,58,,,,0.65569,,,,124.78,74.89,74.89,124.78,3,2,2,3,124.78,74.89,74.89,124.78,,
2026-05-03,2026-05-03,"FilipZ | Traffic | LPV",inactive,"7-day click or 1-day view",166,,,,actions:omni_landing_page_view,5095,1.074387,0.0676506,,,,"Using ad set budget",0,11.23,Prebieha,5474,2.051516,208,,0.05399,3.799781,483,8.823529,0.023251,166,,,,0.067651,,,,,,,,,,,,,,,,,
2026-05-03,2026-05-03,"FilipZ | Traffic | Page likes",inactive,"1-day click",,,,,,0,0,,,,,"Using ad set budget",0,0,Prebieha,0,0,,,,,0,0,0,,,,,,,,,,,,,,,,,,,,,,
2026-05-02,2026-05-02,"(H) Promo postu",inactive,"7-day click or 1-day view",,,,,,0,0,,,,,"Using ad set budget",0,0,2026-06-29,0,0,,,,,0,0,0,,,,,,,,,,,,,,,,,,,,,,
2026-05-02,2026-05-02,"(H) Konverze",active,"7-day click, 1-day view, or 1-day engaged-view",,,,,,0,0,,,,,"Using ad set budget",0,0,Prebieha,0,0,,,,,0,0,0,,,,,,,,,,,,,,,,,,,,,,
2026-05-02,2026-05-02,"Filip | Sales | RMKT",inactive,"7-day click or 1-day engaged-view",,,,,,0,0,,,,,"Using ad set budget",0,0,Prebieha,0,0,,,,,0,0,0,,,,,,,,,,,,,,,,,,,,,,
2026-05-02,2026-05-02,"FilipZ | Sales | TOF",inactive,"Multiple attribution settings",3,,3,3,actions:offsite_conversion.fb_pixel_purchase,4939,1.474995,12.79666667,,12.79666667,12.79666667,"Using ad set budget",0,38.39,Prebieha,7285,5.269732,159,,0.241447,2.182567,600,8.236102,0.063983,80,,,,0.479875,,,,144.67,,144.67,144.67,3,,3,3,144.67,,144.67,144.67,,
2026-05-02,2026-05-02,"FilipZ | Traffic | LPV",inactive,"7-day click or 1-day view",148,,,,actions:omni_landing_page_view,3737,1.027027,0.06675676,,,,"Using ad set budget",0,9.88,Prebieha,3838,2.574257,181,,0.054586,4.715998,337,8.780615,0.029318,148,,,,0.066757,,,,,,,,,,,,,,,,,
2026-05-02,2026-05-02,"FilipZ | Traffic | Page likes",inactive,"1-day click",,,,,,0,0,,,,,"Using ad set budget",0,0,Prebieha,0,0,,,,,0,0,0,,,,,,,,,,,,,,,,,,,,,,
2026-05-01,2026-05-01,"(H) Promo postu",inactive,"7-day click or 1-day view",,,,,,0,0,,,,,"Using ad set budget",0,0,2026-06-29,0,0,,,,,0,0,0,,,,,,,,,,,,,,,,,,,,,,
2026-05-01,2026-05-01,"(H) Konverze",active,"7-day click, 1-day view, or 1-day engaged-view",,,,,,0,0,,,,,"Using ad set budget",0,0,Prebieha,0,0,,,,,0,0,0,,,,,,,,,,,,,,,,,,,,,,
2026-05-01,2026-05-01,"Filip | Sales | RMKT",inactive,"7-day click or 1-day engaged-view",,,,,,0,0,,,,,"Using ad set budget",0,0,Prebieha,0,0,,,,,0,0,0,,,,,,,,,,,,,,,,,,,,,,
2026-05-01,2026-05-01,"FilipZ | Sales | TOF",inactive,"Multiple attribution settings",,1,,,actions:offsite_conversion.fb_pixel_purchase,3709,1.626584,,,,,"Using ad set budget",0,32.24,Prebieha,6033,5.343942,87,,0.370575,1.442069,284,4.707442,0.113521,33,,,,0.97697,,,,,49.89,,,,1,,,,49.89,,,,
2026-05-01,2026-05-01,"FilipZ | Traffic | LPV",inactive,"7-day click or 1-day view",164,,,,actions:omni_landing_page_view,3604,1.058269,0.05853659,,,,"Using ad set budget",0,9.6,Prebieha,3814,2.517042,191,,0.050262,5.007866,350,9.176717,0.027429,164,,,,0.058537,,,,,,,,,,,,,,,,,
2026-05-01,2026-05-01,"FilipZ | Traffic | Page likes",inactive,"1-day click",,,,,,0,0,,,,,"Using ad set budget",0,0,Prebieha,0,0,,,,,0,0,0,,,,,,,,,,,,,,,,,,,,,,
2026-04-30,2026-04-30,"(H) Promo postu",inactive,"7-day click or 1-day view",,,,,,0,0,,,,,"Using ad set budget",0,0,2026-06-29,0,0,,,,,0,0,0,,,,,,,,,,,,,,,,,,,,,,
2026-04-30,2026-04-30,"(H) Konverze",active,"7-day click, 1-day view, or 1-day engaged-view",,,,,,0,0,,,,,"Using ad set budget",0,0,Prebieha,0,0,,,,,0,0,0,,,,,,,,,,,,,,,,,,,,,,
2026-04-30,2026-04-30,"Filip | Sales | RMKT",inactive,"7-day click or 1-day engaged-view",,,,,,0,0,,,,,"Using ad set budget",0,0,Prebieha,0,0,,,,,0,0,0,,,,,,,,,,,,,,,,,,,,,,
2026-04-30,2026-04-30,"FilipZ | Sales | TOF",inactive,"Multiple attribution settings",2,,1,2,actions:offsite_conversion.fb_pixel_purchase,3456,1.69213,16.38,,32.76,16.38,"Using ad set budget",0,32.76,Prebieha,5848,5.601915,90,,0.364,1.538988,309,5.283858,0.106019,42,,,,0.78,,,,138.13,,25,138.13,2,,1,2,138.13,,25,138.13,,
2026-04-30,2026-04-30,"FilipZ | Traffic | LPV",inactive,"7-day click or 1-day view",136,,,,actions:omni_landing_page_view,3877,1.068868,0.07227941,,,,"Using ad set budget",0,9.83,Prebieha,4144,2.372104,161,,0.061056,3.885135,294,7.094595,0.033435,136,,,,0.072279,,,,,,,,,,,,,,,,,
2026-04-30,2026-04-30,"FilipZ | Traffic | Page likes",inactive,"1-day click",,,,,,0,0,,,,,"Using ad set budget",0,0,Prebieha,0,0,,,,,0,0,0,,,,,,,,,,,,,,,,,,,,,,
2026-04-29,2026-04-29,"(H) Promo postu",inactive,"7-day click or 1-day view",,,,,,0,0,,,,,"Using ad set budget",0,0,2026-06-29,0,0,,,,,0,0,0,,,,,,,,,,,,,,,,,,,,,,
2026-04-29,2026-04-29,"(H) Konverze",active,"7-day click, 1-day view, or 1-day engaged-view",,,,,,0,0,,,,,"Using ad set budget",0,0,Prebieha,0,0,,,,,0,0,0,,,,,,,,,,,,,,,,,,,,,,
2026-04-29,2026-04-29,"Filip | Sales | RMKT",inactive,"7-day click or 1-day engaged-view",,,,,,0,0,,,,,"Using ad set budget",0,0,Prebieha,0,0,,,,,0,0,0,,,,,,,,,,,,,,,,,,,,,,
2026-04-29,2026-04-29,"FilipZ | Sales | TOF",inactive,"Multiple attribution settings",1,,1,1,actions:offsite_conversion.fb_pixel_purchase,2764,1.799204,30.12,,30.12,30.12,"Using ad set budget",0,30.12,Prebieha,4973,6.056706,76,,0.396316,1.528253,141,2.835311,0.213617,42,,,,0.717143,,,,49.89,,49.89,49.89,1,,1,1,49.89,,49.89,49.89,,
2026-04-29,2026-04-29,"FilipZ | Traffic | LPV",inactive,"7-day click or 1-day view",172,,,,actions:omni_landing_page_view,4051,1.030857,0.05825581,,,,"Using ad set budget",0,10.02,Prebieha,4176,2.399425,191,,0.052461,4.573755,357,8.548851,0.028067,172,,,,0.058256,,,,,,,,,,,,,,,,,
2026-04-29,2026-04-29,"FilipZ | Traffic | Page likes",inactive,"1-day click",,,,,,0,0,,,,,"Using ad set budget",0,0,Prebieha,0,0,,,,,0,0,0,,,,,,,,,,,,,,,,,,,,,,
2026-04-28,2026-04-28,"(H) Promo postu",inactive,"7-day click or 1-day view",,,,,,0,0,,,,,"Using ad set budget",0,0,2026-06-29,0,0,,,,,0,0,0,,,,,,,,,,,,,,,,,,,,,,
2026-04-28,2026-04-28,"(H) Konverze",active,"7-day click, 1-day view, or 1-day engaged-view",,,,,,0,0,,,,,"Using ad set budget",0,0,Prebieha,0,0,,,,,0,0,0,,,,,,,,,,,,,,,,,,,,,,
2026-04-28,2026-04-28,"Filip | Sales | RMKT",inactive,"7-day click or 1-day engaged-view",,,,,,0,0,,,,,"Using ad set budget",0,0,Prebieha,0,0,,,,,0,0,0,,,,,,,,,,,,,,,,,,,,,,
2026-04-28,2026-04-28,"FilipZ | Sales | TOF",inactive,"Multiple attribution settings",3,2,3,3,actions:offsite_conversion.fb_pixel_purchase,2923,1.846733,12.06,,12.06,12.06,"Using ad set budget",0,36.18,Prebieha,5398,6.702482,79,,0.457975,1.463505,162,3.001112,0.223333,48,,,,0.75375,,,,149.67,253.26,149.67,149.67,3,2,3,3,149.67,253.26,149.67,149.67,,
2026-04-28,2026-04-28,"FilipZ | Traffic | LPV",inactive,"7-day click or 1-day view",154,,,,actions:omni_landing_page_view,4054,1.033054,0.06785714,,,,"Using ad set budget",0,10.45,Prebieha,4188,2.495224,181,,0.057735,4.321872,410,9.789876,0.025488,154,,,,0.067857,,,,,,,,,,,,,,,,,
2026-04-28,2026-04-28,"FilipZ | Traffic | Page likes",inactive,"1-day click",,,,,,0,0,,,,,"Using ad set budget",0,0,Prebieha,0,0,,,,,0,0,0,,,,,,,,,,,,,,,,,,,,,,
2026-04-27,2026-04-27,"(H) Promo postu",inactive,"7-day click or 1-day view",,,,,,0,0,,,,,"Using ad set budget",0,0,2026-06-29,0,0,,,,,0,0,0,,,,,,,,,,,,,,,,,,,,,,
2026-04-27,2026-04-27,"(H) Konverze",active,"7-day click, 1-day view, or 1-day engaged-view",,,,,,0,0,,,,,"Using ad set budget",0,0,Prebieha,0,0,,,,,0,0,0,,,,,,,,,,,,,,,,,,,,,,
2026-04-27,2026-04-27,"Filip | Sales | RMKT",inactive,"7-day click or 1-day engaged-view",,,,,,0,0,,,,,"Using ad set budget",0,0,Prebieha,0,0,,,,,0,0,0,,,,,,,,,,,,,,,,,,,,,,
2026-04-27,2026-04-27,"FilipZ | Sales | TOF",inactive,"Multiple attribution settings",5,2,3,5,actions:offsite_conversion.fb_pixel_purchase,3837,1.659891,7.804,,13.00666667,7.804,"Using ad set budget",0,39.02,Prebieha,6369,6.12655,127,,0.307244,1.994034,417,6.547339,0.093573,80,,,,0.48775,,,,242.17,167.02,124.78,242.17,5,2,3,5,242.17,167.02,124.78,242.17,,
2026-04-27,2026-04-27,"FilipZ | Traffic | LPV",inactive,"7-day click or 1-day view",145,,,,actions:omni_landing_page_view,3968,1.041583,0.07262069,,,,"Using ad set budget",0,10.53,Prebieha,4133,2.547786,186,,0.056613,4.500363,367,8.879748,0.028692,145,,,,0.072621,,,,,,,,,,,,,,,,,
2026-04-27,2026-04-27,"FilipZ | Traffic | Page likes",inactive,"1-day click",,,,,,0,0,,,,,"Using ad set budget",0,0,Prebieha,0,0,,,,,0,0,0,,,,,,,,,,,,,,,,,,,,,,
2026-04-26,2026-04-26,"(H) Promo postu",inactive,"7-day click or 1-day view",,,,,,0,0,,,,,"Using ad set budget",0,0,2026-06-29,0,0,,,,,0,0,0,,,,,,,,,,,,,,,,,,,,,,
2026-04-26,2026-04-26,"(H) Konverze",active,"7-day click, 1-day view, or 1-day engaged-view",,,,,,0,0,,,,,"Using ad set budget",0,0,Prebieha,0,0,,,,,0,0,0,,,,,,,,,,,,,,,,,,,,,,
2026-04-26,2026-04-26,"Filip | Sales | RMKT",inactive,"7-day click or 1-day engaged-view",,,,,,0,0,,,,,"Using ad set budget",0,0,Prebieha,0,0,,,,,0,0,0,,,,,,,,,,,,,,,,,,,,,,
2026-04-26,2026-04-26,"FilipZ | Sales | TOF",inactive,"Multiple attribution settings",1,1,1,1,actions:offsite_conversion.fb_pixel_purchase,3501,1.442445,35.77,,35.77,35.77,"Using ad set budget",0,35.77,Prebieha,5050,7.083168,154,,0.232273,3.049505,321,6.356436,0.111433,81,,,,0.441605,,,,49.89,50,49.89,49.89,1,1,1,1,49.89,50,49.89,49.89,,
2026-04-26,2026-04-26,"FilipZ | Traffic | LPV",inactive,"7-day click or 1-day view",148,,,,actions:omni_landing_page_view,3970,1.104786,0.06533784,,,,"Using ad set budget",0,9.67,Prebieha,4386,2.204742,176,,0.054943,4.012768,436,9.94072,0.022179,148,,,,0.065338,,,,,,,,,,,,,,,,,
2026-04-26,2026-04-26,"FilipZ | Traffic | Page likes",inactive,"1-day click",,,,,,0,0,,,,,"Using ad set budget",0,0,Prebieha,0,0,,,,,0,0,0,,,,,,,,,,,,,,,,,,,,,,
2026-04-25,2026-04-25,"(H) Promo postu",inactive,"7-day click or 1-day view",,,,,,0,0,,,,,"Using ad set budget",0,0,2026-06-29,0,0,,,,,0,0,0,,,,,,,,,,,,,,,,,,,,,,
2026-04-25,2026-04-25,"(H) Konverze",active,"7-day click, 1-day view, or 1-day engaged-view",,,,,,0,0,,,,,"Using ad set budget",0,0,Prebieha,0,0,,,,,0,0,0,,,,,,,,,,,,,,,,,,,,,,
2026-04-25,2026-04-25,"Filip | Sales | RMKT",inactive,"7-day click or 1-day engaged-view",,,,,,0,0,,,,,"Using ad set budget",0,0,Prebieha,0,0,,,,,0,0,0,,,,,,,,,,,,,,,,,,,,,,
2026-04-25,2026-04-25,"FilipZ | Sales | TOF",inactive,"Multiple attribution settings",,,,,,2198,1.66333,,,,,"Using ad set budget",0,27.13,Prebieha,3656,7.420678,79,,0.343418,2.160832,198,5.415755,0.13702,40,,,,0.67825,,,,,,,,,,,,,,,,,
2026-04-25,2026-04-25,"FilipZ | Traffic | LPV",inactive,"7-day click or 1-day view",145,,,,actions:omni_landing_page_view,3431,1.102885,0.064,,,,"Using ad set budget",0,9.28,Prebieha,3784,2.452431,150,,0.061867,3.964059,330,8.72093,0.028121,145,,,,0.064,,,,,,,,,,,,,,,,,
2026-04-25,2026-04-25,"FilipZ | Traffic | Page likes",inactive,"1-day click",,,,,,0,0,,,,,"Using ad set budget",0,0,Prebieha,0,0,,,,,0,0,0,,,,,,,,,,,,,,,,,,,,,,
2026-04-24,2026-04-24,"(H) Promo postu",inactive,"7-day click or 1-day view",,,,,,0,0,,,,,"Using ad set budget",0,0,2026-06-29,0,0,,,,,0,0,0,,,,,,,,,,,,,,,,,,,,,,
2026-04-24,2026-04-24,"(H) Konverze",active,"7-day click, 1-day view, or 1-day engaged-view",,,,,,0,0,,,,,"Using ad set budget",0,0,Prebieha,0,0,,,,,0,0,0,,,,,,,,,,,,,,,,,,,,,,
2026-04-24,2026-04-24,"Filip | Sales | RMKT",inactive,"7-day click or 1-day engaged-view",,,,,,0,0,,,,,"Using ad set budget",0,0,Prebieha,0,0,,,,,0,0,0,,,,,,,,,,,,,,,,,,,,,,
2026-04-24,2026-04-24,"FilipZ | Sales | TOF",inactive,"Multiple attribution settings",4,,4,4,actions:offsite_conversion.fb_pixel_purchase,3069,1.674161,8.465,,8.465,8.465,"Using ad set budget",0,33.86,Prebieha,5138,6.590113,59,,0.573898,1.148307,99,1.92682,0.34202,39,,,,0.868205,,,,216.57,,216.57,216.57,4,,4,4,216.57,,216.57,216.57,,
2026-04-24,2026-04-24,"FilipZ | Traffic | LPV",inactive,"7-day click or 1-day view",93,,,,actions:omni_landing_page_view,4006,1.097604,0.11623656,,,,"Using ad set budget",0,10.81,Prebieha,4397,2.458494,122,,0.088607,2.774619,425,9.665681,0.025435,93,,,,0.116237,,,,,,,,,,,,,,,,,
2026-04-24,2026-04-24,"FilipZ | Traffic | Page likes",inactive,"1-day click",,,,,,0,0,,,,,"Using ad set budget",0,0,Prebieha,0,0,,,,,0,0,0,,,,,,,,,,,,,,,,,,,,,,
2026-04-23,2026-04-23,"(H) Promo postu",inactive,"7-day click or 1-day view",,,,,,0,0,,,,,"Using ad set budget",0,0,2026-06-29,0,0,,,,,0,0,0,,,,,,,,,,,,,,,,,,,,,,
2026-04-23,2026-04-23,"(H) Konverze",active,"7-day click, 1-day view, or 1-day engaged-view",,,,,,0,0,,,,,"Using ad set budget",0,0,Prebieha,0,0,,,,,0,0,0,,,,,,,,,,,,,,,,,,,,,,
2026-04-23,2026-04-23,"Filip | Sales | RMKT",inactive,"7-day click or 1-day engaged-view",,,,,,0,0,,,,,"Using ad set budget",0,0,Prebieha,0,0,,,,,0,0,0,,,,,,,,,,,,,,,,,,,,,,
2026-04-23,2026-04-23,"FilipZ | Sales | TOF",inactive,"Multiple attribution settings",9,3,8,9,actions:offsite_conversion.fb_pixel_purchase,4199,1.646344,4.82555556,,5.42875,4.82555556,"Using ad set budget",0,43.43,Prebieha,6913,6.282367,100,,0.4343,1.44655,196,2.835238,0.221582,60,,,,0.723833,,,,434.34,149.78,384.45,434.34,9,3,8,9,434.34,149.78,384.45,434.34,,
2026-04-23,2026-04-23,"FilipZ | Traffic | LPV",inactive,"7-day click or 1-day view",79,,,,actions:omni_landing_page_view,3264,1.066483,0.10316456,,,,"Using ad set budget",0,8.15,Prebieha,3481,2.341281,142,,0.057394,4.079288,369,10.600402,0.022087,79,,,,0.103165,,,,,,,,,,,,,,,,,
2026-04-23,2026-04-23,"FilipZ | Traffic | Page likes",inactive,"1-day click",,,,,,0,0,,,,,"Using ad set budget",0,0,Prebieha,0,0,,,,,0,0,0,,,,,,,,,,,,,,,,,,,,,,
2026-04-22,2026-04-22,"(H) Promo postu",inactive,"7-day click or 1-day view",,,,,,0,0,,,,,"Using ad set budget",0,0,2026-06-29,0,0,,,,,0,0,0,,,,,,,,,,,,,,,,,,,,,,
2026-04-22,2026-04-22,"(H) Konverze",active,"7-day click, 1-day view, or 1-day engaged-view",,,,,,0,0,,,,,"Using ad set budget",0,0,Prebieha,0,0,,,,,0,0,0,,,,,,,,,,,,,,,,,,,,,,
2026-04-22,2026-04-22,"Filip | Sales | RMKT",inactive,"7-day click or 1-day engaged-view",,,,,,0,0,,,,,"Using ad set budget",0,0,Prebieha,0,0,,,,,0,0,0,,,,,,,,,,,,,,,,,,,,,,
2026-04-22,2026-04-22,"FilipZ | Sales | TOF",inactive,"Multiple attribution settings",2,1,2,2,actions:offsite_conversion.fb_pixel_purchase,2688,1.911086,15.655,,15.655,15.655,"Using ad set budget",0,31.31,Prebieha,5137,6.094997,89,,0.351798,1.732529,169,3.289858,0.185266,67,,,,0.467313,,,,172.02,49.89,172.02,172.02,2,1,2,2,172.02,49.89,172.02,172.02,,
2026-04-22,2026-04-22,"FilipZ | Traffic | LPV",inactive,"7-day click or 1-day view",82,,,,actions:omni_landing_page_view,4273,1.143225,0.11439024,,,,"Using ad set budget",0,9.38,Prebieha,4885,1.920164,169,,0.055503,3.45957,533,10.910952,0.017599,82,,,,0.11439,,,,,,,,,,,,,,,,,
2026-04-22,2026-04-22,"FilipZ | Traffic | Page likes",inactive,"1-day click",,,,,,0,0,,,,,"Using ad set budget",0,0,Prebieha,0,0,,,,,0,0,0,,,,,,,,,,,,,,,,,,,,,,
2026-04-21,2026-04-21,"(H) Promo postu",inactive,"7-day click or 1-day view",,,,,,0,0,,,,,"Using ad set budget",0,0,2026-06-29,0,0,,,,,0,0,0,,,,,,,,,,,,,,,,,,,,,,
2026-04-21,2026-04-21,"(H) Konverze",active,"7-day click, 1-day view, or 1-day engaged-view",,,,,,0,0,,,,,"Using ad set budget",0,0,Prebieha,0,0,,,,,0,0,0,,,,,,,,,,,,,,,,,,,,,,
2026-04-21,2026-04-21,"Filip | Sales | RMKT",inactive,"7-day click or 1-day engaged-view",,,,,,0,0,,,,,"Using ad set budget",0,0,Prebieha,0,0,,,,,0,0,0,,,,,,,,,,,,,,,,,,,,,,
2026-04-21,2026-04-21,"FilipZ | Sales | TOF",inactive,"Multiple attribution settings",4,,4,4,actions:offsite_conversion.fb_pixel_purchase,3301,1.652227,8.76,,8.76,8.76,"Using ad set budget",0,35.04,Prebieha,5454,6.424642,110,,0.318545,2.016868,244,4.473781,0.143607,82,,,,0.427317,,,,176.5,,176.5,176.5,4,,4,4,176.5,,176.5,176.5,,
2026-04-21,2026-04-21,"FilipZ | Traffic | LPV",inactive,"7-day click or 1-day view",137,,,,actions:omni_landing_page_view,5592,1.099964,0.08963504,,,,"Using ad set budget",0,12.28,Prebieha,6151,1.996423,209,,0.058756,3.397821,615,9.998374,0.019967,137,,,,0.089635,,,,,,,,,,,,,,,,,
2026-04-21,2026-04-21,"FilipZ | Traffic | Page likes",inactive,"1-day click",,,,,,0,0,,,,,"Using ad set budget",0,0,Prebieha,0,0,,,,,0,0,0,,,,,,,,,,,,,,,,,,,,,,
2026-04-20,2026-04-20,"(H) Promo postu",inactive,"7-day click or 1-day view",,,,,,0,0,,,,,"Using ad set budget",0,0,2026-06-29,0,0,,,,,0,0,0,,,,,,,,,,,,,,,,,,,,,,
2026-04-20,2026-04-20,"(H) Konverze",active,"7-day click, 1-day view, or 1-day engaged-view",,,,,,0,0,,,,,"Using ad set budget",0,0,Prebieha,0,0,,,,,0,0,0,,,,,,,,,,,,,,,,,,,,,,
2026-04-20,2026-04-20,"Filip | Sales | RMKT",inactive,"7-day click or 1-day engaged-view",,,,,,0,0,,,,,"Using ad set budget",0,0,Prebieha,0,0,,,,,0,0,0,,,,,,,,,,,,,,,,,,,,,,
2026-04-20,2026-04-20,"FilipZ | Sales | TOF",inactive,"Multiple attribution settings",1,2,1,1,actions:offsite_conversion.fb_pixel_purchase,3099,1.603098,32.48,,32.48,32.48,"Using ad set budget",0,32.48,Prebieha,4968,6.537842,90,,0.360889,1.811594,171,3.442029,0.189942,60,,,,0.541333,,,,44.89,99.78,44.89,44.89,1,2,1,1,44.89,99.78,44.89,44.89,,
2026-04-20,2026-04-20,"FilipZ | Traffic | LPV",inactive,"7-day click or 1-day view",141,,,,actions:omni_landing_page_view,4263,1.068966,0.06496454,,,,"Using ad set budget",0,9.16,Prebieha,4557,2.010094,174,,0.052644,3.818302,410,8.997147,0.022341,141,,,,0.064965,,,,,,,,,,,,,,,,,
2026-04-20,2026-04-20,"FilipZ | Traffic | Page likes",inactive,"1-day click",,,,,,0,0,,,,,"Using ad set budget",0,0,Prebieha,0,0,,,,,0,0,0,,,,,,,,,,,,,,,,,,,,,,
2026-04-19,2026-04-19,"(H) Promo postu",inactive,"7-day click or 1-day view",,,,,,0,0,,,,,"Using ad set budget",0,0,2026-06-29,0,0,,,,,0,0,0,,,,,,,,,,,,,,,,,,,,,,
2026-04-19,2026-04-19,"(H) Konverze",active,"7-day click, 1-day view, or 1-day engaged-view",,,,,,0,0,,,,,"Using ad set budget",0,0,Prebieha,0,0,,,,,0,0,0,,,,,,,,,,,,,,,,,,,,,,
2026-04-19,2026-04-19,"Filip | Sales | RMKT",inactive,"7-day click or 1-day engaged-view",,,,,,0,0,,,,,"Using ad set budget",0,0,Prebieha,0,0,,,,,0,0,0,,,,,,,,,,,,,,,,,,,,,,
2026-04-19,2026-04-19,"FilipZ | Sales | TOF",inactive,"Multiple attribution settings",1,,1,1,actions:offsite_conversion.fb_pixel_purchase,2569,1.75905,25.22,,25.22,25.22,"Using ad set budget",0,25.22,Prebieha,4519,5.580881,51,,0.49451,1.128568,82,1.814561,0.307561,45,,,,0.560444,,,,49.89,,49.89,49.89,1,,1,1,49.89,,49.89,49.89,,
2026-04-19,2026-04-19,"FilipZ | Traffic | LPV",inactive,"7-day click or 1-day view",185,,,,actions:omni_landing_page_view,5513,1.101941,0.05805405,,,,"Using ad set budget",0,10.74,Prebieha,6075,1.767901,249,,0.043133,4.098765,564,9.283951,0.019043,185,,,,0.058054,,,,,,,,,,,,,,,,,
2026-04-19,2026-04-19,"FilipZ | Traffic | Page likes",inactive,"1-day click",,,,,,0,0,,,,,"Using ad set budget",0,0,Prebieha,0,0,,,,,0,0,0,,,,,,,,,,,,,,,,,,,,,,
2026-04-18,2026-04-18,"(H) Promo postu",inactive,"7-day click or 1-day view",,,,,,0,0,,,,,"Using ad set budget",0,0,2026-06-29,0,0,,,,,0,0,0,,,,,,,,,,,,,,,,,,,,,,
2026-04-18,2026-04-18,"(H) Konverze",active,"7-day click, 1-day view, or 1-day engaged-view",,,,,,0,0,,,,,"Using ad set budget",0,0,Prebieha,0,0,,,,,0,0,0,,,,,,,,,,,,,,,,,,,,,,
2026-04-18,2026-04-18,"Filip | Sales | RMKT",inactive,"7-day click or 1-day engaged-view",,,,,,0,0,,,,,"Using ad set budget",0,0,Prebieha,0,0,,,,,0,0,0,,,,,,,,,,,,,,,,,,,,,,
2026-04-18,2026-04-18,"FilipZ | Sales | TOF",inactive,"Multiple attribution settings",1,1,1,1,actions:offsite_conversion.fb_pixel_purchase,2592,1.478395,22.89,,22.89,22.89,"Using ad set budget",0,22.89,Prebieha,3832,5.973382,85,,0.269294,2.218163,180,4.697286,0.127167,48,,,,0.476875,,,,49.89,49.89,49.89,49.89,1,1,1,1,49.89,49.89,49.89,49.89,,
2026-04-18,2026-04-18,"FilipZ | Traffic | LPV",inactive,"7-day click or 1-day view",140,,,,actions:omni_landing_page_view,3724,1.102041,0.05321429,,,,"Using ad set budget",0,7.45,Prebieha,4104,1.815302,186,,0.040054,4.532164,416,10.136452,0.017909,140,,,,0.053214,,,,,,,,,,,,,,,,,
2026-04-18,2026-04-18,"FilipZ | Traffic | Page likes",inactive,"1-day click",,,,,,0,0,,,,,"Using ad set budget",0,0,Prebieha,0,0,,,,,0,0,0,,,,,,,,,,,,,,,,,,,,,,
2026-04-17,2026-04-17,"(H) Promo postu",inactive,"7-day click or 1-day view",,,,,,0,0,,,,,"Using ad set budget",0,0,2026-06-29,0,0,,,,,0,0,0,,,,,,,,,,,,,,,,,,,,,,
2026-04-17,2026-04-17,"(H) Konverze",active,"7-day click, 1-day view, or 1-day engaged-view",,,,,,0,0,,,,,"Using ad set budget",0,0,Prebieha,0,0,,,,,0,0,0,,,,,,,,,,,,,,,,,,,,,,
2026-04-17,2026-04-17,"Filip | Sales | RMKT",inactive,"7-day click or 1-day engaged-view",,,,,,0,0,,,,,"Using ad set budget",0,0,Prebieha,0,0,,,,,0,0,0,,,,,,,,,,,,,,,,,,,,,,
2026-04-17,2026-04-17,"FilipZ | Sales | TOF",inactive,"Multiple attribution settings",1,1,1,1,actions:offsite_conversion.fb_pixel_purchase,2074,1.830762,23.03,,23.03,23.03,"Using ad set budget",0,23.03,Prebieha,3797,6.065315,50,,0.4606,1.316829,80,2.106927,0.287875,30,,,,0.767667,,,,49.89,126.63,49.89,49.89,1,1,1,1,49.89,126.63,49.89,49.89,,
2026-04-17,2026-04-17,"FilipZ | Traffic | LPV",inactive,"7-day click or 1-day view",145,,,,actions:omni_landing_page_view,4727,1.169241,0.07710345,,,,"Using ad set budget",0,11.18,Prebieha,5527,2.022797,194,,0.057629,3.510042,515,9.317894,0.021709,145,,,,0.077103,,,,,,,,,,,,,,,,,
2026-04-17,2026-04-17,"FilipZ | Traffic | Page likes",inactive,"1-day click",,,,,,0,0,,,,,"Using ad set budget",0,0,Prebieha,0,0,,,,,0,0,0,,,,,,,,,,,,,,,,,,,,,,
2026-04-16,2026-04-16,"(H) Promo postu",inactive,"7-day click or 1-day view",,,,,,0,0,,,,,"Using ad set budget",0,0,2026-06-29,0,0,,,,,0,0,0,,,,,,,,,,,,,,,,,,,,,,
2026-04-16,2026-04-16,"(H) Konverze",active,"7-day click, 1-day view, or 1-day engaged-view",,,,,,0,0,,,,,"Using ad set budget",0,0,Prebieha,0,0,,,,,0,0,0,,,,,,,,,,,,,,,,,,,,,,
2026-04-16,2026-04-16,"Filip | Sales | RMKT",inactive,"7-day click or 1-day engaged-view",,,,,,0,0,,,,,"Using ad set budget",0,0,Prebieha,0,0,,,,,0,0,0,,,,,,,,,,,,,,,,,,,,,,
2026-04-16,2026-04-16,"FilipZ | Sales | TOF",inactive,"Multiple attribution settings",2,1,,2,actions:offsite_conversion.fb_pixel_purchase,2305,1.650759,11.33,,,11.33,"Using ad set budget",0,22.66,Prebieha,3805,5.955322,57,,0.397544,1.498029,170,4.467806,0.133294,38,,,,0.596316,,,,74.89,49.89,,74.89,2,1,,2,74.89,49.89,,74.89,,
2026-04-16,2026-04-16,"FilipZ | Traffic | LPV",inactive,"7-day click or 1-day view",79,,,,actions:omni_landing_page_view,3023,1.066821,0.06544304,,,,"Using ad set budget",0,5.17,Prebieha,3225,1.603101,126,,0.041032,3.906977,284,8.806202,0.018204,79,,,,0.065443,,,,,,,,,,,,,,,,,
2026-04-16,2026-04-16,"FilipZ | Traffic | Page likes",inactive,"1-day click",18,,,,total_profile_visits,544,1.045956,0.07666667,,,,"Using ad set budget",0,1.38,Prebieha,569,2.425308,18,,0.076667,3.163445,41,7.205624,0.033659,7,,,,0.197143,,,,,,,,,,,,,,,,,
2026-04-15,2026-04-15,"(H) Promo postu",inactive,"7-day click or 1-day view",,,,,,0,0,,,,,"Using ad set budget",0,0,2026-06-29,0,0,,,,,0,0,0,,,,,,,,,,,,,,,,,,,,,,
2026-04-15,2026-04-15,"(H) Konverze",active,"7-day click, 1-day view, or 1-day engaged-view",,,,,,0,0,,,,,"Using ad set budget",0,0,Prebieha,0,0,,,,,0,0,0,,,,,,,,,,,,,,,,,,,,,,
2026-04-15,2026-04-15,"Filip | Sales | RMKT",inactive,"7-day click or 1-day engaged-view",,,,,,0,0,,,,,"Using ad set budget",0,0,Prebieha,0,0,,,,,0,0,0,,,,,,,,,,,,,,,,,,,,,,
2026-04-15,2026-04-15,"FilipZ | Sales | TOF",inactive,"Multiple attribution settings",1,3,,1,actions:offsite_conversion.fb_pixel_purchase,2686,1.649293,25.66,,,25.66,"Using ad set budget",0,25.66,Prebieha,4430,5.792325,57,,0.450175,1.286682,199,4.492099,0.128945,35,,,,0.733143,,,,188.55,250.62,,188.55,1,3,,1,188.55,250.62,,188.55,,
2026-04-15,2026-04-15,"FilipZ | Traffic | LPV",inactive,"7-day click or 1-day view",125,,,,actions:omni_landing_page_view,2364,1.079949,0.024,,,,"Using ad set budget",0,3,Prebieha,2553,1.175088,199,,0.015075,7.794751,297,11.633373,0.010101,125,,,,0.024,,,,,,,,,,,,,,,,,
2026-04-15,2026-04-15,"FilipZ | Traffic | Page likes",inactive,"1-day click",28,,,,total_profile_visits,1674,1,0.11785714,,,,"Using ad set budget",0,3.3,Prebieha,1674,1.971326,22,,0.15,1.314217,133,7.945042,0.024812,2,,,,1.65,,,,,,,,,,,,,,,,,
2026-04-14,2026-04-14,"(H) Promo postu",inactive,"7-day click or 1-day view",,,,,,0,0,,,,,"Using ad set budget",0,0,2026-06-29,0,0,,,,,0,0,0,,,,,,,,,,,,,,,,,,,,,,
2026-04-14,2026-04-14,"(H) Konverze",active,"7-day click, 1-day view, or 1-day engaged-view",,,,,,0,0,,,,,"Using ad set budget",0,0,Prebieha,0,0,,,,,0,0,0,,,,,,,,,,,,,,,,,,,,,,
2026-04-14,2026-04-14,"Filip | Sales | RMKT",inactive,"7-day click or 1-day engaged-view",,,,,,0,0,,,,,"Using ad set budget",0,0,Prebieha,0,0,,,,,0,0,0,,,,,,,,,,,,,,,,,,,,,,
2026-04-14,2026-04-14,"FilipZ | Sales | TOF",inactive,"Multiple attribution settings",1,,1,1,actions:offsite_conversion.fb_pixel_purchase,2978,1.38415,26.82,,26.82,26.82,"Using ad set budget",0,26.82,Prebieha,4122,6.50655,93,,0.288387,2.256186,221,5.361475,0.121357,57,,,,0.470526,,,,96.79,,96.79,96.79,1,,1,1,96.79,,96.79,96.79,,
2026-04-14,2026-04-14,"FilipZ | Traffic | LPV",inactive,"7-day click or 1-day view",115,,,,actions:omni_landing_page_view,2830,1.079859,0.03,,,,"Using ad set budget",0,3.45,Prebieha,3056,1.128927,180,,0.019167,5.890052,295,9.653141,0.011695,115,,,,0.03,,,,,,,,,,,,,,,,,
2026-04-14,2026-04-14,"FilipZ | Traffic | Page likes",inactive,"1-day click",24,,,,total_profile_visits,1112,1.044065,0.1275,,,,"Using ad set budget",0,3.06,Prebieha,1161,2.635659,23,,0.133043,1.981051,73,6.287683,0.041918,4,,,,0.765,,,,,,,,,,,,,,,,,
2026-04-13,2026-04-13,"(H) Promo postu",inactive,"7-day click or 1-day view",,,,,,0,0,,,,,"Using ad set budget",0,0,2026-06-29,0,0,,,,,0,0,0,,,,,,,,,,,,,,,,,,,,,,
2026-04-13,2026-04-13,"(H) Konverze",active,"7-day click, 1-day view, or 1-day engaged-view",,,,,,0,0,,,,,"Using ad set budget",0,0,Prebieha,0,0,,,,,0,0,0,,,,,,,,,,,,,,,,,,,,,,
2026-04-13,2026-04-13,"Filip | Sales | RMKT",inactive,"7-day click or 1-day engaged-view",,,,,,0,0,,,,,"Using ad set budget",0,0,Prebieha,0,0,,,,,0,0,0,,,,,,,,,,,,,,,,,,,,,,
2026-04-13,2026-04-13,"FilipZ | Sales | TOF",inactive,"Multiple attribution settings",2,1,2,2,actions:offsite_conversion.fb_pixel_purchase,3037,1.48864,12.55,,12.55,12.55,"Using ad set budget",0,25.1,Prebieha,4521,5.551869,107,,0.234579,2.366733,180,3.98142,0.139444,68,,,,0.369118,,,,99.78,126.63,99.78,99.78,2,1,2,2,99.78,126.63,99.78,99.78,,
2026-04-13,2026-04-13,"FilipZ | Traffic | LPV",inactive,"7-day click or 1-day view",101,,,,actions:omni_landing_page_view,2187,1.060814,0.02960396,,,,"Using ad set budget",0,2.99,Prebieha,2320,1.288793,140,,0.021357,6.034483,224,9.655172,0.013348,101,,,,0.029604,,,,,,,,,,,,,,,,,
2026-04-13,2026-04-13,"FilipZ | Traffic | Page likes",inactive,"1-day click",26,,,,total_profile_visits,1006,1.053678,0.10730769,,,,"Using ad set budget",0,2.79,Prebieha,1060,2.632075,20,,0.1395,1.886792,63,5.943396,0.044286,2,,,,1.395,,,,,,,,,,,,,,,,,
2026-04-12,2026-04-12,"(H) Promo postu",inactive,"7-day click or 1-day view",,,,,,0,0,,,,,"Using ad set budget",0,0,2026-06-29,0,0,,,,,0,0,0,,,,,,,,,,,,,,,,,,,,,,
2026-04-12,2026-04-12,"(H) Konverze",active,"7-day click, 1-day view, or 1-day engaged-view",,,,,,0,0,,,,,"Using ad set budget",0,0,Prebieha,0,0,,,,,0,0,0,,,,,,,,,,,,,,,,,,,,,,
2026-04-12,2026-04-12,"Filip | Sales | RMKT",inactive,"7-day click or 1-day engaged-view",,,,,,0,0,,,,,"Using ad set budget",0,0,Prebieha,0,0,,,,,0,0,0,,,,,,,,,,,,,,,,,,,,,,
2026-04-12,2026-04-12,"FilipZ | Sales | TOF",inactive,"Multiple attribution settings",6,,5,6,actions:offsite_conversion.fb_pixel_purchase,3534,1.450764,4.805,,5.766,4.805,"Using ad set budget",0,28.83,Prebieha,5127,5.623171,84,,0.343214,1.638385,227,4.42754,0.127004,49,,,,0.588367,,,,516.06,,402.93,516.06,6,,5,6,516.06,,402.93,516.06,,
2026-04-12,2026-04-12,"FilipZ | Traffic | LPV",inactive,"7-day click or 1-day view",121,,,,actions:omni_landing_page_view,2378,1.101766,0.02752066,,,,"Using ad set budget",0,3.33,Prebieha,2620,1.270992,167,,0.01994,6.374046,231,8.816794,0.014416,121,,,,0.027521,,,,,,,,,,,,,,,,,
2026-04-12,2026-04-12,"FilipZ | Traffic | Page likes",inactive,"1-day click",28,,,,total_profile_visits,875,1.058286,0.10392857,,,,"Using ad set budget",0,2.91,Prebieha,926,3.142549,26,,0.111923,2.807775,48,5.183585,0.060625,,,,,,,,,,,,,,,,,,,,,,
2026-04-11,2026-04-11,"(H) Promo postu",inactive,"7-day click or 1-day view",,,,,,0,0,,,,,"Using ad set budget",0,0,2026-06-29,0,0,,,,,0,0,0,,,,,,,,,,,,,,,,,,,,,,
2026-04-11,2026-04-11,"(H) Konverze",active,"7-day click, 1-day view, or 1-day engaged-view",,,,,,0,0,,,,,"Using ad set budget",0,0,Prebieha,0,0,,,,,0,0,0,,,,,,,,,,,,,,,,,,,,,,
2026-04-11,2026-04-11,"Filip | Sales | RMKT",inactive,"7-day click or 1-day engaged-view",,,,,,0,0,,,,,"Using ad set budget",0,0,Prebieha,0,0,,,,,0,0,0,,,,,,,,,,,,,,,,,,,,,,
2026-04-11,2026-04-11,"FilipZ | Sales | TOF",inactive,"Multiple attribution settings",1,1,1,1,actions:offsite_conversion.fb_pixel_purchase,2860,1.587413,24.52,,24.52,24.52,"Using ad set budget",0,24.52,Prebieha,4540,5.400881,75,,0.326933,1.651982,170,3.744493,0.144235,46,,,,0.533043,,,,49.89,49.89,49.89,49.89,1,1,1,1,49.89,49.89,49.89,49.89,,
2026-04-11,2026-04-11,"FilipZ | Traffic | LPV",inactive,"7-day click or 1-day view",111,,,,actions:omni_landing_page_view,2112,1.049242,0.02711712,,,,"Using ad set budget",0,3.01,Prebieha,2216,1.358303,137,,0.021971,6.18231,193,8.709386,0.015596,111,,,,0.027117,,,,,,,,,,,,,,,,,
2026-04-11,2026-04-11,"FilipZ | Traffic | Page likes",inactive,"1-day click",12,,,,total_profile_visits,323,1,0.06833333,,,,"Using ad set budget",0,0.82,Prebieha,323,2.5387,8,,0.1025,2.47678,30,9.287926,0.027333,2,,,,0.41,,,,,,,,,,,,,,,,,
2026-04-10,2026-04-10,"(H) Promo postu",inactive,"7-day click or 1-day view",,,,,,0,0,,,,,"Using ad set budget",0,0,2026-06-29,0,0,,,,,0,0,0,,,,,,,,,,,,,,,,,,,,,,
2026-04-10,2026-04-10,"(H) Konverze",active,"7-day click, 1-day view, or 1-day engaged-view",,,,,,0,0,,,,,"Using ad set budget",0,0,Prebieha,0,0,,,,,0,0,0,,,,,,,,,,,,,,,,,,,,,,
2026-04-10,2026-04-10,"Filip | Sales | RMKT",inactive,"7-day click or 1-day engaged-view",,,,,,0,0,,,,,"Using ad set budget",0,0,Prebieha,0,0,,,,,0,0,0,,,,,,,,,,,,,,,,,,,,,,
2026-04-10,2026-04-10,"FilipZ | Sales | TOF",inactive,"Multiple attribution settings",4,1,4,4,actions:offsite_conversion.fb_pixel_purchase,2661,1.614431,5.645,,5.645,5.645,"Using ad set budget",0,22.58,Prebieha,4296,5.256052,60,,0.376333,1.396648,91,2.11825,0.248132,47,,,,0.480426,,,,194.56,49.89,194.56,194.56,4,1,4,4,194.56,49.89,194.56,194.56,,
2026-04-10,2026-04-10,"FilipZ | Traffic | LPV",inactive,"7-day click or 1-day view",102,,,,actions:omni_landing_page_view,1890,1.105291,0.02647059,,,,"Using ad set budget",0,2.7,Prebieha,2089,1.292484,133,,0.020301,6.366683,204,9.765438,0.013235,102,,,,0.026471,,,,,,,,,,,,,,,,,
2026-04-10,2026-04-10,"FilipZ | Traffic | Page likes",inactive,"1-day click",47,,,,total_profile_visits,1528,1.045812,0.10893617,,,,"Using ad set budget",0,5.12,Prebieha,1598,3.204005,34,,0.150588,2.12766,94,5.882353,0.054468,1,,,,5.12,,,,,,,,,,,,,,,,,
2026-04-09,2026-04-09,"(H) Promo postu",inactive,"7-day click or 1-day view",,,,,,0,0,,,,,"Using ad set budget",0,0,2026-06-29,0,0,,,,,0,0,0,,,,,,,,,,,,,,,,,,,,,,
2026-04-09,2026-04-09,"(H) Konverze",active,"7-day click, 1-day view, or 1-day engaged-view",,,,,,0,0,,,,,"Using ad set budget",0,0,Prebieha,0,0,,,,,0,0,0,,,,,,,,,,,,,,,,,,,,,,
2026-04-09,2026-04-09,"Filip | Sales | RMKT",inactive,"7-day click or 1-day engaged-view",,,,,,0,0,,,,,"Using ad set budget",0,0,Prebieha,0,0,,,,,0,0,0,,,,,,,,,,,,,,,,,,,,,,
2026-04-09,2026-04-09,"FilipZ | Sales | TOF",inactive,"Multiple attribution settings",3,,3,3,actions:offsite_conversion.fb_pixel_purchase,2602,1.54535,7.62666667,,7.62666667,7.62666667,"Using ad set budget",0,22.88,Prebieha,4021,5.690127,75,,0.305067,1.865208,166,4.128326,0.137831,50,,,,0.4576,,,,221.41,,221.41,221.41,3,,3,3,221.41,,221.41,221.41,,
2026-04-09,2026-04-09,"FilipZ | Traffic | LPV",inactive,"7-day click or 1-day view",131,,,,actions:omni_landing_page_view,2489,1.081157,0.02465649,,,,"Using ad set budget",0,3.23,Prebieha,2691,1.200297,168,,0.019226,6.243032,259,9.624675,0.012471,131,,,,0.024656,,,,,,,,,,,,,,,,,
2026-04-09,2026-04-09,"FilipZ | Traffic | Page likes",inactive,"1-day click",26,,,,total_profile_visits,870,1.036782,0.10346154,,,,"Using ad set budget",0,2.69,Prebieha,902,2.982262,24,,0.112083,2.660754,49,5.432373,0.054898,1,,,,2.69,,,,,,,,,,,,,,,,,
2026-04-08,2026-04-08,"(H) Promo postu",inactive,"7-day click or 1-day view",,,,,,0,0,,,,,"Using ad set budget",0,0,2026-06-29,0,0,,,,,0,0,0,,,,,,,,,,,,,,,,,,,,,,
2026-04-08,2026-04-08,"(H) Konverze",active,"7-day click, 1-day view, or 1-day engaged-view",,,,,,0,0,,,,,"Using ad set budget",0,0,Prebieha,0,0,,,,,0,0,0,,,,,,,,,,,,,,,,,,,,,,
2026-04-08,2026-04-08,"Filip | Sales | RMKT",inactive,"7-day click or 1-day engaged-view",,,,,,0,0,,,,,"Using ad set budget",0,0,Prebieha,0,0,,,,,0,0,0,,,,,,,,,,,,,,,,,,,,,,
2026-04-08,2026-04-08,"FilipZ | Sales | TOF",inactive,"Multiple attribution settings",4,1,4,4,actions:offsite_conversion.fb_pixel_purchase,3141,1.348615,6.405,,6.405,6.405,"Using ad set budget",0,25.62,Prebieha,4236,6.048159,106,,0.241698,2.502361,256,6.043437,0.100078,56,,,,0.4575,,,,266.3,49.89,266.3,266.3,4,1,4,4,266.3,49.89,266.3,266.3,,
2026-04-08,2026-04-08,"FilipZ | Traffic | LPV",inactive,"7-day click or 1-day view",110,,,,actions:omni_landing_page_view,2356,1.109083,0.02554545,,,,"Using ad set budget",0,2.81,Prebieha,2613,1.075392,146,,0.019247,5.587447,208,7.960199,0.01351,110,,,,0.025545,,,,,,,,,,,,,,,,,
2026-04-08,2026-04-08,"FilipZ | Traffic | Page likes",inactive,"1-day click",34,,,,total_profile_visits,956,1.057531,0.07970588,,,,"Using ad set budget",0,2.71,Prebieha,1011,2.680514,28,,0.096786,2.769535,61,6.03363,0.044426,2,,,,1.355,,,,,,,,,,,,,,,,,
2026-04-07,2026-04-07,"(H) Promo postu",inactive,"7-day click or 1-day view",,,,,,0,0,,,,,"Using ad set budget",0,0,2026-06-29,0,0,,,,,0,0,0,,,,,,,,,,,,,,,,,,,,,,
2026-04-07,2026-04-07,"(H) Konverze",active,"7-day click, 1-day view, or 1-day engaged-view",,,,,,0,0,,,,,"Using ad set budget",0,0,Prebieha,0,0,,,,,0,0,0,,,,,,,,,,,,,,,,,,,,,,
2026-04-07,2026-04-07,"Filip | Sales | RMKT",inactive,"7-day click or 1-day engaged-view",,,,,,0,0,,,,,"Using ad set budget",0,0,Prebieha,0,0,,,,,0,0,0,,,,,,,,,,,,,,,,,,,,,,
2026-04-07,2026-04-07,"FilipZ | Sales | TOF",inactive,"Multiple attribution settings",6,1,6,6,actions:offsite_conversion.fb_pixel_purchase,3678,1.32137,4.95833333,,4.95833333,4.95833333,"Using ad set budget",0,29.75,Prebieha,4860,6.121399,139,,0.214029,2.860082,412,8.477366,0.072209,82,,,,0.362805,,,,304.07,44.89,304.07,304.07,6,1,6,6,304.07,44.89,304.07,304.07,,
2026-04-07,2026-04-07,"FilipZ | Traffic | LPV",inactive,"7-day click or 1-day view",128,,,,actions:omni_landing_page_view,2408,1.129568,0.02109375,,,,"Using ad set budget",0,2.7,Prebieha,2720,0.992647,182,,0.014835,6.691176,233,8.566176,0.011588,128,,,,0.021094,,,,,,,,,,,,,,,,,
2026-04-07,2026-04-07,"FilipZ | Traffic | Page likes",inactive,"1-day click",44,,,,total_profile_visits,1058,1.067108,0.06772727,,,,"Using ad set budget",0,2.98,Prebieha,1129,2.639504,33,,0.090303,2.922941,76,6.731621,0.039211,1,,,,2.98,,,,,,,,,,,,,,,,,
2026-04-06,2026-04-06,"(H) Promo postu",inactive,"7-day click or 1-day view",,,,,,0,0,,,,,"Using ad set budget",0,0,2026-06-29,0,0,,,,,0,0,0,,,,,,,,,,,,,,,,,,,,,,
2026-04-06,2026-04-06,"(H) Konverze",active,"7-day click, 1-day view, or 1-day engaged-view",,,,,,0,0,,,,,"Using ad set budget",0,0,Prebieha,0,0,,,,,0,0,0,,,,,,,,,,,,,,,,,,,,,,
2026-04-06,2026-04-06,"Filip | Sales | RMKT",inactive,"7-day click or 1-day engaged-view",,,,,,0,0,,,,,"Using ad set budget",0,0,Prebieha,0,0,,,,,0,0,0,,,,,,,,,,,,,,,,,,,,,,
2026-04-06,2026-04-06,"FilipZ | Sales | TOF",inactive,"Multiple attribution settings",2,,2,2,actions:offsite_conversion.fb_pixel_purchase,3660,1.520765,14.69,,14.69,14.69,"Using ad set budget",0,29.38,Prebieha,5566,5.278476,95,,0.309263,1.706791,274,4.922745,0.107226,59,,,,0.497966,,,,176.52,,176.52,176.52,2,,2,2,176.52,,176.52,176.52,,
2026-04-06,2026-04-06,"FilipZ | Traffic | LPV",inactive,"7-day click or 1-day view",170,,,,actions:omni_landing_page_view,3095,1.166397,0.01888235,,,,"Using ad set budget",0,3.21,Prebieha,3610,0.889197,223,,0.014395,6.177285,293,8.116343,0.010956,170,,,,0.018882,,,,,,,,,,,,,,,,,
2026-04-06,2026-04-06,"FilipZ | Traffic | Page likes",inactive,"1-day click",31,,,,total_profile_visits,1220,1.022951,0.10193548,,,,"Using ad set budget",0,3.16,Prebieha,1248,2.532051,26,,0.121538,2.083333,65,5.208333,0.048615,1,,,,3.16,,,,,,,,,,,,,,,,,
2026-04-05,2026-04-05,"(H) Promo postu",inactive,"7-day click or 1-day view",,,,,,0,0,,,,,"Using ad set budget",0,0,2026-06-29,0,0,,,,,0,0,0,,,,,,,,,,,,,,,,,,,,,,
2026-04-05,2026-04-05,"(H) Konverze",active,"7-day click, 1-day view, or 1-day engaged-view",,,,,,0,0,,,,,"Using ad set budget",0,0,Prebieha,0,0,,,,,0,0,0,,,,,,,,,,,,,,,,,,,,,,
2026-04-05,2026-04-05,"Filip | Sales | RMKT",inactive,"7-day click or 1-day engaged-view",,,,,,0,0,,,,,"Using ad set budget",0,0,Prebieha,0,0,,,,,0,0,0,,,,,,,,,,,,,,,,,,,,,,
2026-04-05,2026-04-05,"FilipZ | Sales | TOF",inactive,"Multiple attribution settings",4,,3,4,actions:offsite_conversion.fb_pixel_purchase,2065,1.756901,5.0325,,6.71,5.0325,"Using ad set budget",0,20.13,Prebieha,3628,5.548512,37,,0.544054,1.019846,54,1.488423,0.372778,15,,,,1.342,,,,194.56,,149.67,194.56,4,,3,4,194.56,,149.67,194.56,,
2026-04-05,2026-04-05,"FilipZ | Traffic | LPV",inactive,"7-day click or 1-day view",162,,,,actions:omni_landing_page_view,2885,1.124783,0.02030864,,,,"Using ad set budget",0,3.29,Prebieha,3245,1.013867,227,,0.014493,6.995378,327,10.077042,0.010061,162,,,,0.020309,,,,,,,,,,,,,,,,,
2026-04-05,2026-04-05,"FilipZ | Traffic | Page likes",inactive,"1-day click",28,,,,total_profile_visits,1091,1.08066,0.12071429,,,,"Using ad set budget",0,3.38,Prebieha,1179,2.866836,23,,0.146957,1.950806,58,4.919423,0.058276,,,,,,,,,,,,,,,,,,,,,,
2026-04-04,2026-04-04,"(H) Promo postu",inactive,"7-day click or 1-day view",,,,,,0,0,,,,,"Using ad set budget",0,0,2026-06-29,0,0,,,,,0,0,0,,,,,,,,,,,,,,,,,,,,,,
2026-04-04,2026-04-04,"(H) Konverze",active,"7-day click, 1-day view, or 1-day engaged-view",,,,,,0,0,,,,,"Using ad set budget",0,0,Prebieha,0,0,,,,,0,0,0,,,,,,,,,,,,,,,,,,,,,,
2026-04-04,2026-04-04,"Filip | Sales | RMKT",inactive,"7-day click or 1-day engaged-view",,,,,,0,0,,,,,"Using ad set budget",0,0,Prebieha,0,0,,,,,0,0,0,,,,,,,,,,,,,,,,,,,,,,
2026-04-04,2026-04-04,"FilipZ | Sales | TOF",inactive,"Multiple attribution settings",,,,,,3452,1.510718,,,,,"Using ad set budget",0,26.38,Prebieha,5215,5.058485,34,,0.775882,0.651965,75,1.438159,0.351733,27,,,,0.977037,,,,,,,,,,,,,,,,,
2026-04-04,2026-04-04,"FilipZ | Traffic | LPV",inactive,"7-day click or 1-day view",118,,,,actions:omni_landing_page_view,2389,1.070322,0.02084746,,,,"Using ad set budget",0,2.46,Prebieha,2557,0.962065,145,,0.016966,5.670708,222,8.682049,0.011081,118,,,,0.020847,,,,,,,,,,,,,,,,,
2026-04-04,2026-04-04,"FilipZ | Traffic | Page likes",inactive,"1-day click",29,,,,total_profile_visits,1110,1.048649,0.09344828,,,,"Using ad set budget",0,2.71,Prebieha,1164,2.328179,24,,0.112917,2.061856,71,6.099656,0.038169,9,,,,0.301111,,,,,,,,,,,,,,,,,
2026-04-03,2026-04-03,"(H) Promo postu",inactive,"7-day click or 1-day view",,,,,,0,0,,,,,"Using ad set budget",0,0,2026-06-29,0,0,,,,,0,0,0,,,,,,,,,,,,,,,,,,,,,,
2026-04-03,2026-04-03,"(H) Konverze",active,"7-day click, 1-day view, or 1-day engaged-view",,,,,,0,0,,,,,"Using ad set budget",0,0,Prebieha,0,0,,,,,0,0,0,,,,,,,,,,,,,,,,,,,,,,
2026-04-03,2026-04-03,"Filip | Sales | RMKT",inactive,"7-day click or 1-day engaged-view",,,,,,0,0,,,,,"Using ad set budget",0,0,Prebieha,0,0,,,,,0,0,0,,,,,,,,,,,,,,,,,,,,,,
2026-04-03,2026-04-03,"FilipZ | Sales | TOF",inactive,"Multiple attribution settings",1,,,1,actions:offsite_conversion.fb_pixel_purchase,3244,1.669544,27.08,,,27.08,"Using ad set budget",0,27.08,Prebieha,5416,5,57,,0.475088,1.052437,116,2.141802,0.233448,41,,,,0.660488,,,,126.63,,,126.63,1,,,1,126.63,,,126.63,,
2026-04-03,2026-04-03,"FilipZ | Traffic | LPV",inactive,"7-day click or 1-day view",133,,,,actions:omni_landing_page_view,2905,1.032358,0.02345865,,,,"Using ad set budget",0,3.12,Prebieha,2999,1.040347,170,,0.018353,5.668556,240,8.002668,0.013,133,,,,0.023459,,,,,,,,,,,,,,,,,
2026-04-03,2026-04-03,"FilipZ | Traffic | Page likes",inactive,"1-day click",30,,,,total_profile_visits,1867,1.027317,0.09833333,,,,"Using ad set budget",0,2.95,Prebieha,1918,1.53806,29,,0.101724,1.511992,132,6.882169,0.022348,11,,,,0.268182,,,,,,,,,,,,,,,,,
2026-04-02,2026-04-02,"(H) Promo postu",inactive,"7-day click or 1-day view",,,,,,0,0,,,,,"Using ad set budget",0,0,2026-06-29,0,0,,,,,0,0,0,,,,,,,,,,,,,,,,,,,,,,
2026-04-02,2026-04-02,"(H) Konverze",active,"7-day click, 1-day view, or 1-day engaged-view",,,,,,0,0,,,,,"Using ad set budget",0,0,Prebieha,0,0,,,,,0,0,0,,,,,,,,,,,,,,,,,,,,,,
2026-04-02,2026-04-02,"Filip | Sales | RMKT",inactive,"7-day click or 1-day engaged-view",,,,,,0,0,,,,,"Using ad set budget",0,0,Prebieha,0,0,,,,,0,0,0,,,,,,,,,,,,,,,,,,,,,,
2026-04-02,2026-04-02,"FilipZ | Sales | TOF",inactive,"Multiple attribution settings",2,1,2,2,actions:offsite_conversion.fb_pixel_purchase,2168,1.805812,10.88,,10.88,10.88,"Using ad set budget",0,21.76,Prebieha,3915,5.55811,36,,0.604444,0.91954,79,2.01788,0.275443,33,,,,0.659394,,,,99.78,49.89,99.78,99.78,2,1,2,2,99.78,49.89,99.78,99.78,,
2026-04-02,2026-04-02,"FilipZ | Traffic | LPV",inactive,"7-day click or 1-day view",141,,,,actions:omni_landing_page_view,2707,1.065017,0.02163121,,,,"Using ad set budget",0,3.05,Prebieha,2883,1.057926,172,,0.017733,5.966008,238,8.25529,0.012815,141,,,,0.021631,,,,,,,,,,,,,,,,,
2026-04-02,2026-04-02,"FilipZ | Traffic | Page likes",inactive,"1-day click",37,,,,total_profile_visits,1813,1.009928,0.08027027,,,,"Using ad set budget",0,2.97,Prebieha,1831,1.622064,34,,0.087353,1.856909,127,6.9361,0.023386,8,,,,0.37125,,,,,,,,,,,,,,,,,
2026-04-01,2026-04-01,"(H) Promo postu",inactive,"7-day click or 1-day view",,,,,,0,0,,,,,"Using ad set budget",0,0,2026-06-29,0,0,,,,,0,0,0,,,,,,,,,,,,,,,,,,,,,,
2026-04-01,2026-04-01,"(H) Konverze",active,"7-day click, 1-day view, or 1-day engaged-view",,,,,,0,0,,,,,"Using ad set budget",0,0,Prebieha,0,0,,,,,0,0,0,,,,,,,,,,,,,,,,,,,,,,
2026-04-01,2026-04-01,"Filip | Sales | RMKT",inactive,"7-day click or 1-day engaged-view",,,,,,0,0,,,,,"Using ad set budget",0,0,Prebieha,0,0,,,,,0,0,0,,,,,,,,,,,,,,,,,,,,,,
2026-04-01,2026-04-01,"FilipZ | Sales | TOF",inactive,"Multiple attribution settings",,1,,,actions:offsite_conversion.fb_pixel_purchase,2535,1.741617,,,,,"Using ad set budget",0,23.89,Prebieha,4415,5.411099,60,,0.398167,1.359003,147,3.329558,0.162517,45,,,,0.530889,,,,,44.89,,,,1,,,,44.89,,,,
2026-04-01,2026-04-01,"FilipZ | Traffic | LPV",inactive,"7-day click or 1-day view",108,,,,actions:omni_landing_page_view,2274,1.067282,0.02425926,,,,"Using ad set budget",0,2.62,Prebieha,2427,1.079522,144,,0.018194,5.933251,197,8.117017,0.013299,108,,,,0.024259,,,,,,,,,,,,,,,,,
2026-04-01,2026-04-01,"FilipZ | Traffic | Page likes",inactive,"1-day click",33,,,,total_profile_visits,1621,1.043183,0.08545455,,,,"Using ad set budget",0,2.82,Prebieha,1691,1.667652,29,,0.097241,1.714962,124,7.332939,0.022742,6,,,,0.47,,,,,,,,,,,,,,,,,
2026-03-31,2026-03-31,"(H) Promo postu",inactive,"7-day click or 1-day view",,,,,,0,0,,,,,"Using ad set budget",0,0,2026-06-29,0,0,,,,,0,0,0,,,,,,,,,,,,,,,,,,,,,,
2026-03-31,2026-03-31,"(H) Konverze",active,"7-day click, 1-day view, or 1-day engaged-view",,,,,,0,0,,,,,"Using ad set budget",0,0,Prebieha,0,0,,,,,0,0,0,,,,,,,,,,,,,,,,,,,,,,
2026-03-31,2026-03-31,"Filip | Sales | RMKT",inactive,"7-day click or 1-day engaged-view",,,,,,0,0,,,,,"Using ad set budget",0,0,Prebieha,0,0,,,,,0,0,0,,,,,,,,,,,,,,,,,,,,,,
2026-03-31,2026-03-31,"FilipZ | Sales | TOF",inactive,"Multiple attribution settings",3,,3,3,actions:offsite_conversion.fb_pixel_purchase,2661,1.733559,8.15,,8.15,8.15,"Using ad set budget",0,24.45,Prebieha,4613,5.300238,62,,0.394355,1.344028,150,3.25168,0.163,42,,,,0.582143,,,,187.25,,187.25,187.25,3,,3,3,187.25,,187.25,187.25,,
2026-03-31,2026-03-31,"FilipZ | Traffic | LPV",inactive,"7-day click or 1-day view",140,,,,actions:omni_landing_page_view,2616,1.072248,0.02335714,,,,"Using ad set budget",0,3.27,Prebieha,2805,1.165775,164,,0.019939,5.846702,234,8.342246,0.013974,140,,,,0.023357,,,,,,,,,,,,,,,,,
2026-03-31,2026-03-31,"FilipZ | Traffic | Page likes",inactive,"1-day click",29,,,,total_profile_visits,1863,1,0.11862069,,,,"Using ad set budget",0,3.44,Prebieha,1863,1.846484,30,,0.114667,1.610306,117,6.280193,0.029402,5,,,,0.688,,,,,,,,,,,,,,,,,
2026-03-30,2026-03-30,"(H) Promo postu",inactive,"7-day click or 1-day view",,,,,,0,0,,,,,"Using ad set budget",0,0,2026-06-29,0,0,,,,,0,0,0,,,,,,,,,,,,,,,,,,,,,,
2026-03-30,2026-03-30,"(H) Konverze",active,"7-day click, 1-day view, or 1-day engaged-view",,,,,,0,0,,,,,"Using ad set budget",0,0,Prebieha,0,0,,,,,0,0,0,,,,,,,,,,,,,,,,,,,,,,
2026-03-30,2026-03-30,"Filip | Sales | RMKT",inactive,"7-day click or 1-day engaged-view",,,,,,0,0,,,,,"Using ad set budget",0,0,Prebieha,0,0,,,,,0,0,0,,,,,,,,,,,,,,,,,,,,,,
2026-03-30,2026-03-30,"FilipZ | Sales | TOF",inactive,"Multiple attribution settings",4,2,4,4,actions:offsite_conversion.fb_pixel_purchase,2315,1.844924,6.75,,6.75,6.75,"Using ad set budget",0,27,Prebieha,4271,6.321705,99,,0.272727,2.317958,217,5.080777,0.124424,64,,,,0.421875,,,,199.56,146.68,199.56,199.56,4,2,4,4,199.56,146.68,199.56,199.56,,
2026-03-30,2026-03-30,"FilipZ | Traffic | LPV",inactive,"7-day click or 1-day view",154,,,,actions:omni_landing_page_view,2609,1.047911,0.01928571,,,,"Using ad set budget",0,2.97,Prebieha,2734,1.08632,178,,0.016685,6.510607,292,10.680322,0.010171,154,,,,0.019286,,,,,,,,,,,,,,,,,
2026-03-30,2026-03-30,"FilipZ | Traffic | Page likes",inactive,"1-day click",27,,,,total_profile_visits,1271,1.033045,0.10777778,,,,"Using ad set budget",0,2.91,Prebieha,1313,2.216299,27,,0.107778,2.056359,92,7.006855,0.03163,5,,,,0.582,,,,,,,,,,,,,,,,,
2026-03-29,2026-03-29,"(H) Promo postu",inactive,"7-day click or 1-day view",,,,,,0,0,,,,,"Using ad set budget",0,0,2026-06-29,0,0,,,,,0,0,0,,,,,,,,,,,,,,,,,,,,,,
2026-03-29,2026-03-29,"(H) Konverze",active,"7-day click, 1-day view, or 1-day engaged-view",,,,,,0,0,,,,,"Using ad set budget",0,0,Prebieha,0,0,,,,,0,0,0,,,,,,,,,,,,,,,,,,,,,,
2026-03-29,2026-03-29,"Filip | Sales | RMKT",inactive,"7-day click or 1-day engaged-view",,,,,,0,0,,,,,"Using ad set budget",0,0,Prebieha,0,0,,,,,0,0,0,,,,,,,,,,,,,,,,,,,,,,
2026-03-29,2026-03-29,"FilipZ | Sales | TOF",inactive,"Multiple attribution settings",2,,2,2,actions:offsite_conversion.fb_pixel_purchase,2185,1.796796,11.885,,11.885,11.885,"Using ad set budget",0,23.77,Prebieha,3926,6.054508,84,,0.282976,2.139582,184,4.686704,0.129185,55,,,,0.432182,,,,99.78,,99.78,99.78,2,,2,2,99.78,,99.78,99.78,,
2026-03-29,2026-03-29,"FilipZ | Traffic | LPV",inactive,"7-day click or 1-day view",169,,,,actions:omni_landing_page_view,3093,1.104106,0.02005917,,,,"Using ad set budget",0,3.39,Prebieha,3415,0.992679,209,,0.01622,6.120059,318,9.311859,0.01066,169,,,,0.020059,,,,,,,,,,,,,,,,,
2026-03-29,2026-03-29,"FilipZ | Traffic | Page likes",inactive,"1-day click",35,,,,total_profile_visits,1331,1.070624,0.09,,,,"Using ad set budget",0,3.15,Prebieha,1425,2.210526,27,,0.116667,1.894737,105,7.368421,0.03,5,,,,0.63,,,,,,,,,,,,,,,,,
2026-03-28,2026-03-28,"(H) Promo postu",inactive,"7-day click or 1-day view",,,,,,0,0,,,,,"Using ad set budget",0,0,2026-06-29,0,0,,,,,0,0,0,,,,,,,,,,,,,,,,,,,,,,
2026-03-28,2026-03-28,"(H) Konverze",active,"7-day click, 1-day view, or 1-day engaged-view",,,,,,0,0,,,,,"Using ad set budget",0,0,Prebieha,0,0,,,,,0,0,0,,,,,,,,,,,,,,,,,,,,,,
2026-03-28,2026-03-28,"Filip | Sales | RMKT",inactive,"7-day click or 1-day engaged-view",,,,,,0,0,,,,,"Using ad set budget",0,0,Prebieha,0,0,,,,,0,0,0,,,,,,,,,,,,,,,,,,,,,,
2026-03-28,2026-03-28,"FilipZ | Sales | TOF",inactive,"Multiple attribution settings",1,1,1,1,actions:offsite_conversion.fb_pixel_purchase,1941,1.596084,22.48,,22.48,22.48,"Using ad set budget",0,22.48,Prebieha,3098,7.256294,64,,0.35125,2.065849,153,4.93867,0.146928,49,,,,0.458776,,,,49.89,49.89,49.89,49.89,1,1,1,1,49.89,49.89,49.89,49.89,,
2026-03-28,2026-03-28,"FilipZ | Traffic | LPV",inactive,"7-day click or 1-day view",145,,,,actions:omni_landing_page_view,2325,1.049462,0.01896552,,,,"Using ad set budget",0,2.75,Prebieha,2440,1.127049,167,,0.016467,6.844262,230,9.42623,0.011957,145,,,,0.018966,,,,,,,,,,,,,,,,,
2026-03-28,2026-03-28,"FilipZ | Traffic | Page likes",inactive,"1-day click",43,,,,total_profile_visits,1312,1.023628,0.06651163,,,,"Using ad set budget",0,2.86,Prebieha,1343,2.129561,34,,0.084118,2.531646,123,9.1586,0.023252,8,,,,0.3575,,,,,,,,,,,,,,,,,
2026-03-27,2026-03-27,"(H) Promo postu",inactive,"7-day click or 1-day view",,,,,,0,0,,,,,"Using ad set budget",0,0,2026-06-29,0,0,,,,,0,0,0,,,,,,,,,,,,,,,,,,,,,,
2026-03-27,2026-03-27,"(H) Konverze",active,"7-day click, 1-day view, or 1-day engaged-view",,,,,,0,0,,,,,"Using ad set budget",0,0,Prebieha,0,0,,,,,0,0,0,,,,,,,,,,,,,,,,,,,,,,
2026-03-27,2026-03-27,"Filip | Sales | RMKT",inactive,"7-day click or 1-day engaged-view",,,,,,0,0,,,,,"Using ad set budget",0,0,Prebieha,0,0,,,,,0,0,0,,,,,,,,,,,,,,,,,,,,,,
2026-03-27,2026-03-27,"FilipZ | Sales | TOF",inactive,"Multiple attribution settings",1,,1,1,actions:offsite_conversion.fb_pixel_purchase,2924,1.70725,27.71,,27.71,27.71,"Using ad set budget",0,27.71,Prebieha,4992,5.550881,60,,0.461833,1.201923,91,1.822917,0.304505,37,,,,0.748919,,,,126.63,,126.63,126.63,1,,1,1,126.63,,126.63,126.63,,
2026-03-27,2026-03-27,"FilipZ | Traffic | LPV",inactive,"7-day click or 1-day view",117,,,,actions:omni_landing_page_view,2209,1.054776,0.0242735,,,,"Using ad set budget",0,2.84,Prebieha,2330,1.218884,153,,0.018562,6.566524,218,9.356223,0.013028,117,,,,0.024274,,,,,,,,,,,,,,,,,
2026-03-27,2026-03-27,"FilipZ | Traffic | Page likes",inactive,"1-day click",30,,,,total_profile_visits,1619,1.030266,0.10866667,,,,"Using ad set budget",0,3.26,Prebieha,1668,1.954436,25,,0.1304,1.498801,101,6.055156,0.032277,1,,,,3.26,,,,,,,,,,,,,,,,,
2026-03-26,2026-03-26,"(H) Promo postu",inactive,"7-day click or 1-day view",,,,,,0,0,,,,,"Using ad set budget",0,0,2026-06-29,0,0,,,,,0,0,0,,,,,,,,,,,,,,,,,,,,,,
2026-03-26,2026-03-26,"(H) Konverze",active,"7-day click, 1-day view, or 1-day engaged-view",,,,,,0,0,,,,,"Using ad set budget",0,0,Prebieha,0,0,,,,,0,0,0,,,,,,,,,,,,,,,,,,,,,,
2026-03-26,2026-03-26,"Filip | Sales | RMKT",inactive,"7-day click or 1-day engaged-view",,,,,,0,0,,,,,"Using ad set budget",0,0,Prebieha,0,0,,,,,0,0,0,,,,,,,,,,,,,,,,,,,,,,
2026-03-26,2026-03-26,"FilipZ | Sales | TOF",inactive,"Multiple attribution settings",4,,4,4,actions:offsite_conversion.fb_pixel_purchase,2878,1.733495,6.6325,,6.6325,6.6325,"Using ad set budget",0,26.53,Prebieha,4989,5.317699,44,,0.602955,0.88194,62,1.242734,0.427903,34,,,,0.780294,,,,199.56,,199.56,199.56,4,,4,4,199.56,,199.56,199.56,,
2026-03-26,2026-03-26,"FilipZ | Traffic | LPV",inactive,"7-day click or 1-day view",125,,,,actions:omni_landing_page_view,2344,1.044369,0.02368,,,,"Using ad set budget",0,2.96,Prebieha,2448,1.20915,158,,0.018734,6.454248,206,8.415033,0.014369,125,,,,0.02368,,,,,,,,,,,,,,,,,
2026-03-26,2026-03-26,"FilipZ | Traffic | Page likes",inactive,"1-day click",38,,,,total_profile_visits,1364,1.021261,0.08315789,,,,"Using ad set budget",0,3.16,Prebieha,1393,2.268485,29,,0.108966,2.081838,111,7.968414,0.028468,1,,,,3.16,,,,,,,,,,,,,,,,,
2026-03-25,2026-03-25,"(H) Promo postu",inactive,"7-day click or 1-day view",,,,,,0,0,,,,,"Using ad set budget",0,0,2026-06-29,0,0,,,,,0,0,0,,,,,,,,,,,,,,,,,,,,,,
2026-03-25,2026-03-25,"(H) Konverze",active,"7-day click, 1-day view, or 1-day engaged-view",,,,,,0,0,,,,,"Using ad set budget",0,0,Prebieha,0,0,,,,,0,0,0,,,,,,,,,,,,,,,,,,,,,,
2026-03-25,2026-03-25,"Filip | Sales | RMKT",inactive,"7-day click or 1-day engaged-view",,,,,,0,0,,,,,"Using ad set budget",0,0,Prebieha,0,0,,,,,0,0,0,,,,,,,,,,,,,,,,,,,,,,
2026-03-25,2026-03-25,"FilipZ | Sales | TOF",inactive,"Multiple attribution settings",,,,,,2307,1.720416,,,,,"Using ad set budget",0,21.88,Prebieha,3969,5.512724,36,,0.607778,0.907029,58,1.461325,0.377241,28,,,,0.781429,,,,,,,,,,,,,,,,,
2026-03-25,2026-03-25,"FilipZ | Traffic | LPV",inactive,"7-day click or 1-day view",118,,,,actions:omni_landing_page_view,2351,1.034879,0.02474576,,,,"Using ad set budget",0,2.92,Prebieha,2433,1.200164,150,,0.019467,6.165228,210,8.631319,0.013905,118,,,,0.024746,,,,,,,,,,,,,,,,,
2026-03-25,2026-03-25,"FilipZ | Traffic | Page likes",inactive,"1-day click",18,,,,total_profile_visits,1044,1.081418,0.14666667,,,,"Using ad set budget",0,2.64,Prebieha,1129,2.338353,15,,0.176,1.328609,70,6.200177,0.037714,,,,,,,,,,,,,,,,,,,,,,
2026-03-24,2026-03-24,"(H) Promo postu",inactive,"7-day click or 1-day view",,,,,,0,0,,,,,"Using ad set budget",0,0,2026-06-29,0,0,,,,,0,0,0,,,,,,,,,,,,,,,,,,,,,,
2026-03-24,2026-03-24,"(H) Konverze",active,"7-day click, 1-day view, or 1-day engaged-view",,,,,,0,0,,,,,"Using ad set budget",0,0,Prebieha,0,0,,,,,0,0,0,,,,,,,,,,,,,,,,,,,,,,
2026-03-24,2026-03-24,"Filip | Sales | RMKT",inactive,"7-day click or 1-day engaged-view",,,,,,0,0,,,,,"Using ad set budget",0,0,Prebieha,0,0,,,,,0,0,0,,,,,,,,,,,,,,,,,,,,,,
2026-03-24,2026-03-24,"FilipZ | Sales | TOF",inactive,"Multiple attribution settings",3,1,3,3,actions:offsite_conversion.fb_pixel_purchase,1875,1.6928,6.06,,6.06,6.06,"Using ad set budget",0,18.18,Prebieha,3174,5.727788,38,,0.478421,1.197227,117,3.6862,0.155385,29,,,,0.626897,,,,168.28,49.89,168.28,168.28,3,1,3,3,168.28,49.89,168.28,168.28,,
2026-03-24,2026-03-24,"FilipZ | Traffic | LPV",inactive,"7-day click or 1-day view",134,,,,actions:omni_landing_page_view,2636,1.044006,0.02350746,,,,"Using ad set budget",0,3.15,Prebieha,2752,1.144622,169,,0.018639,6.140988,231,8.393895,0.013636,134,,,,0.023507,,,,,,,,,,,,,,,,,
2026-03-24,2026-03-24,"FilipZ | Traffic | Page likes",inactive,"1-day click",31,,,,total_profile_visits,1088,1.013787,0.09,,,,"Using ad set budget",0,2.79,Prebieha,1103,2.529465,26,,0.107308,2.357208,73,6.618314,0.038219,2,,,,1.395,,,,,,,,,,,,,,,,,
2026-03-23,2026-03-23,"(H) Promo postu",inactive,"7-day click or 1-day view",,,,,,0,0,,,,,"Using ad set budget",0,0,2026-06-29,0,0,,,,,0,0,0,,,,,,,,,,,,,,,,,,,,,,
2026-03-23,2026-03-23,"(H) Konverze",active,"7-day click, 1-day view, or 1-day engaged-view",,,,,,0,0,,,,,"Using ad set budget",0,0,Prebieha,0,0,,,,,0,0,0,,,,,,,,,,,,,,,,,,,,,,
2026-03-23,2026-03-23,"Filip | Sales | RMKT",inactive,"7-day click or 1-day engaged-view",,,,,,0,0,,,,,"Using ad set budget",0,0,Prebieha,0,0,,,,,0,0,0,,,,,,,,,,,,,,,,,,,,,,
2026-03-23,2026-03-23,"FilipZ | Sales | TOF",inactive,"Multiple attribution settings",2,,2,2,actions:offsite_conversion.fb_pixel_purchase,2523,1.751883,15.475,,15.475,15.475,"Using ad set budget",0,30.95,Prebieha,4420,7.002262,61,,0.507377,1.380091,176,3.9819,0.175852,37,,,,0.836486,,,,99.78,,99.78,99.78,2,,2,2,99.78,,99.78,99.78,,
2026-03-23,2026-03-23,"FilipZ | Traffic | LPV",inactive,"7-day click or 1-day view",141,,,,actions:omni_landing_page_view,2685,1.063315,0.02120567,,,,"Using ad set budget",0,2.99,Prebieha,2855,1.047285,163,,0.018344,5.709282,244,8.54641,0.012254,141,,,,0.021206,,,,,,,,,,,,,,,,,
2026-03-23,2026-03-23,"FilipZ | Traffic | Page likes",inactive,"1-day click",33,,,,total_profile_visits,1384,1.050578,0.08575758,,,,"Using ad set budget",0,2.83,Prebieha,1454,1.946355,21,,0.134762,1.444292,106,7.290234,0.026698,4,,,,0.7075,,,,,,,,,,,,,,,,,
2026-03-22,2026-03-22,"(H) Promo postu",inactive,"7-day click or 1-day view",,,,,,0,0,,,,,"Using ad set budget",0,0,2026-06-29,0,0,,,,,0,0,0,,,,,,,,,,,,,,,,,,,,,,
2026-03-22,2026-03-22,"(H) Konverze",active,"7-day click, 1-day view, or 1-day engaged-view",,,,,,0,0,,,,,"Using ad set budget",0,0,Prebieha,0,0,,,,,0,0,0,,,,,,,,,,,,,,,,,,,,,,
2026-03-22,2026-03-22,"Filip | Sales | RMKT",inactive,"7-day click or 1-day engaged-view",,,,,,0,0,,,,,"Using ad set budget",0,0,Prebieha,0,0,,,,,0,0,0,,,,,,,,,,,,,,,,,,,,,,
2026-03-22,2026-03-22,"FilipZ | Sales | TOF",inactive,"Multiple attribution settings",3,,3,3,actions:offsite_conversion.fb_pixel_purchase,2750,1.570909,8.71333333,,8.71333333,8.71333333,"Using ad set budget",0,26.14,Prebieha,4320,6.050926,50,,0.5228,1.157407,110,2.546296,0.237636,30,,,,0.871333,,,,132.42,,132.42,132.42,3,,3,3,132.42,,132.42,132.42,,
2026-03-22,2026-03-22,"FilipZ | Traffic | LPV",inactive,"7-day click or 1-day view",177,,,,actions:omni_landing_page_view,2911,1.086568,0.01898305,,,,"Using ad set budget",0,3.36,Prebieha,3163,1.062283,206,,0.016311,6.512804,281,8.883971,0.011957,177,,,,0.018983,,,,,,,,,,,,,,,,,
2026-03-22,2026-03-22,"FilipZ | Traffic | Page likes",inactive,"1-day click",38,,,,total_profile_visits,1416,1.089689,0.08921053,,,,"Using ad set budget",0,3.39,Prebieha,1543,2.197019,20,,0.1695,1.296176,107,6.934543,0.031682,4,,,,0.8475,,,,,,,,,,,,,,,,,
2026-03-21,2026-03-21,"(H) Promo postu",inactive,"7-day click or 1-day view",,,,,,0,0,,,,,"Using ad set budget",0,0,2026-06-29,0,0,,,,,0,0,0,,,,,,,,,,,,,,,,,,,,,,
2026-03-21,2026-03-21,"(H) Konverze",active,"7-day click, 1-day view, or 1-day engaged-view",,,,,,0,0,,,,,"Using ad set budget",0,0,Prebieha,0,0,,,,,0,0,0,,,,,,,,,,,,,,,,,,,,,,
2026-03-21,2026-03-21,"Filip | Sales | RMKT",inactive,"7-day click or 1-day engaged-view",,,,,,0,0,,,,,"Using ad set budget",0,0,Prebieha,0,0,,,,,0,0,0,,,,,,,,,,,,,,,,,,,,,,
2026-03-21,2026-03-21,"FilipZ | Sales | TOF",inactive,"Multiple attribution settings",1,,1,1,actions:offsite_conversion.fb_pixel_purchase,2477,1.4348,20.94,,20.94,20.94,"Using ad set budget",0,20.94,Prebieha,3554,5.891953,51,,0.410588,1.435003,102,2.870006,0.205294,38,,,,0.551053,,,,49.89,,49.89,49.89,1,,1,1,49.89,,49.89,49.89,,
2026-03-21,2026-03-21,"FilipZ | Traffic | LPV",inactive,"7-day click or 1-day view",116,,,,actions:omni_landing_page_view,2056,1.064689,0.02181034,,,,"Using ad set budget",0,2.53,Prebieha,2189,1.155779,135,,0.018741,6.1672,206,9.41069,0.012282,116,,,,0.02181,,,,,,,,,,,,,,,,,
2026-03-21,2026-03-21,"FilipZ | Traffic | Page likes",inactive,"1-day click",32,,,,total_profile_visits,975,1.084103,0.0896875,,,,"Using ad set budget",0,2.87,Prebieha,1057,2.715232,14,,0.205,1.324503,69,6.527909,0.041594,1,,,,2.87,,,,,,,,,,,,,,,,,
2026-03-20,2026-03-20,"(H) Promo postu",inactive,"7-day click or 1-day view",,,,,,0,0,,,,,"Using ad set budget",0,0,2026-06-29,0,0,,,,,0,0,0,,,,,,,,,,,,,,,,,,,,,,
2026-03-20,2026-03-20,"(H) Konverze",active,"7-day click, 1-day view, or 1-day engaged-view",,,,,,0,0,,,,,"Using ad set budget",0,0,Prebieha,0,0,,,,,0,0,0,,,,,,,,,,,,,,,,,,,,,,
2026-03-20,2026-03-20,"Filip | Sales | RMKT",inactive,"7-day click or 1-day engaged-view",,,,,,0,0,,,,,"Using ad set budget",0,0,Prebieha,0,0,,,,,0,0,0,,,,,,,,,,,,,,,,,,,,,,
2026-03-20,2026-03-20,"FilipZ | Sales | TOF",inactive,"Multiple attribution settings",1,,,1,actions:offsite_conversion.fb_pixel_purchase,1931,1.576385,19.64,,,19.64,"Using ad set budget",0,19.64,Prebieha,3044,6.452037,42,,0.467619,1.379763,98,3.219448,0.200408,28,,,,0.701429,,,,126.63,,,126.63,1,,,1,126.63,,,126.63,,
2026-03-20,2026-03-20,"FilipZ | Traffic | LPV",inactive,"7-day click or 1-day view",159,,,,actions:omni_landing_page_view,2422,1.080099,0.02044025,,,,"Using ad set budget",0,3.25,Prebieha,2616,1.242355,178,,0.018258,6.804281,246,9.40367,0.013211,159,,,,0.02044,,,,,,,,,,,,,,,,,
2026-03-20,2026-03-20,"FilipZ | Traffic | Page likes",inactive,"1-day click",32,,,,total_profile_visits,1088,1.045037,0.10375,,,,"Using ad set budget",0,3.32,Prebieha,1137,2.919965,18,,0.184444,1.583113,60,5.277045,0.055333,1,,,,3.32,,,,,,,,,,,,,,,,,
2026-03-19,2026-03-19,"(H) Promo postu",inactive,"7-day click or 1-day view",,,,,,0,0,,,,,"Using ad set budget",0,0,2026-06-29,0,0,,,,,0,0,0,,,,,,,,,,,,,,,,,,,,,,
2026-03-19,2026-03-19,"(H) Konverze",active,"7-day click, 1-day view, or 1-day engaged-view",,,,,,0,0,,,,,"Using ad set budget",0,0,Prebieha,0,0,,,,,0,0,0,,,,,,,,,,,,,,,,,,,,,,
2026-03-19,2026-03-19,"Filip | Sales | RMKT",inactive,"7-day click or 1-day engaged-view",,,,,,0,0,,,,,"Using ad set budget",0,0,Prebieha,0,0,,,,,0,0,0,,,,,,,,,,,,,,,,,,,,,,
2026-03-19,2026-03-19,"FilipZ | Sales | TOF",inactive,"Multiple attribution settings",1,4,1,1,actions:offsite_conversion.fb_pixel_purchase,2060,1.747573,26.23,,26.23,26.23,"Using ad set budget",0,26.23,Prebieha,3600,7.286111,59,,0.444576,1.638889,165,4.583333,0.15897,38,,,,0.690263,,,,49.89,189.56,49.89,49.89,1,4,1,1,49.89,189.56,49.89,49.89,,
2026-03-19,2026-03-19,"FilipZ | Traffic | LPV",inactive,"7-day click or 1-day view",116,,,,actions:omni_landing_page_view,2361,1.026684,0.02663793,,,,"Using ad set budget",0,3.09,Prebieha,2424,1.274752,133,,0.023233,5.486799,195,8.044554,0.015846,116,,,,0.026638,,,,,,,,,,,,,,,,,
2026-03-19,2026-03-19,"FilipZ | Traffic | Page likes",inactive,"1-day click",33,,,,total_profile_visits,1056,1.087121,0.09515152,,,,"Using ad set budget",0,3.14,Prebieha,1148,2.735192,24,,0.130833,2.090592,61,5.313589,0.051475,,,,,,,,,,,,,,,,,,,,,,
2026-03-18,2026-03-18,"(H) Promo postu",inactive,"7-day click or 1-day view",,,,,,0,0,,,,,"Using ad set budget",0,0,2026-06-29,0,0,,,,,0,0,0,,,,,,,,,,,,,,,,,,,,,,
2026-03-18,2026-03-18,"(H) Konverze",active,"7-day click, 1-day view, or 1-day engaged-view",,,,,,0,0,,,,,"Using ad set budget",0,0,Prebieha,0,0,,,,,0,0,0,,,,,,,,,,,,,,,,,,,,,,
2026-03-18,2026-03-18,"Filip | Sales | RMKT",inactive,"7-day click or 1-day engaged-view",,,,,,0,0,,,,,"Using ad set budget",0,0,Prebieha,0,0,,,,,0,0,0,,,,,,,,,,,,,,,,,,,,,,
2026-03-18,2026-03-18,"FilipZ | Sales | TOF",inactive,"Multiple attribution settings",4,,4,4,actions:offsite_conversion.fb_pixel_purchase,2311,1.697534,6.085,,6.085,6.085,"Using ad set budget",0,24.34,Prebieha,3923,6.204435,61,,0.399016,1.554932,164,4.180474,0.148415,38,,,,0.640526,,,,189.56,,189.56,189.56,4,,4,4,189.56,,189.56,189.56,,
2026-03-18,2026-03-18,"FilipZ | Traffic | LPV",inactive,"7-day click or 1-day view",122,,,,actions:omni_landing_page_view,2268,1.132716,0.02581967,,,,"Using ad set budget",0,3.15,Prebieha,2569,1.226158,173,,0.018208,6.734138,250,9.731413,0.0126,122,,,,0.02582,,,,,,,,,,,,,,,,,
2026-03-18,2026-03-18,"FilipZ | Traffic | Page likes",inactive,"1-day click",20,,,,total_profile_visits,1297,1,0.1385,,,,"Using ad set budget",0,2.77,Prebieha,1297,2.135698,12,,0.230833,0.925212,68,5.242868,0.040735,2,,,,1.385,,,,,,,,,,,,,,,,,
2026-03-17,2026-03-17,"(H) Promo postu",inactive,"7-day click or 1-day view",,,,,,0,0,,,,,"Using ad set budget",0,0,2026-06-29,0,0,,,,,0,0,0,,,,,,,,,,,,,,,,,,,,,,
2026-03-17,2026-03-17,"(H) Konverze",active,"7-day click, 1-day view, or 1-day engaged-view",,,,,,0,0,,,,,"Using ad set budget",0,0,Prebieha,0,0,,,,,0,0,0,,,,,,,,,,,,,,,,,,,,,,
2026-03-17,2026-03-17,"Filip | Sales | RMKT",inactive,"7-day click or 1-day engaged-view",,,,,,0,0,,,,,"Using ad set budget",0,0,Prebieha,0,0,,,,,0,0,0,,,,,,,,,,,,,,,,,,,,,,
2026-03-17,2026-03-17,"FilipZ | Sales | TOF",inactive,"Multiple attribution settings",4,,4,4,actions:offsite_conversion.fb_pixel_purchase,2263,1.771984,6.2975,,6.2975,6.2975,"Using ad set budget",0,25.19,Prebieha,4010,6.281796,55,,0.458,1.371571,153,3.815461,0.164641,38,,,,0.662895,,,,194.56,,194.56,194.56,4,,4,4,194.56,,194.56,194.56,,
2026-03-17,2026-03-17,"FilipZ | Traffic | LPV",inactive,"7-day click or 1-day view",84,,,,actions:omni_landing_page_view,1823,1.099835,0.02940476,,,,"Using ad set budget",0,2.47,Prebieha,2005,1.23192,118,,0.020932,5.885287,184,9.177057,0.013424,84,,,,0.029405,,,,,,,,,,,,,,,,,
2026-03-17,2026-03-17,"FilipZ | Traffic | Page likes",inactive,"1-day click",20,,,,total_profile_visits,1112,1.033273,0.125,,,,"Using ad set budget",0,2.5,Prebieha,1149,2.175805,10,,0.25,0.870322,63,5.483029,0.039683,2,,,,1.25,,,,,,,,,,,,,,,,,
2026-03-16,2026-03-16,"(H) Promo postu",inactive,"7-day click or 1-day view",,,,,,0,0,,,,,"Using ad set budget",0,0,2026-06-29,0,0,,,,,0,0,0,,,,,,,,,,,,,,,,,,,,,,
2026-03-16,2026-03-16,"(H) Konverze",active,"7-day click, 1-day view, or 1-day engaged-view",,,,,,0,0,,,,,"Using ad set budget",0,0,Prebieha,0,0,,,,,0,0,0,,,,,,,,,,,,,,,,,,,,,,
2026-03-16,2026-03-16,"Filip | Sales | RMKT",inactive,"7-day click or 1-day engaged-view",,,,,,0,0,,,,,"Using ad set budget",0,0,Prebieha,0,0,,,,,0,0,0,,,,,,,,,,,,,,,,,,,,,,
2026-03-16,2026-03-16,"FilipZ | Sales | TOF",inactive,"Multiple attribution settings",4,1,4,4,actions:offsite_conversion.fb_pixel_purchase,2386,1.607712,5.9125,,5.9125,5.9125,"Using ad set budget",0,23.65,Prebieha,3836,6.165276,68,,0.347794,1.77268,189,4.927007,0.125132,37,,,,0.639189,,,,324.07,96.79,324.07,324.07,4,1,4,4,324.07,96.79,324.07,324.07,,
2026-03-16,2026-03-16,"FilipZ | Traffic | LPV",inactive,"7-day click or 1-day view",146,,,,actions:omni_landing_page_view,2754,1.068627,0.02376712,,,,"Using ad set budget",0,3.47,Prebieha,2943,1.179069,177,,0.019605,6.014271,242,8.222902,0.014339,146,,,,0.023767,,,,,,,,,,,,,,,,,
2026-03-16,2026-03-16,"FilipZ | Traffic | Page likes",inactive,"1-day click",20,,,,total_profile_visits,1612,1.014268,0.1455,,,,"Using ad set budget",0,2.91,Prebieha,1635,1.779817,15,,0.194,0.917431,113,6.911315,0.025752,11,,,,0.264545,,,,,,,,,,,,,,,,,
2026-03-15,2026-03-15,"(H) Promo postu",inactive,"7-day click or 1-day view",,,,,,0,0,,,,,"Using ad set budget",0,0,2026-06-29,0,0,,,,,0,0,0,,,,,,,,,,,,,,,,,,,,,,
2026-03-15,2026-03-15,"(H) Konverze",active,"7-day click, 1-day view, or 1-day engaged-view",,,,,,0,0,,,,,"Using ad set budget",0,0,Prebieha,0,0,,,,,0,0,0,,,,,,,,,,,,,,,,,,,,,,
2026-03-15,2026-03-15,"Filip | Sales | RMKT",inactive,"7-day click or 1-day engaged-view",,,,,,0,0,,,,,"Using ad set budget",0,0,Prebieha,0,0,,,,,0,0,0,,,,,,,,,,,,,,,,,,,,,,
2026-03-15,2026-03-15,"FilipZ | Sales | TOF",inactive,"Multiple attribution settings",1,,1,1,actions:offsite_conversion.fb_pixel_purchase,2925,1.534701,27.95,,27.95,27.95,"Using ad set budget",0,27.95,Prebieha,4489,6.226331,88,,0.317614,1.960348,232,5.168189,0.120474,61,,,,0.458197,,,,49.89,,49.89,49.89,1,,1,1,49.89,,49.89,49.89,,
2026-03-15,2026-03-15,"FilipZ | Traffic | LPV",inactive,"7-day click or 1-day view",118,,,,actions:omni_landing_page_view,2367,1.100127,0.02525424,,,,"Using ad set budget",0,2.98,Prebieha,2604,1.144393,156,,0.019103,5.990783,260,9.984639,0.011462,118,,,,0.025254,,,,,,,,,,,,,,,,,
2026-03-15,2026-03-15,"FilipZ | Traffic | Page likes",inactive,"1-day click",50,,,,total_profile_visits,1943,1,0.0694,,,,"Using ad set budget",0,3.47,Prebieha,1943,1.785898,36,,0.096389,1.852805,157,8.080288,0.022102,10,,,,0.347,,,,,,,,,,,,,,,,,
2026-03-14,2026-03-14,"(H) Promo postu",inactive,"7-day click or 1-day view",,,,,,0,0,,,,,"Using ad set budget",0,0,2026-06-29,0,0,,,,,0,0,0,,,,,,,,,,,,,,,,,,,,,,
2026-03-14,2026-03-14,"(H) Konverze",active,"7-day click, 1-day view, or 1-day engaged-view",,,,,,0,0,,,,,"Using ad set budget",0,0,Prebieha,0,0,,,,,0,0,0,,,,,,,,,,,,,,,,,,,,,,
2026-03-14,2026-03-14,"Filip | Sales | RMKT",inactive,"7-day click or 1-day engaged-view",,,,,,0,0,,,,,"Using ad set budget",0,0,Prebieha,0,0,,,,,0,0,0,,,,,,,,,,,,,,,,,,,,,,
2026-03-14,2026-03-14,"FilipZ | Sales | TOF",inactive,"Multiple attribution settings",4,1,4,4,actions:offsite_conversion.fb_pixel_purchase,2364,1.707276,6.4,,6.4,6.4,"Using ad set budget",0,25.6,Prebieha,4036,6.342914,62,,0.412903,1.536174,140,3.468781,0.182857,41,,,,0.62439,,,,276.3,44.89,276.3,276.3,4,1,4,4,276.3,44.89,276.3,276.3,,
2026-03-14,2026-03-14,"FilipZ | Traffic | LPV",inactive,"7-day click or 1-day view",147,,,,actions:omni_landing_page_view,2377,1.047118,0.02068027,,,,"Using ad set budget",0,3.04,Prebieha,2489,1.221374,175,,0.017371,7.030936,228,9.160305,0.013333,147,,,,0.02068,,,,,,,,,,,,,,,,,
2026-03-14,2026-03-14,"FilipZ | Traffic | Page likes",inactive,"1-day click",26,,,,total_profile_visits,1450,1.042759,0.11846154,,,,"Using ad set budget",0,3.08,Prebieha,1512,2.037037,13,,0.236923,0.859788,83,5.489418,0.037108,6,,,,0.513333,,,,,,,,,,,,,,,,,
2026-03-13,2026-03-13,"(H) Promo postu",inactive,"7-day click or 1-day view",,,,,,0,0,,,,,"Using ad set budget",0,0,2026-06-29,0,0,,,,,0,0,0,,,,,,,,,,,,,,,,,,,,,,
2026-03-13,2026-03-13,"(H) Konverze",active,"7-day click, 1-day view, or 1-day engaged-view",,,,,,0,0,,,,,"Using ad set budget",0,0,Prebieha,0,0,,,,,0,0,0,,,,,,,,,,,,,,,,,,,,,,
2026-03-13,2026-03-13,"Filip | Sales | RMKT",inactive,"7-day click or 1-day engaged-view",,,,,,0,0,,,,,"Using ad set budget",0,0,Prebieha,0,0,,,,,0,0,0,,,,,,,,,,,,,,,,,,,,,,
2026-03-13,2026-03-13,"FilipZ | Sales | TOF",inactive,"Multiple attribution settings",3,,3,3,actions:offsite_conversion.fb_pixel_purchase,1963,1.685685,6.6,,6.6,6.6,"Using ad set budget",0,19.8,Prebieha,3309,5.983681,48,,0.4125,1.450589,79,2.387428,0.250633,37,,,,0.535135,,,,149.67,,149.67,149.67,3,,3,3,149.67,,149.67,149.67,,
2026-03-13,2026-03-13,"FilipZ | Traffic | LPV",inactive,"7-day click or 1-day view",128,,,,actions:omni_landing_page_view,2068,1.116054,0.01992187,,,,"Using ad set budget",0,2.55,Prebieha,2308,1.104853,145,,0.017586,6.282496,226,9.792028,0.011283,128,,,,0.019922,,,,,,,,,,,,,,,,,
2026-03-13,2026-03-13,"FilipZ | Traffic | Page likes",inactive,"1-day click",21,,,,total_profile_visits,1286,1.0521,0.13238095,,,,"Using ad set budget",0,2.78,Prebieha,1353,2.054693,8,,0.3475,0.591279,90,6.651885,0.030889,4,,,,0.695,,,,,,,,,,,,,,,,,
2026-03-12,2026-03-12,"(H) Promo postu",inactive,"7-day click or 1-day view",,,,,,0,0,,,,,"Using ad set budget",0,0,2026-06-29,0,0,,,,,0,0,0,,,,,,,,,,,,,,,,,,,,,,
2026-03-12,2026-03-12,"(H) Konverze",active,"7-day click, 1-day view, or 1-day engaged-view",,,,,,0,0,,,,,"Using ad set budget",0,0,Prebieha,0,0,,,,,0,0,0,,,,,,,,,,,,,,,,,,,,,,
2026-03-12,2026-03-12,"Filip | Sales | RMKT",inactive,"7-day click or 1-day engaged-view",,,,,,0,0,,,,,"Using ad set budget",0,0,Prebieha,0,0,,,,,0,0,0,,,,,,,,,,,,,,,,,,,,,,
2026-03-12,2026-03-12,"FilipZ | Sales | TOF",inactive,"Multiple attribution settings",4,1,4,4,actions:offsite_conversion.fb_pixel_purchase,2065,1.717676,5.2075,,5.2075,5.2075,"Using ad set budget",0,20.83,Prebieha,3547,5.872568,58,,0.359138,1.635185,119,3.354948,0.175042,41,,,,0.508049,,,,353.04,49.89,353.04,353.04,4,1,4,4,353.04,49.89,353.04,353.04,,
2026-03-12,2026-03-12,"FilipZ | Traffic | LPV",inactive,"7-day click or 1-day view",119,,,,actions:omni_landing_page_view,2101,1.065683,0.0212605,,,,"Using ad set budget",0,2.53,Prebieha,2239,1.129969,146,,0.017329,6.520768,215,9.602501,0.011767,119,,,,0.021261,,,,,,,,,,,,,,,,,
2026-03-12,2026-03-12,"FilipZ | Traffic | Page likes",inactive,"1-day click",14,,,,total_profile_visits,1178,1.047538,0.195,,,,"Using ad set budget",0,2.73,Prebieha,1234,2.212318,8,,0.34125,0.648298,81,6.564019,0.033704,3,,,,0.91,,,,,,,,,,,,,,,,,
2026-03-11,2026-03-11,"(H) Promo postu",inactive,"7-day click or 1-day view",,,,,,0,0,,,,,"Using ad set budget",0,0,2026-06-29,0,0,,,,,0,0,0,,,,,,,,,,,,,,,,,,,,,,
2026-03-11,2026-03-11,"(H) Konverze",active,"7-day click, 1-day view, or 1-day engaged-view",,,,,,0,0,,,,,"Using ad set budget",0,0,Prebieha,0,0,,,,,0,0,0,,,,,,,,,,,,,,,,,,,,,,
2026-03-11,2026-03-11,"Filip | Sales | RMKT",inactive,"7-day click or 1-day engaged-view",,,,,,0,0,,,,,"Using ad set budget",0,0,Prebieha,0,0,,,,,0,0,0,,,,,,,,,,,,,,,,,,,,,,
2026-03-11,2026-03-11,"FilipZ | Sales | TOF",inactive,"Multiple attribution settings",3,,2,3,actions:offsite_conversion.fb_pixel_purchase,2655,1.656121,8.97333333,,13.46,8.97333333,"Using ad set budget",0,26.92,Prebieha,4397,6.122356,74,,0.363784,1.682966,226,5.139868,0.119115,52,,,,0.517692,,,,221.41,,94.78,221.41,3,,2,3,221.41,,94.78,221.41,,
2026-03-11,2026-03-11,"FilipZ | Traffic | LPV",inactive,"7-day click or 1-day view",165,,,,actions:omni_landing_page_view,3195,1.073239,0.02193939,,,,"Using ad set budget",0,3.62,Prebieha,3429,1.055701,206,,0.017573,6.007582,307,8.953048,0.011792,165,,,,0.021939,,,,,,,,,,,,,,,,,
2026-03-11,2026-03-11,"FilipZ | Traffic | Page likes",inactive,"1-day click",39,,,,total_profile_visits,1746,1.004009,0.08230769,,,,"Using ad set budget",0,3.21,Prebieha,1753,1.831147,21,,0.152857,1.197946,125,7.130633,0.02568,10,,,,0.321,,,,,,,,,,,,,,,,,
2026-03-10,2026-03-10,"(H) Promo postu",inactive,"7-day click or 1-day view",,,,,,0,0,,,,,"Using ad set budget",0,0,2026-06-29,0,0,,,,,0,0,0,,,,,,,,,,,,,,,,,,,,,,
2026-03-10,2026-03-10,"(H) Konverze",active,"7-day click, 1-day view, or 1-day engaged-view",,,,,,0,0,,,,,"Using ad set budget",0,0,Prebieha,0,0,,,,,0,0,0,,,,,,,,,,,,,,,,,,,,,,
2026-03-10,2026-03-10,"Filip | Sales | RMKT",inactive,"7-day click or 1-day engaged-view",,,,,,0,0,,,,,"Using ad set budget",0,0,Prebieha,0,0,,,,,0,0,0,,,,,,,,,,,,,,,,,,,,,,
2026-03-10,2026-03-10,"FilipZ | Sales | TOF",inactive,"Multiple attribution settings",5,,5,5,actions:offsite_conversion.fb_pixel_purchase,2509,1.719012,5.496,,5.496,5.496,"Using ad set budget",0,27.48,Prebieha,4313,6.371435,94,,0.29234,2.179457,193,4.474844,0.142383,70,,,,0.392571,,,,286.35,,286.35,286.35,5,,5,5,286.35,,286.35,286.35,,
2026-03-10,2026-03-10,"FilipZ | Traffic | LPV",inactive,"7-day click or 1-day view",143,,,,actions:omni_landing_page_view,2318,1.047023,0.01888112,,,,"Using ad set budget",0,2.7,Prebieha,2427,1.112485,163,,0.016564,6.71611,239,9.847548,0.011297,143,,,,0.018881,,,,,,,,,,,,,,,,,
2026-03-10,2026-03-10,"FilipZ | Traffic | Page likes",inactive,"1-day click",41,,,,total_profile_visits,1972,1.012677,0.08170732,,,,"Using ad set budget",0,3.35,Prebieha,1997,1.677516,26,,0.128846,1.301953,149,7.461192,0.022483,3,,,,1.116667,,,,,,,,,,,,,,,,,
2026-03-09,2026-03-09,"(H) Promo postu",inactive,"7-day click or 1-day view",,,,,,0,0,,,,,"Using ad set budget",0,0,2026-06-29,0,0,,,,,0,0,0,,,,,,,,,,,,,,,,,,,,,,
2026-03-09,2026-03-09,"(H) Konverze",active,"7-day click, 1-day view, or 1-day engaged-view",,,,,,0,0,,,,,"Using ad set budget",0,0,Prebieha,0,0,,,,,0,0,0,,,,,,,,,,,,,,,,,,,,,,
2026-03-09,2026-03-09,"Filip | Sales | RMKT",inactive,"7-day click or 1-day engaged-view",,,,,,0,0,,,,,"Using ad set budget",0,0,Prebieha,0,0,,,,,0,0,0,,,,,,,,,,,,,,,,,,,,,,
2026-03-09,2026-03-09,"FilipZ | Sales | TOF",inactive,"Multiple attribution settings",5,,5,5,actions:offsite_conversion.fb_pixel_purchase,2253,1.83178,5.166,,5.166,5.166,"Using ad set budget",0,25.83,Prebieha,4127,6.258784,73,,0.353836,1.768839,167,4.046523,0.154671,63,,,,0.41,,,,397.93,,397.93,397.93,5,,5,5,397.93,,397.93,397.93,,
2026-03-09,2026-03-09,"FilipZ | Traffic | LPV",inactive,"7-day click or 1-day view",128,,,,actions:omni_landing_page_view,2688,1.053199,0.02414062,,,,"Using ad set budget",0,3.09,Prebieha,2831,1.091487,152,,0.020329,5.369128,245,8.654186,0.012612,128,,,,0.024141,,,,,,,,,,,,,,,,,
2026-03-09,2026-03-09,"FilipZ | Traffic | Page likes",inactive,"1-day click",60,,,,total_profile_visits,1933,1.020693,0.0505,,,,"Using ad set budget",0,3.03,Prebieha,1973,1.535732,34,,0.089118,1.723264,168,8.514952,0.018036,13,,,,0.233077,,,,,,,,,,,,,,,,,
2026-03-08,2026-03-08,"(H) Promo postu",inactive,"7-day click or 1-day view",,,,,,0,0,,,,,"Using ad set budget",0,0,2026-06-29,0,0,,,,,0,0,0,,,,,,,,,,,,,,,,,,,,,,
2026-03-08,2026-03-08,"(H) Konverze",active,"7-day click, 1-day view, or 1-day engaged-view",,,,,,0,0,,,,,"Using ad set budget",0,0,Prebieha,0,0,,,,,0,0,0,,,,,,,,,,,,,,,,,,,,,,
2026-03-08,2026-03-08,"Filip | Sales | RMKT",inactive,"7-day click or 1-day engaged-view",,,,,,0,0,,,,,"Using ad set budget",0,0,Prebieha,0,0,,,,,0,0,0,,,,,,,,,,,,,,,,,,,,,,
2026-03-08,2026-03-08,"FilipZ | Sales | TOF",inactive,"Multiple attribution settings",4,,4,4,actions:offsite_conversion.fb_pixel_purchase,2707,1.702253,7.1075,,7.1075,7.1075,"Using ad set budget",0,28.43,Prebieha,4608,6.169705,84,,0.338452,1.822917,159,3.450521,0.178805,67,,,,0.424328,,,,353.04,,353.04,353.04,4,,4,4,353.04,,353.04,353.04,,
2026-03-08,2026-03-08,"FilipZ | Traffic | LPV",inactive,"7-day click or 1-day view",173,,,,actions:omni_landing_page_view,3081,1.071081,0.0199422,,,,"Using ad set budget",0,3.45,Prebieha,3300,1.045455,208,,0.016587,6.30303,313,9.484848,0.011022,173,,,,0.019942,,,,,,,,,,,,,,,,,
2026-03-08,2026-03-08,"FilipZ | Traffic | Page likes",inactive,"1-day click",35,,,,total_profile_visits,1875,1.0416,0.08028571,,,,"Using ad set budget",0,2.81,Prebieha,1953,1.438812,23,,0.122174,1.177675,143,7.322069,0.01965,7,,,,0.401429,,,,,,,,,,,,,,,,,
2026-03-07,2026-03-07,"(H) Promo postu",inactive,"7-day click or 1-day view",,,,,,0,0,,,,,"Using ad set budget",0,0,2026-06-29,0,0,,,,,0,0,0,,,,,,,,,,,,,,,,,,,,,,
2026-03-07,2026-03-07,"(H) Konverze",active,"7-day click, 1-day view, or 1-day engaged-view",,,,,,0,0,,,,,"Using ad set budget",0,0,Prebieha,0,0,,,,,0,0,0,,,,,,,,,,,,,,,,,,,,,,
2026-03-07,2026-03-07,"Filip | Sales | RMKT",inactive,"7-day click or 1-day engaged-view",,,,,,0,0,,,,,"Using ad set budget",0,0,Prebieha,0,0,,,,,0,0,0,,,,,,,,,,,,,,,,,,,,,,
2026-03-07,2026-03-07,"FilipZ | Sales | TOF",inactive,"Multiple attribution settings",,2,,,actions:offsite_conversion.fb_pixel_purchase,2857,1.695485,,,,,"Using ad set budget",0,28.64,Prebieha,4844,5.912469,94,,0.304681,1.940545,178,3.674649,0.160899,65,,,,0.440615,,,,,124.61,,,,2,,,,124.61,,,,
2026-03-07,2026-03-07,"FilipZ | Traffic | LPV",inactive,"7-day click or 1-day view",116,,,,actions:omni_landing_page_view,2087,1.040728,0.02284483,,,,"Using ad set budget",0,2.65,Prebieha,2172,1.220074,142,,0.018662,6.537753,203,9.346225,0.013054,116,,,,0.022845,,,,,,,,,,,,,,,,,
2026-03-07,2026-03-07,"FilipZ | Traffic | Page likes",inactive,"1-day click",37,,,,total_profile_visits,1604,1,0.06702703,,,,"Using ad set budget",0,2.48,Prebieha,1604,1.546135,27,,0.091852,1.683292,122,7.605985,0.020328,7,,,,0.354286,,,,,,,,,,,,,,,,,
2026-03-06,2026-03-06,"(H) Promo postu",inactive,"7-day click or 1-day view",,,,,,0,0,,,,,"Using ad set budget",0,0,2026-06-29,0,0,,,,,0,0,0,,,,,,,,,,,,,,,,,,,,,,
2026-03-06,2026-03-06,"(H) Konverze",active,"7-day click, 1-day view, or 1-day engaged-view",,,,,,0,0,,,,,"Using ad set budget",0,0,Prebieha,0,0,,,,,0,0,0,,,,,,,,,,,,,,,,,,,,,,
2026-03-06,2026-03-06,"Filip | Sales | RMKT",inactive,"7-day click or 1-day engaged-view",,,,,,0,0,,,,,"Using ad set budget",0,0,Prebieha,0,0,,,,,0,0,0,,,,,,,,,,,,,,,,,,,,,,
2026-03-06,2026-03-06,"FilipZ | Sales | TOF",inactive,"Multiple attribution settings",2,1,2,2,actions:offsite_conversion.fb_pixel_purchase,2361,1.700127,11.43,,11.43,11.43,"Using ad set budget",0,22.86,Prebieha,4014,5.695067,60,,0.381,1.494768,136,3.388142,0.168088,42,,,,0.544286,,,,99.78,49.89,99.78,99.78,2,1,2,2,99.78,49.89,99.78,99.78,,
2026-03-06,2026-03-06,"FilipZ | Traffic | LPV",inactive,"7-day click or 1-day view",190,,,,actions:omni_landing_page_view,2880,1.079167,0.01736842,,,,"Using ad set budget",0,3.3,Prebieha,3108,1.061776,217,,0.015207,6.981982,297,9.555985,0.011111,190,,,,0.017368,,,,,,,,,,,,,,,,,
2026-03-06,2026-03-06,"FilipZ | Traffic | Page likes",inactive,"1-day click",42,,,,total_profile_visits,1440,1.020833,0.06261905,,,,"Using ad set budget",0,2.63,Prebieha,1470,1.789116,19,,0.138421,1.292517,104,7.07483,0.025288,12,,,,0.219167,,,,,,,,,,,,,,,,,
2026-03-05,2026-03-05,"(H) Promo postu",inactive,"7-day click or 1-day view",,,,,,0,0,,,,,"Using ad set budget",0,0,2026-06-29,0,0,,,,,0,0,0,,,,,,,,,,,,,,,,,,,,,,
2026-03-05,2026-03-05,"(H) Konverze",active,"7-day click, 1-day view, or 1-day engaged-view",,,,,,0,0,,,,,"Using ad set budget",0,0,Prebieha,0,0,,,,,0,0,0,,,,,,,,,,,,,,,,,,,,,,
2026-03-05,2026-03-05,"Filip | Sales | RMKT",inactive,"7-day click or 1-day engaged-view",,,,,,0,0,,,,,"Using ad set budget",0,0,Prebieha,0,0,,,,,0,0,0,,,,,,,,,,,,,,,,,,,,,,
2026-03-05,2026-03-05,"FilipZ | Sales | TOF",inactive,"Multiple attribution settings",3,,2,3,actions:offsite_conversion.fb_pixel_purchase,2154,1.825905,6.7,,10.05,6.7,"Using ad set budget",0,20.1,Prebieha,3933,5.110603,53,,0.379245,1.347572,111,2.822273,0.181081,28,,,,0.717857,,,,149.67,,99.78,149.67,3,,2,3,149.67,,99.78,149.67,,
2026-03-05,2026-03-05,"FilipZ | Traffic | LPV",inactive,"7-day click or 1-day view",135,,,,actions:omni_landing_page_view,2119,1.059934,0.01866667,,,,"Using ad set budget",0,2.52,Prebieha,2246,1.121995,167,,0.01509,7.435441,232,10.329475,0.010862,135,,,,0.018667,,,,,,,,,,,,,,,,,
2026-03-05,2026-03-05,"FilipZ | Traffic | Page likes",inactive,"1-day click",43,,,,total_profile_visits,1929,1.007776,0.07209302,,,,"Using ad set budget",0,3.1,Prebieha,1944,1.59465,27,,0.114815,1.388889,150,7.716049,0.020667,8,,,,0.3875,,,,,,,,,,,,,,,,,
2026-03-04,2026-03-04,"(H) Promo postu",inactive,"7-day click or 1-day view",,,,,,0,0,,,,,"Using ad set budget",0,0,2026-06-29,0,0,,,,,0,0,0,,,,,,,,,,,,,,,,,,,,,,
2026-03-04,2026-03-04,"(H) Konverze",active,"7-day click, 1-day view, or 1-day engaged-view",,,,,,0,0,,,,,"Using ad set budget",0,0,Prebieha,0,0,,,,,0,0,0,,,,,,,,,,,,,,,,,,,,,,
2026-03-04,2026-03-04,"Filip | Sales | RMKT",inactive,"7-day click or 1-day engaged-view",,,,,,0,0,,,,,"Using ad set budget",0,0,Prebieha,0,0,,,,,0,0,0,,,,,,,,,,,,,,,,,,,,,,
2026-03-04,2026-03-04,"FilipZ | Sales | TOF",inactive,"Multiple attribution settings",1,,1,1,actions:offsite_conversion.fb_pixel_purchase,2308,1.760399,25.25,,25.25,25.25,"Using ad set budget",0,25.25,Prebieha,4063,6.21462,74,,0.341216,1.821314,179,4.405612,0.141061,49,,,,0.515306,,,,49.89,,49.89,49.89,1,,1,1,49.89,,49.89,49.89,,
2026-03-04,2026-03-04,"FilipZ | Traffic | LPV",inactive,"7-day click or 1-day view",175,,,,actions:omni_landing_page_view,3036,1.073452,0.0192,,,,"Using ad set budget",0,3.36,Prebieha,3259,1.030991,208,,0.016154,6.382326,321,9.849647,0.010467,175,,,,0.0192,,,,,,,,,,,,,,,,,
2026-03-04,2026-03-04,"FilipZ | Traffic | Page likes",inactive,"1-day click",51,,,,total_profile_visits,1820,1.031319,0.06431373,,,,"Using ad set budget",0,3.28,Prebieha,1877,1.747469,34,,0.096471,1.811401,168,8.950453,0.019524,12,,,,0.273333,,,,,,,,,,,,,,,,,
2026-03-03,2026-03-03,"(H) Promo postu",inactive,"7-day click or 1-day view",,,,,,0,0,,,,,"Using ad set budget",0,0,2026-06-29,0,0,,,,,0,0,0,,,,,,,,,,,,,,,,,,,,,,
2026-03-03,2026-03-03,"(H) Konverze",active,"7-day click, 1-day view, or 1-day engaged-view",,,,,,0,0,,,,,"Using ad set budget",0,0,Prebieha,0,0,,,,,0,0,0,,,,,,,,,,,,,,,,,,,,,,
2026-03-03,2026-03-03,"Filip | Sales | RMKT",inactive,"7-day click or 1-day engaged-view",,,,,,0,0,,,,,"Using ad set budget",0,0,Prebieha,0,0,,,,,0,0,0,,,,,,,,,,,,,,,,,,,,,,
2026-03-03,2026-03-03,"FilipZ | Sales | TOF",inactive,"Multiple attribution settings",2,,,2,actions:offsite_conversion.fb_pixel_purchase,2975,1.690084,13.34,,,13.34,"Using ad set budget",0,26.68,Prebieha,5028,5.306285,80,,0.3335,1.59109,181,3.599841,0.147403,62,,,,0.430323,,,,99.78,,,99.78,2,,,2,99.78,,,99.78,,
2026-03-03,2026-03-03,"FilipZ | Traffic | LPV",inactive,"7-day click or 1-day view",107,,,,actions:omni_landing_page_view,1850,1.043243,0.01728972,,,,"Using ad set budget",0,1.85,Prebieha,1930,0.958549,124,,0.014919,6.42487,187,9.689119,0.009893,107,,,,0.01729,,,,,,,,,,,,,,,,,
2026-03-03,2026-03-03,"FilipZ | Traffic | Page likes",inactive,"1-day click",45,,,,total_profile_visits,1851,1,0.07311111,,,,"Using ad set budget",0,3.29,Prebieha,1851,1.777418,27,,0.121852,1.458671,155,8.373852,0.021226,7,,,,0.47,,,,,,,,,,,,,,,,,
2026-03-02,2026-03-02,"(H) Promo postu",inactive,"7-day click or 1-day view",,,,,,0,0,,,,,"Using ad set budget",0,0,2026-06-29,0,0,,,,,0,0,0,,,,,,,,,,,,,,,,,,,,,,
2026-03-02,2026-03-02,"(H) Konverze",active,"7-day click, 1-day view, or 1-day engaged-view",,,,,,0,0,,,,,"Using ad set budget",0,0,Prebieha,0,0,,,,,0,0,0,,,,,,,,,,,,,,,,,,,,,,
2026-03-02,2026-03-02,"Filip | Sales | RMKT",inactive,"7-day click or 1-day engaged-view",,,,,,0,0,,,,,"Using ad set budget",0,0,Prebieha,0,0,,,,,0,0,0,,,,,,,,,,,,,,,,,,,,,,
2026-03-02,2026-03-02,"FilipZ | Sales | TOF",inactive,"Multiple attribution settings",3,1,3,3,actions:offsite_conversion.fb_pixel_purchase,2475,1.775758,8.02666667,,8.02666667,8.02666667,"Using ad set budget",0,24.08,Prebieha,4395,5.478953,96,,0.250833,2.1843,197,4.482366,0.122234,65,,,,0.370462,,,,298.15,96.79,298.15,298.15,3,1,3,3,298.15,96.79,298.15,298.15,,
2026-03-02,2026-03-02,"FilipZ | Traffic | LPV",inactive,"7-day click or 1-day view",154,,,,actions:omni_landing_page_view,2891,1.057074,0.01961039,,,,"Using ad set budget",0,3.02,Prebieha,3056,0.98822,180,,0.016778,5.890052,263,8.606021,0.011483,154,,,,0.01961,,,,,,,,,,,,,,,,,
2026-03-02,2026-03-02,"FilipZ | Traffic | Page likes",inactive,"1-day click",32,,,,total_profile_visits,1770,1,0.0896875,,,,"Using ad set budget",0,2.87,Prebieha,1770,1.621469,17,,0.168824,0.960452,120,6.779661,0.023917,11,,,,0.260909,,,,,,,,,,,,,,,,,
2026-03-01,2026-03-01,"(H) Promo postu",inactive,"7-day click or 1-day view",,,,,,0,0,,,,,"Using ad set budget",0,0,2026-06-29,0,0,,,,,0,0,0,,,,,,,,,,,,,,,,,,,,,,
2026-03-01,2026-03-01,"(H) Konverze",active,"7-day click, 1-day view, or 1-day engaged-view",,,,,,0,0,,,,,"Using ad set budget",0,0,Prebieha,0,0,,,,,0,0,0,,,,,,,,,,,,,,,,,,,,,,
2026-03-01,2026-03-01,"Filip | Sales | RMKT",inactive,"7-day click or 1-day engaged-view",,,,,,0,0,,,,,"Using ad set budget",0,0,Prebieha,0,0,,,,,0,0,0,,,,,,,,,,,,,,,,,,,,,,
2026-03-01,2026-03-01,"FilipZ | Sales | TOF",inactive,"Multiple attribution settings",4,,2,4,actions:offsite_conversion.fb_pixel_purchase,2888,1.672784,6.795,,13.59,6.795,"Using ad set budget",0,27.18,Prebieha,4831,5.626164,80,,0.33975,1.655972,179,3.705237,0.151844,58,,,,0.468621,,,,241.46,,99.78,241.46,4,,2,4,241.46,,99.78,241.46,,
2026-03-01,2026-03-01,"FilipZ | Traffic | LPV",inactive,"7-day click or 1-day view",263,,,,actions:omni_landing_page_view,4210,1.12019,0.01596958,,,,"Using ad set budget",0,4.2,Prebieha,4716,0.890585,319,,0.013166,6.764207,493,10.453774,0.008519,263,,,,0.01597,,,,,,,,,,,,,,,,,
2026-03-01,2026-03-01,"FilipZ | Traffic | Page likes",inactive,"1-day click",30,,,,total_profile_visits,2158,1.001854,0.106,,,,"Using ad set budget",0,3.18,Prebieha,2162,1.47086,17,,0.187059,0.786309,151,6.984274,0.02106,7,,,,0.454286,,,,,,,,,,,,,,,,,
2026-02-28,2026-02-28,"(H) Promo postu",inactive,"7-day click or 1-day view",,,,,,0,0,,,,,"Using ad set budget",0,0,2026-06-29,0,0,,,,,0,0,0,,,,,,,,,,,,,,,,,,,,,,
2026-02-28,2026-02-28,"(H) Konverze",active,"7-day click, 1-day view, or 1-day engaged-view",,,,,,0,0,,,,,"Using ad set budget",0,0,Prebieha,0,0,,,,,0,0,0,,,,,,,,,,,,,,,,,,,,,,
2026-02-28,2026-02-28,"Filip | Sales | RMKT",inactive,"7-day click or 1-day engaged-view",,,,,,0,0,,,,,"Using ad set budget",0,0,Prebieha,0,0,,,,,0,0,0,,,,,,,,,,,,,,,,,,,,,,
2026-02-28,2026-02-28,"FilipZ | Sales | TOF",inactive,"Multiple attribution settings",2,,2,2,actions:offsite_conversion.fb_pixel_purchase,3553,1.540107,15.24,,15.24,15.24,"Using ad set budget",0,30.48,Prebieha,5472,5.570175,87,,0.350345,1.589912,167,3.051901,0.182515,62,,,,0.491613,,,,99.78,,99.78,99.78,2,,2,2,99.78,,99.78,99.78,,
2026-02-28,2026-02-28,"FilipZ | Traffic | LPV",inactive,"7-day click or 1-day view",157,,,,actions:omni_landing_page_view,2439,1.084051,0.01783439,,,,"Using ad set budget",0,2.8,Prebieha,2644,1.059002,204,,0.013725,7.715582,301,11.384266,0.009302,157,,,,0.017834,,,,,,,,,,,,,,,,,
2026-02-28,2026-02-28,"FilipZ | Traffic | Page likes",inactive,"1-day click",28,,,,total_profile_visits,1510,1.043046,0.10357143,,,,"Using ad set budget",0,2.9,Prebieha,1575,1.84127,16,,0.18125,1.015873,126,8,0.023016,3,,,,0.966667,,,,,,,,,,,,,,,,,
2026-02-27,2026-02-27,"(H) Promo postu",inactive,"7-day click or 1-day view",,,,,,0,0,,,,,"Using ad set budget",0,0,2026-06-29,0,0,,,,,0,0,0,,,,,,,,,,,,,,,,,,,,,,
2026-02-27,2026-02-27,"(H) Konverze",active,"7-day click, 1-day view, or 1-day engaged-view",,,,,,0,0,,,,,"Using ad set budget",0,0,Prebieha,0,0,,,,,0,0,0,,,,,,,,,,,,,,,,,,,,,,
2026-02-27,2026-02-27,"Filip | Sales | RMKT",inactive,"7-day click or 1-day engaged-view",,,,,,0,0,,,,,"Using ad set budget",0,0,Prebieha,0,0,,,,,0,0,0,,,,,,,,,,,,,,,,,,,,,,
2026-02-27,2026-02-27,"FilipZ | Sales | TOF",inactive,"Multiple attribution settings",4,1,4,4,actions:offsite_conversion.fb_pixel_purchase,2928,1.699454,6.6775,,6.6775,6.6775,"Using ad set budget",0,26.71,Prebieha,4976,5.367765,79,,0.338101,1.587621,194,3.898714,0.13768,59,,,,0.452712,,,,202.89,49.89,202.89,202.89,4,1,4,4,202.89,49.89,202.89,202.89,,
2026-02-27,2026-02-27,"FilipZ | Traffic | LPV",inactive,"7-day click or 1-day view",129,,,,actions:omni_landing_page_view,2370,1.04557,0.02263566,,,,"Using ad set budget",0,2.92,Prebieha,2478,1.17837,160,,0.01825,6.45682,243,9.806295,0.012016,129,,,,0.022636,,,,,,,,,,,,,,,,,
2026-02-27,2026-02-27,"FilipZ | Traffic | Page likes",inactive,"1-day click",21,,,,total_profile_visits,1636,1,0.13809524,,,,"Using ad set budget",0,2.9,Prebieha,1636,1.772616,16,,0.18125,0.977995,151,9.229829,0.019205,7,,,,0.414286,,,,,,,,,,,,,,,,,
2026-02-26,2026-02-26,"(H) Promo postu",inactive,"7-day click or 1-day view",,,,,,0,0,,,,,"Using ad set budget",0,0,2026-06-29,0,0,,,,,0,0,0,,,,,,,,,,,,,,,,,,,,,,
2026-02-26,2026-02-26,"(H) Konverze",active,"7-day click, 1-day view, or 1-day engaged-view",,,,,,0,0,,,,,"Using ad set budget",0,0,Prebieha,0,0,,,,,0,0,0,,,,,,,,,,,,,,,,,,,,,,
2026-02-26,2026-02-26,"Filip | Sales | RMKT",inactive,"7-day click or 1-day engaged-view",,,,,,0,0,,,,,"Using ad set budget",0,0,Prebieha,0,0,,,,,0,0,0,,,,,,,,,,,,,,,,,,,,,,
2026-02-26,2026-02-26,"FilipZ | Sales | TOF",inactive,"Multiple attribution settings",5,1,2,5,actions:offsite_conversion.fb_pixel_purchase,1571,1.827498,3.602,,9.005,3.602,"Using ad set budget",0,18.01,Prebieha,2871,6.273076,47,,0.383191,1.63706,84,2.92581,0.214405,29,,,,0.621034,,,,397.93,49.89,171.52,397.93,5,1,2,5,397.93,49.89,171.52,397.93,,
2026-02-26,2026-02-26,"FilipZ | Traffic | LPV",inactive,"7-day click or 1-day view",131,,,,actions:omni_landing_page_view,1894,1.05491,0.01664122,,,,"Using ad set budget",0,2.18,Prebieha,1998,1.091091,146,,0.014932,7.307307,219,10.960961,0.009954,131,,,,0.016641,,,,,,,,,,,,,,,,,
2026-02-26,2026-02-26,"FilipZ | Traffic | Page likes",inactive,"1-day click",30,,,,total_profile_visits,1620,1,0.092,,,,"Using ad set budget",0,2.76,Prebieha,1620,1.703704,16,,0.1725,0.987654,136,8.395062,0.020294,7,,,,0.394286,,,,,,,,,,,,,,,,,
2026-02-25,2026-02-25,"(H) Promo postu",inactive,"7-day click or 1-day view",,,,,,0,0,,,,,"Using ad set budget",0,0,2026-06-29,0,0,,,,,0,0,0,,,,,,,,,,,,,,,,,,,,,,
2026-02-25,2026-02-25,"(H) Konverze",active,"7-day click, 1-day view, or 1-day engaged-view",,,,,,0,0,,,,,"Using ad set budget",0,0,Prebieha,0,0,,,,,0,0,0,,,,,,,,,,,,,,,,,,,,,,
2026-02-25,2026-02-25,"Filip | Sales | RMKT",inactive,"7-day click or 1-day engaged-view",,,,,,0,0,,,,,"Using ad set budget",0,0,Prebieha,0,0,,,,,0,0,0,,,,,,,,,,,,,,,,,,,,,,
2026-02-25,2026-02-25,"FilipZ | Sales | TOF",inactive,"Multiple attribution settings",,1,,,actions:offsite_conversion.fb_pixel_purchase,1973,1.948302,,,,,"Using ad set budget",0,21.02,Prebieha,3844,5.468262,63,,0.333651,1.638918,115,2.991675,0.182783,40,,,,0.5255,,,,,49.89,,,,1,,,,49.89,,,,
2026-02-25,2026-02-25,"FilipZ | Traffic | LPV",inactive,"7-day click or 1-day view",155,,,,actions:omni_landing_page_view,2398,1.067556,0.01612903,,,,"Using ad set budget",0,2.5,Prebieha,2560,0.976563,183,,0.013661,7.148438,290,11.328125,0.008621,155,,,,0.016129,,,,,,,,,,,,,,,,,
2026-02-25,2026-02-25,"FilipZ | Traffic | Page likes",inactive,"1-day click",43,,,,total_profile_visits,1768,1.029412,0.07,,,,"Using ad set budget",0,3.01,Prebieha,1820,1.653846,27,,0.111481,1.483516,184,10.10989,0.016359,9,,,,0.334444,,,,,,,,,,,,,,,,,
2026-02-24,2026-02-24,"(H) Promo postu",inactive,"7-day click or 1-day view",,,,,,0,0,,,,,"Using ad set budget",0,0,2026-06-29,0,0,,,,,0,0,0,,,,,,,,,,,,,,,,,,,,,,
2026-02-24,2026-02-24,"(H) Konverze",active,"7-day click, 1-day view, or 1-day engaged-view",,,,,,0,0,,,,,"Using ad set budget",0,0,Prebieha,0,0,,,,,0,0,0,,,,,,,,,,,,,,,,,,,,,,
2026-02-24,2026-02-24,"Filip | Sales | RMKT",inactive,"7-day click or 1-day engaged-view",,,,,,0,0,,,,,"Using ad set budget",0,0,Prebieha,0,0,,,,,0,0,0,,,,,,,,,,,,,,,,,,,,,,
2026-02-24,2026-02-24,"FilipZ | Sales | TOF",inactive,"Multiple attribution settings",5,3,4,5,actions:offsite_conversion.fb_pixel_purchase,2019,1.999009,4.75,,5.9375,4.75,"Using ad set budget",0,23.75,Prebieha,4036,5.884539,61,,0.389344,1.511397,164,4.063429,0.144817,43,,,,0.552326,,,,326.19,226.41,276.3,326.19,5,3,4,5,326.19,226.41,276.3,326.19,,
2026-02-24,2026-02-24,"FilipZ | Traffic | LPV",inactive,"7-day click or 1-day view",183,,,,actions:omni_landing_page_view,2989,1.066912,0.01710383,,,,"Using ad set budget",0,3.13,Prebieha,3189,0.981499,213,,0.014695,6.67921,329,10.316714,0.009514,183,,,,0.017104,,,,,,,,,,,,,,,,,
2026-02-24,2026-02-24,"FilipZ | Traffic | Page likes",inactive,"1-day click",42,,,,total_profile_visits,1864,1,0.06952381,,,,"Using ad set budget",0,2.92,Prebieha,1864,1.566524,28,,0.104286,1.502146,132,7.081545,0.022121,15,,,,0.194667,,,,,,,,,,,,,,,,,
2026-02-23,2026-02-23,"(H) Promo postu",inactive,"7-day click or 1-day view",,,,,,0,0,,,,,"Using ad set budget",0,0,2026-06-29,0,0,,,,,0,0,0,,,,,,,,,,,,,,,,,,,,,,
2026-02-23,2026-02-23,"(H) Konverze",active,"7-day click, 1-day view, or 1-day engaged-view",,,,,,0,0,,,,,"Using ad set budget",0,0,Prebieha,0,0,,,,,0,0,0,,,,,,,,,,,,,,,,,,,,,,
2026-02-23,2026-02-23,"Filip | Sales | RMKT",inactive,"7-day click or 1-day engaged-view",,,,,,0,0,,,,,"Using ad set budget",0,0,Prebieha,0,0,,,,,0,0,0,,,,,,,,,,,,,,,,,,,,,,
2026-02-23,2026-02-23,"FilipZ | Sales | TOF",inactive,"Multiple attribution settings",2,,2,2,actions:offsite_conversion.fb_pixel_purchase,2411,1.758606,12.7,,12.7,12.7,"Using ad set budget",0,25.4,Prebieha,4240,5.990566,93,,0.273118,2.193396,229,5.400943,0.110917,63,,,,0.403175,,,,89.78,,89.78,89.78,2,,2,2,89.78,,89.78,89.78,,
2026-02-23,2026-02-23,"FilipZ | Traffic | LPV",inactive,"7-day click or 1-day view",249,,,,actions:omni_landing_page_view,3419,1.075461,0.01586345,,,,"Using ad set budget",0,3.95,Prebieha,3677,1.074245,288,,0.013715,7.832472,414,11.259179,0.009541,249,,,,0.015863,,,,,,,,,,,,,,,,,
2026-02-23,2026-02-23,"FilipZ | Traffic | Page likes",inactive,"1-day click",35,,,,total_profile_visits,2100,1.024286,0.09714286,,,,"Using ad set budget",0,3.4,Prebieha,2151,1.58066,24,,0.141667,1.11576,143,6.648071,0.023776,14,,,,0.242857,,,,,,,,,,,,,,,,,
2026-02-22,2026-02-22,"(H) Promo postu",inactive,"7-day click or 1-day view",,,,,,0,0,,,,,"Using ad set budget",0,0,2026-06-29,0,0,,,,,0,0,0,,,,,,,,,,,,,,,,,,,,,,
2026-02-22,2026-02-22,"(H) Konverze",active,"7-day click, 1-day view, or 1-day engaged-view",,,,,,0,0,,,,,"Using ad set budget",0,0,Prebieha,0,0,,,,,0,0,0,,,,,,,,,,,,,,,,,,,,,,
2026-02-22,2026-02-22,"Filip | Sales | RMKT",inactive,"7-day click or 1-day engaged-view",,,,,,0,0,,,,,"Using ad set budget",0,0,Prebieha,0,0,,,,,0,0,0,,,,,,,,,,,,,,,,,,,,,,
2026-02-22,2026-02-22,"FilipZ | Sales | TOF",inactive,"Multiple attribution settings",3,,2,3,actions:offsite_conversion.fb_pixel_purchase,2750,1.970182,9.69,,14.535,9.69,"Using ad set budget",0,29.07,Prebieha,5418,5.365449,110,,0.264273,2.030269,242,4.466593,0.120124,73,,,,0.398219,,,,221.41,,94.78,221.41,3,,2,3,221.41,,94.78,221.41,,
2026-02-22,2026-02-22,"FilipZ | Traffic | LPV",inactive,"7-day click or 1-day view",175,,,,actions:omni_landing_page_view,3126,1.080614,0.02005714,,,,"Using ad set budget",0,3.51,Prebieha,3378,1.039076,194,,0.018093,5.743043,267,7.904085,0.013146,175,,,,0.020057,,,,,,,,,,,,,,,,,
2026-02-22,2026-02-22,"FilipZ | Traffic | Page likes",inactive,"1-day click",43,,,,total_profile_visits,2292,1,0.07139535,,,,"Using ad set budget",0,3.07,Prebieha,2292,1.339442,22,,0.139545,0.95986,142,6.195462,0.02162,6,,,,0.511667,,,,,,,,,,,,,,,,,
2026-02-21,2026-02-21,"(H) Promo postu",inactive,"7-day click or 1-day view",,,,,,0,0,,,,,"Using ad set budget",0,0,2026-06-29,0,0,,,,,0,0,0,,,,,,,,,,,,,,,,,,,,,,
2026-02-21,2026-02-21,"(H) Konverze",active,"7-day click, 1-day view, or 1-day engaged-view",,,,,,0,0,,,,,"Using ad set budget",0,0,Prebieha,0,0,,,,,0,0,0,,,,,,,,,,,,,,,,,,,,,,
2026-02-21,2026-02-21,"Filip | Sales | RMKT",inactive,"7-day click or 1-day engaged-view",,,,,,0,0,,,,,"Using ad set budget",0,0,Prebieha,0,0,,,,,0,0,0,,,,,,,,,,,,,,,,,,,,,,
2026-02-21,2026-02-21,"FilipZ | Sales | TOF",inactive,"Multiple attribution settings",3,1,3,3,actions:offsite_conversion.fb_pixel_purchase,2228,1.83079,7.39333333,,7.39333333,7.39333333,"Using ad set budget",0,22.18,Prebieha,4079,5.437607,71,,0.312394,1.740623,167,4.094141,0.132814,50,,,,0.4436,,,,212.91,126.63,212.91,212.91,3,1,3,3,212.91,126.63,212.91,212.91,,
2026-02-21,2026-02-21,"FilipZ | Traffic | LPV",inactive,"7-day click or 1-day view",157,,,,actions:omni_landing_page_view,2983,1.102581,0.0210828,,,,"Using ad set budget",0,3.31,Prebieha,3289,1.006385,181,,0.018287,5.503192,276,8.391608,0.011993,157,,,,0.021083,,,,,,,,,,,,,,,,,
2026-02-21,2026-02-21,"FilipZ | Traffic | Page likes",inactive,"1-day click",24,,,,total_profile_visits,1700,1.015294,0.11125,,,,"Using ad set budget",0,2.67,Prebieha,1726,1.546929,14,,0.190714,0.811124,128,7.415991,0.020859,6,,,,0.445,,,,,,,,,,,,,,,,,
2026-02-20,2026-02-20,"(H) Promo postu",inactive,"7-day click or 1-day view",,,,,,0,0,,,,,"Using ad set budget",0,0,2026-06-29,0,0,,,,,0,0,0,,,,,,,,,,,,,,,,,,,,,,
2026-02-20,2026-02-20,"(H) Konverze",active,"7-day click, 1-day view, or 1-day engaged-view",,,,,,0,0,,,,,"Using ad set budget",0,0,Prebieha,0,0,,,,,0,0,0,,,,,,,,,,,,,,,,,,,,,,
2026-02-20,2026-02-20,"Filip | Sales | RMKT",inactive,"7-day click or 1-day engaged-view",,,,,,0,0,,,,,"Using ad set budget",0,0,Prebieha,0,0,,,,,0,0,0,,,,,,,,,,,,,,,,,,,,,,
2026-02-20,2026-02-20,"FilipZ | Sales | TOF",inactive,"Multiple attribution settings",3,,2,3,actions:offsite_conversion.fb_pixel_purchase,2235,2.039374,8.09666667,,12.145,8.09666667,"Using ad set budget",0,24.29,Prebieha,4558,5.329092,70,,0.347,1.535761,170,3.729706,0.142882,44,,,,0.552045,,,,144.67,,94.78,144.67,3,,2,3,144.67,,94.78,144.67,,
2026-02-20,2026-02-20,"FilipZ | Traffic | LPV",inactive,"7-day click or 1-day view",98,,,,actions:omni_landing_page_view,1904,1.07563,0.02234694,,,,"Using ad set budget",0,2.19,Prebieha,2048,1.069336,109,,0.020092,5.322266,168,8.203125,0.013036,98,,,,0.022347,,,,,,,,,,,,,,,,,
2026-02-20,2026-02-20,"FilipZ | Traffic | Page likes",inactive,"1-day click",42,,,,total_profile_visits,1652,1.02845,0.06285714,,,,"Using ad set budget",0,2.64,Prebieha,1699,1.553855,27,,0.097778,1.58917,153,9.005297,0.017255,10,,,,0.264,,,,,,,,,,,,,,,,,
2026-02-19,2026-02-19,"(H) Promo postu",inactive,"7-day click or 1-day view",,,,,,0,0,,,,,"Using ad set budget",0,0,2026-06-29,0,0,,,,,0,0,0,,,,,,,,,,,,,,,,,,,,,,
2026-02-19,2026-02-19,"(H) Konverze",active,"7-day click, 1-day view, or 1-day engaged-view",,,,,,0,0,,,,,"Using ad set budget",0,0,Prebieha,0,0,,,,,0,0,0,,,,,,,,,,,,,,,,,,,,,,
2026-02-19,2026-02-19,"Filip | Sales | RMKT",inactive,"7-day click or 1-day engaged-view",,,,,,0,0,,,,,"Using ad set budget",0,0,Prebieha,0,0,,,,,0,0,0,,,,,,,,,,,,,,,,,,,,,,
2026-02-19,2026-02-19,"FilipZ | Sales | TOF",inactive,"Multiple attribution settings",6,1,6,6,actions:offsite_conversion.fb_pixel_purchase,2390,1.948117,4.125,,4.125,4.125,"Using ad set budget",0,24.75,Prebieha,4656,5.315722,71,,0.348592,1.524914,188,4.037801,0.131649,46,,,,0.538043,,,,376.08,49.89,376.08,376.08,6,1,6,6,376.08,49.89,376.08,376.08,,
2026-02-19,2026-02-19,"FilipZ | Traffic | LPV",inactive,"7-day click or 1-day view",148,,,,actions:omni_landing_page_view,2716,1.104934,0.02101351,,,,"Using ad set budget",0,3.11,Prebieha,3001,1.036321,183,,0.016995,6.097967,270,8.997001,0.011519,148,,,,0.021014,,,,,,,,,,,,,,,,,
2026-02-19,2026-02-19,"FilipZ | Traffic | Page likes",inactive,"1-day click",46,,,,total_profile_visits,2047,1.021006,0.07413043,,,,"Using ad set budget",0,3.41,Prebieha,2090,1.631579,32,,0.106563,1.5311,180,8.61244,0.018944,8,,,,0.42625,,,,,,,,,,,,,,,,,
2026-02-18,2026-02-18,"(H) Promo postu",inactive,"7-day click or 1-day view",,,,,,0,0,,,,,"Using ad set budget",0,0,2026-06-29,0,0,,,,,0,0,0,,,,,,,,,,,,,,,,,,,,,,
2026-02-18,2026-02-18,"(H) Konverze",active,"7-day click, 1-day view, or 1-day engaged-view",,,,,,0,0,,,,,"Using ad set budget",0,0,Prebieha,0,0,,,,,0,0,0,,,,,,,,,,,,,,,,,,,,,,
2026-02-18,2026-02-18,"Filip | Sales | RMKT",inactive,"7-day click or 1-day engaged-view",,,,,,0,0,,,,,"Using ad set budget",0,0,Prebieha,0,0,,,,,0,0,0,,,,,,,,,,,,,,,,,,,,,,
2026-02-18,2026-02-18,"FilipZ | Sales | TOF",inactive,"Multiple attribution settings",4,,4,4,actions:offsite_conversion.fb_pixel_purchase,2472,1.957524,6.715,,6.715,6.715,"Using ad set budget",0,26.86,Prebieha,4839,5.550734,81,,0.331605,1.6739,233,4.815044,0.115279,51,,,,0.526667,,,,194.56,,194.56,194.56,4,,4,4,194.56,,194.56,194.56,,
2026-02-18,2026-02-18,"FilipZ | Traffic | LPV",inactive,"7-day click or 1-day view",128,,,,actions:omni_landing_page_view,2355,1.093418,0.02171875,,,,"Using ad set budget",0,2.78,Prebieha,2575,1.079612,152,,0.018289,5.902913,235,9.126214,0.01183,128,,,,0.021719,,,,,,,,,,,,,,,,,
2026-02-18,2026-02-18,"FilipZ | Traffic | Page likes",inactive,"1-day click",43,,,,total_profile_visits,2069,1.019333,0.06674419,,,,"Using ad set budget",0,2.87,Prebieha,2109,1.360835,31,,0.092581,1.469891,190,9.009009,0.015105,8,,,,0.35875,,,,,,,,,,,,,,,,,
2026-02-17,2026-02-17,"(H) Promo postu",inactive,"7-day click or 1-day view",,,,,,0,0,,,,,"Using ad set budget",0,0,2026-06-29,0,0,,,,,0,0,0,,,,,,,,,,,,,,,,,,,,,,
2026-02-17,2026-02-17,"(H) Konverze",active,"7-day click, 1-day view, or 1-day engaged-view",,,,,,0,0,,,,,"Using ad set budget",0,0,Prebieha,0,0,,,,,0,0,0,,,,,,,,,,,,,,,,,,,,,,
2026-02-17,2026-02-17,"Filip | Sales | RMKT",inactive,"7-day click or 1-day engaged-view",,,,,,0,0,,,,,"Using ad set budget",0,0,Prebieha,0,0,,,,,0,0,0,,,,,,,,,,,,,,,,,,,,,,
2026-02-17,2026-02-17,"FilipZ | Sales | TOF",inactive,"Multiple attribution settings",2,,2,2,actions:offsite_conversion.fb_pixel_purchase,2391,1.930573,12.005,,12.005,12.005,"Using ad set budget",0,24.01,Prebieha,4616,5.201473,69,,0.347971,1.494801,190,4.116118,0.126368,41,,,,0.58561,,,,94.78,,94.78,94.78,2,,2,2,94.78,,94.78,94.78,,
2026-02-17,2026-02-17,"FilipZ | Traffic | LPV",inactive,"7-day click or 1-day view",158,,,,actions:omni_landing_page_view,3408,1.080106,0.01974684,,,,"Using ad set budget",0,3.12,Prebieha,3681,0.847596,189,,0.016508,5.134474,342,9.290954,0.009123,158,,,,0.019747,,,,,,,,,,,,,,,,,
2026-02-17,2026-02-17,"FilipZ | Traffic | Page likes",inactive,"1-day click",24,,,,total_profile_visits,1714,1.029172,0.11833333,,,,"Using ad set budget",0,2.84,Prebieha,1764,1.609977,16,,0.1775,0.907029,136,7.709751,0.020882,5,,,,0.568,,,,,,,,,,,,,,,,,
2026-02-16,2026-02-16,"(H) Promo postu",inactive,"7-day click or 1-day view",,,,,,0,0,,,,,"Using ad set budget",0,0,2026-06-29,0,0,,,,,0,0,0,,,,,,,,,,,,,,,,,,,,,,
2026-02-16,2026-02-16,"(H) Konverze",active,"7-day click, 1-day view, or 1-day engaged-view",,,,,,0,0,,,,,"Using ad set budget",0,0,Prebieha,0,0,,,,,0,0,0,,,,,,,,,,,,,,,,,,,,,,
2026-02-16,2026-02-16,"Filip | Sales | RMKT",inactive,"7-day click or 1-day engaged-view",,,,,,0,0,,,,,"Using ad set budget",0,0,Prebieha,0,0,,,,,0,0,0,,,,,,,,,,,,,,,,,,,,,,
2026-02-16,2026-02-16,"FilipZ | Sales | TOF",inactive,"Multiple attribution settings",5,,5,5,actions:offsite_conversion.fb_pixel_purchase,2149,1.945556,4.944,,4.944,4.944,"Using ad set budget",0,24.72,Prebieha,4181,5.912461,72,,0.343333,1.722076,179,4.281272,0.138101,60,,,,0.412,,,,312.69,,312.69,312.69,5,,5,5,312.69,,312.69,312.69,,
2026-02-16,2026-02-16,"FilipZ | Traffic | LPV",inactive,"7-day click or 1-day view",134,,,,actions:omni_landing_page_view,3440,1.056105,0.0230597,,,,"Using ad set budget",0,3.09,Prebieha,3633,0.850537,174,,0.017759,4.78943,355,9.771539,0.008704,134,,,,0.02306,,,,,,,,,,,,,,,,,
2026-02-16,2026-02-16,"FilipZ | Traffic | Page likes",inactive,"1-day click",40,,,,total_profile_visits,2036,1,0.07525,,,,"Using ad set budget",0,3.01,Prebieha,2036,1.478389,23,,0.13087,1.129666,162,7.956778,0.01858,10,,,,0.301,,,,,,,,,,,,,,,,,
2026-02-15,2026-02-15,"(H) Promo postu",inactive,"7-day click or 1-day view",,,,,,0,0,,,,,"Using ad set budget",0,0,2026-06-29,0,0,,,,,0,0,0,,,,,,,,,,,,,,,,,,,,,,
2026-02-15,2026-02-15,"(H) Konverze",active,"7-day click, 1-day view, or 1-day engaged-view",,,,,,0,0,,,,,"Using ad set budget",0,0,Prebieha,0,0,,,,,0,0,0,,,,,,,,,,,,,,,,,,,,,,
2026-02-15,2026-02-15,"Filip | Sales | RMKT",inactive,"7-day click or 1-day engaged-view",,,,,,0,0,,,,,"Using ad set budget",0,0,Prebieha,0,0,,,,,0,0,0,,,,,,,,,,,,,,,,,,,,,,
2026-02-15,2026-02-15,"FilipZ | Sales | TOF",inactive,"Multiple attribution settings",1,,1,1,actions:offsite_conversion.fb_pixel_purchase,2577,2.060924,27.65,,27.65,27.65,"Using ad set budget",0,27.65,Prebieha,5311,5.206176,115,,0.240435,2.165317,276,5.196761,0.100181,81,,,,0.341358,,,,126.63,,126.63,126.63,1,,1,1,126.63,,126.63,126.63,,
2026-02-15,2026-02-15,"FilipZ | Traffic | LPV",inactive,"7-day click or 1-day view",158,,,,actions:omni_landing_page_view,3341,1.097875,0.02088608,,,,"Using ad set budget",0,3.3,Prebieha,3668,0.899673,194,,0.01701,5.288986,361,9.841876,0.009141,158,,,,0.020886,,,,,,,,,,,,,,,,,
2026-02-15,2026-02-15,"FilipZ | Traffic | Page likes",inactive,"1-day click",47,,,,total_profile_visits,2039,1.026484,0.07319149,,,,"Using ad set budget",0,3.44,Prebieha,2093,1.643574,36,,0.095556,1.720019,171,8.170091,0.020117,8,,,,0.43,,,,,,,,,,,,,,,,,
2026-02-14,2026-02-14,"(H) Promo postu",inactive,"7-day click or 1-day view",,,,,,0,0,,,,,"Using ad set budget",0,0,2026-06-29,0,0,,,,,0,0,0,,,,,,,,,,,,,,,,,,,,,,
2026-02-14,2026-02-14,"(H) Konverze",active,"7-day click, 1-day view, or 1-day engaged-view",,,,,,0,0,,,,,"Using ad set budget",0,0,Prebieha,0,0,,,,,0,0,0,,,,,,,,,,,,,,,,,,,,,,
2026-02-14,2026-02-14,"Filip | Sales | RMKT",inactive,"7-day click or 1-day engaged-view",,,,,,0,0,,,,,"Using ad set budget",0,0,Prebieha,0,0,,,,,0,0,0,,,,,,,,,,,,,,,,,,,,,,
2026-02-14,2026-02-14,"FilipZ | Sales | TOF",inactive,"Multiple attribution settings",2,,2,2,actions:offsite_conversion.fb_pixel_purchase,2416,1.985513,12.94,,12.94,12.94,"Using ad set budget",0,25.88,Prebieha,4797,5.395039,58,,0.446207,1.209089,159,3.314572,0.162767,37,,,,0.699459,,,,99.78,,99.78,99.78,2,,2,2,99.78,,99.78,99.78,,
2026-02-14,2026-02-14,"FilipZ | Traffic | LPV",inactive,"7-day click or 1-day view",123,,,,actions:omni_landing_page_view,2243,1.068658,0.02130081,,,,"Using ad set budget",0,2.62,Prebieha,2397,1.093033,147,,0.017823,6.132666,246,10.262829,0.01065,123,,,,0.021301,,,,,,,,,,,,,,,,,
2026-02-14,2026-02-14,"FilipZ | Traffic | Page likes",inactive,"1-day click",32,,,,total_profile_visits,1514,1.036988,0.079375,,,,"Using ad set budget",0,2.54,Prebieha,1570,1.617834,21,,0.120952,1.33758,125,7.961783,0.02032,8,,,,0.3175,,,,,,,,,,,,,,,,,
2026-02-13,2026-02-13,"(H) Promo postu",inactive,"7-day click or 1-day view",,,,,,0,0,,,,,"Using ad set budget",0,0,2026-06-29,0,0,,,,,0,0,0,,,,,,,,,,,,,,,,,,,,,,
2026-02-13,2026-02-13,"(H) Konverze",active,"7-day click, 1-day view, or 1-day engaged-view",,,,,,0,0,,,,,"Using ad set budget",0,0,Prebieha,0,0,,,,,0,0,0,,,,,,,,,,,,,,,,,,,,,,
2026-02-13,2026-02-13,"Filip | Sales | RMKT",inactive,"7-day click or 1-day engaged-view",,,,,,0,0,,,,,"Using ad set budget",0,0,Prebieha,0,0,,,,,0,0,0,,,,,,,,,,,,,,,,,,,,,,
2026-02-13,2026-02-13,"FilipZ | Sales | TOF",inactive,"Multiple attribution settings",3,2,2,3,actions:offsite_conversion.fb_pixel_purchase,2375,2.035789,8.30333333,,12.455,8.30333333,"Using ad set budget",0,24.91,Prebieha,4835,5.152017,66,,0.377424,1.365047,146,3.019648,0.170616,43,,,,0.579302,,,,196.57,99.78,146.68,196.57,3,2,2,3,196.57,99.78,146.68,196.57,,
2026-02-13,2026-02-13,"FilipZ | Traffic | LPV",inactive,"7-day click or 1-day view",125,,,,actions:omni_landing_page_view,2555,1.079843,0.02672,,,,"Using ad set budget",0,3.34,Prebieha,2759,1.210584,148,,0.022568,5.364262,236,8.553824,0.014153,125,,,,0.02672,,,,,,,,,,,,,,,,,
2026-02-13,2026-02-13,"FilipZ | Traffic | Page likes",inactive,"1-day click",51,,,,total_profile_visits,2000,1.0445,0.07117647,,,,"Using ad set budget",0,3.63,Prebieha,2089,1.737674,27,,0.134444,1.292484,185,8.855912,0.019622,9,,,,0.403333,,,,,,,,,,,,,,,,,
2026-02-12,2026-02-12,"(H) Promo postu",inactive,"7-day click or 1-day view",,,,,,0,0,,,,,"Using ad set budget",0,0,2026-06-29,0,0,,,,,0,0,0,,,,,,,,,,,,,,,,,,,,,,
2026-02-12,2026-02-12,"(H) Konverze",active,"7-day click, 1-day view, or 1-day engaged-view",,,,,,0,0,,,,,"Using ad set budget",0,0,Prebieha,0,0,,,,,0,0,0,,,,,,,,,,,,,,,,,,,,,,
2026-02-12,2026-02-12,"Filip | Sales | RMKT",inactive,"7-day click or 1-day engaged-view",,,,,,0,0,,,,,"Using ad set budget",0,0,Prebieha,0,0,,,,,0,0,0,,,,,,,,,,,,,,,,,,,,,,
2026-02-12,2026-02-12,"FilipZ | Sales | TOF",inactive,"Multiple attribution settings",3,,3,3,actions:offsite_conversion.fb_pixel_purchase,1955,2.019437,6.90666667,,6.90666667,6.90666667,"Using ad set budget",0,20.72,Prebieha,3948,5.248227,60,,0.345333,1.519757,167,4.22999,0.124072,43,,,,0.48186,,,,191.57,,191.57,191.57,3,,3,3,191.57,,191.57,191.57,,
2026-02-12,2026-02-12,"FilipZ | Traffic | LPV",inactive,"7-day click or 1-day view",106,,,,actions:omni_landing_page_view,2724,1.027166,0.02858491,,,,"Using ad set budget",0,3.03,Prebieha,2798,1.082916,138,,0.021957,4.932094,242,8.649035,0.012521,106,,,,0.028585,,,,,,,,,,,,,,,,,
2026-02-12,2026-02-12,"FilipZ | Traffic | Page likes",inactive,"1-day click",35,,,,total_profile_visits,1707,1.051552,0.086,,,,"Using ad set budget",0,3.01,Prebieha,1795,1.67688,28,,0.1075,1.559889,144,8.022284,0.020903,11,,,,0.273636,,,,,,,,,,,,,,,,,
2026-02-11,2026-02-11,"(H) Promo postu",inactive,"7-day click or 1-day view",,,,,,0,0,,,,,"Using ad set budget",0,0,2026-06-29,0,0,,,,,0,0,0,,,,,,,,,,,,,,,,,,,,,,
2026-02-11,2026-02-11,"(H) Konverze",active,"7-day click, 1-day view, or 1-day engaged-view",,,,,,0,0,,,,,"Using ad set budget",0,0,Prebieha,0,0,,,,,0,0,0,,,,,,,,,,,,,,,,,,,,,,
2026-02-11,2026-02-11,"Filip | Sales | RMKT",inactive,"7-day click or 1-day engaged-view",,,,,,0,0,,,,,"Using ad set budget",0,0,Prebieha,0,0,,,,,0,0,0,,,,,,,,,,,,,,,,,,,,,,
2026-02-11,2026-02-11,"FilipZ | Sales | TOF",inactive,"Multiple attribution settings",1,,,1,actions:offsite_conversion.fb_pixel_purchase,1981,2.163049,24.43,,,24.43,"Using ad set budget",0,24.43,Prebieha,4285,5.701284,61,,0.400492,1.423571,148,3.453909,0.165068,44,,,,0.555227,,,,49.89,,,49.89,1,,,1,49.89,,,49.89,,
2026-02-11,2026-02-11,"FilipZ | Traffic | LPV",inactive,"7-day click or 1-day view",127,,,,actions:omni_landing_page_view,2479,1.051634,0.02259843,,,,"Using ad set budget",0,2.87,Prebieha,2607,1.100882,166,,0.017289,6.367472,278,10.663598,0.010324,127,,,,0.022598,,,,,,,,,,,,,,,,,
2026-02-11,2026-02-11,"FilipZ | Traffic | Page likes",inactive,"1-day click",20,,,,total_profile_visits,1606,1.031756,0.142,,,,"Using ad set budget",0,2.84,Prebieha,1657,1.713941,15,,0.189333,0.90525,140,8.449004,0.020286,8,,,,0.355,,,,,,,,,,,,,,,,,
2026-02-10,2026-02-10,"(H) Promo postu",inactive,"7-day click or 1-day view",,,,,,0,0,,,,,"Using ad set budget",0,0,2026-06-29,0,0,,,,,0,0,0,,,,,,,,,,,,,,,,,,,,,,
2026-02-10,2026-02-10,"(H) Konverze",active,"7-day click, 1-day view, or 1-day engaged-view",,,,,,0,0,,,,,"Using ad set budget",0,0,Prebieha,0,0,,,,,0,0,0,,,,,,,,,,,,,,,,,,,,,,
2026-02-10,2026-02-10,"Filip | Sales | RMKT",inactive,"7-day click or 1-day engaged-view",,,,,,0,0,,,,,"Using ad set budget",0,0,Prebieha,0,0,,,,,0,0,0,,,,,,,,,,,,,,,,,,,,,,
2026-02-10,2026-02-10,"FilipZ | Sales | TOF",inactive,"Multiple attribution settings",9,4,6,9,actions:offsite_conversion.fb_pixel_purchase,2322,2.023686,3.12777778,,4.69166667,3.12777778,"Using ad set budget",0,28.15,Prebieha,4699,5.990636,85,,0.331176,1.808896,193,4.107257,0.145855,70,,,,0.402143,,,,887.55,318.2,465.45,887.55,9,4,6,9,887.55,318.2,465.45,887.55,,
2026-02-10,2026-02-10,"FilipZ | Traffic | LPV",inactive,"7-day click or 1-day view",110,,,,actions:omni_landing_page_view,2968,1.081873,0.02654545,,,,"Using ad set budget",0,2.92,Prebieha,3211,0.909374,132,,0.022121,4.110869,271,8.439738,0.010775,110,,,,0.026545,,,,,,,,,,,,,,,,,
2026-02-10,2026-02-10,"FilipZ | Traffic | Page likes",inactive,"1-day click",45,,,,total_profile_visits,1822,1,0.06777778,,,,"Using ad set budget",0,3.05,Prebieha,1822,1.673985,21,,0.145238,1.15258,143,7.848518,0.021329,7,,,,0.435714,,,,,,,,,,,,,,,,,
2026-02-09,2026-02-09,"(H) Promo postu",inactive,"7-day click or 1-day view",,,,,,0,0,,,,,"Using ad set budget",0,0,2026-06-29,0,0,,,,,0,0,0,,,,,,,,,,,,,,,,,,,,,,
2026-02-09,2026-02-09,"(H) Konverze",active,"7-day click, 1-day view, or 1-day engaged-view",,,,,,0,0,,,,,"Using ad set budget",0,0,Prebieha,0,0,,,,,0,0,0,,,,,,,,,,,,,,,,,,,,,,
2026-02-09,2026-02-09,"Filip | Sales | RMKT",inactive,"7-day click or 1-day engaged-view",,,,,,0,0,,,,,"Using ad set budget",0,0,Prebieha,0,0,,,,,0,0,0,,,,,,,,,,,,,,,,,,,,,,
2026-02-09,2026-02-09,"FilipZ | Sales | TOF",inactive,"Multiple attribution settings",2,,2,2,actions:offsite_conversion.fb_pixel_purchase,2413,1.980522,12.505,,12.505,12.505,"Using ad set budget",0,25.01,Prebieha,4779,5.233312,93,,0.268925,1.946014,194,4.059427,0.128918,65,,,,0.384769,,,,176.52,,176.52,176.52,2,,2,2,176.52,,176.52,176.52,,
2026-02-09,2026-02-09,"FilipZ | Traffic | LPV",inactive,"7-day click or 1-day view",120,,,,actions:omni_landing_page_view,2939,1.050698,0.02408333,,,,"Using ad set budget",0,2.89,Prebieha,3088,0.935881,156,,0.018526,5.051813,312,10.103627,0.009263,120,,,,0.024083,,,,,,,,,,,,,,,,,
2026-02-09,2026-02-09,"FilipZ | Traffic | Page likes",inactive,"1-day click",31,,,,total_profile_visits,1730,1.07341,0.09290323,,,,"Using ad set budget",0,2.88,Prebieha,1857,1.550889,17,,0.169412,0.915455,147,7.915994,0.019592,7,,,,0.411429,,,,,,,,,,,,,,,,,
2026-02-08,2026-02-08,"(H) Promo postu",inactive,"7-day click or 1-day view",,,,,,0,0,,,,,"Using ad set budget",0,0,2026-06-29,0,0,,,,,0,0,0,,,,,,,,,,,,,,,,,,,,,,
2026-02-08,2026-02-08,"(H) Konverze",active,"7-day click, 1-day view, or 1-day engaged-view",,,,,,0,0,,,,,"Using ad set budget",0,0,Prebieha,0,0,,,,,0,0,0,,,,,,,,,,,,,,,,,,,,,,
2026-02-08,2026-02-08,"Filip | Sales | RMKT",inactive,"7-day click or 1-day engaged-view",,,,,,0,0,,,,,"Using ad set budget",0,0,Prebieha,0,0,,,,,0,0,0,,,,,,,,,,,,,,,,,,,,,,
2026-02-08,2026-02-08,"FilipZ | Sales | TOF",inactive,"Multiple attribution settings",2,,2,2,actions:offsite_conversion.fb_pixel_purchase,2764,1.902315,12.76,,12.76,12.76,"Using ad set budget",0,25.52,Prebieha,5258,4.853556,94,,0.271489,1.787752,204,3.879802,0.125098,69,,,,0.369855,,,,171.52,,171.52,171.52,2,,2,2,171.52,,171.52,171.52,,
2026-02-08,2026-02-08,"FilipZ | Traffic | LPV",inactive,"7-day click or 1-day view",172,,,,actions:omni_landing_page_view,3762,1.055821,0.01912791,,,,"Using ad set budget",0,3.29,Prebieha,3972,0.828298,201,,0.016368,5.060423,384,9.667674,0.008568,172,,,,0.019128,,,,,,,,,,,,,,,,,
2026-02-08,2026-02-08,"FilipZ | Traffic | Page likes",inactive,"1-day click",44,,,,total_profile_visits,2027,1.020227,0.06818182,,,,"Using ad set budget",0,3,Prebieha,2068,1.450677,24,,0.125,1.160542,168,8.123791,0.017857,11,,,,0.272727,,,,,,,,,,,,,,,,,
2026-02-07,2026-02-07,"(H) Promo postu",inactive,"7-day click or 1-day view",,,,,,0,0,,,,,"Using ad set budget",0,0,2026-06-29,0,0,,,,,0,0,0,,,,,,,,,,,,,,,,,,,,,,
2026-02-07,2026-02-07,"(H) Konverze",active,"7-day click, 1-day view, or 1-day engaged-view",,,,,,0,0,,,,,"Using ad set budget",0,0,Prebieha,0,0,,,,,0,0,0,,,,,,,,,,,,,,,,,,,,,,
2026-02-07,2026-02-07,"Filip | Sales | RMKT",inactive,"7-day click or 1-day engaged-view",,,,,,0,0,,,,,"Using ad set budget",0,0,Prebieha,0,0,,,,,0,0,0,,,,,,,,,,,,,,,,,,,,,,
2026-02-07,2026-02-07,"FilipZ | Sales | TOF",inactive,"Multiple attribution settings",1,2,1,1,actions:offsite_conversion.fb_pixel_purchase,1850,1.879459,19.34,,19.34,19.34,"Using ad set budget",0,19.34,Prebieha,3477,5.562266,68,,0.284412,1.955709,152,4.371585,0.127237,50,,,,0.3868,,,,44.89,176.52,44.89,44.89,1,2,1,1,44.89,176.52,44.89,44.89,,
2026-02-07,2026-02-07,"FilipZ | Traffic | LPV",inactive,"7-day click or 1-day view",161,,,,actions:omni_landing_page_view,3304,1.085048,0.01906832,,,,"Using ad set budget",0,3.07,Prebieha,3585,0.856346,208,,0.01476,5.801953,423,11.799163,0.007258,161,,,,0.019068,,,,,,,,,,,,,,,,,
2026-02-07,2026-02-07,"FilipZ | Traffic | Page likes",inactive,"1-day click",32,,,,total_profile_visits,1796,1.034521,0.100625,,,,"Using ad set budget",0,3.22,Prebieha,1858,1.733046,25,,0.1288,1.345533,155,8.342304,0.020774,8,,,,0.4025,,,,,,,,,,,,,,,,,
2026-02-06,2026-02-06,"(H) Promo postu",inactive,"7-day click or 1-day view",,,,,,0,0,,,,,"Using ad set budget",0,0,2026-06-29,0,0,,,,,0,0,0,,,,,,,,,,,,,,,,,,,,,,
2026-02-06,2026-02-06,"(H) Konverze",active,"7-day click, 1-day view, or 1-day engaged-view",,,,,,0,0,,,,,"Using ad set budget",0,0,Prebieha,0,0,,,,,0,0,0,,,,,,,,,,,,,,,,,,,,,,
2026-02-06,2026-02-06,"Filip | Sales | RMKT",inactive,"7-day click or 1-day engaged-view",,,,,,0,0,,,,,"Using ad set budget",0,0,Prebieha,0,0,,,,,0,0,0,,,,,,,,,,,,,,,,,,,,,,
2026-02-06,2026-02-06,"FilipZ | Sales | TOF",inactive,"Multiple attribution settings",2,1,2,2,actions:offsite_conversion.fb_pixel_purchase,1782,1.85578,8.755,,8.755,8.755,"Using ad set budget",0,17.51,Prebieha,3307,5.294829,91,,0.192418,2.751739,204,6.168733,0.085833,59,,,,0.29678,,,,99.78,126.63,99.78,99.78,2,1,2,2,99.78,126.63,99.78,99.78,,
2026-02-06,2026-02-06,"FilipZ | Traffic | LPV",inactive,"7-day click or 1-day view",130,,,,actions:omni_landing_page_view,2741,1.089383,0.02107692,,,,"Using ad set budget",0,2.74,Prebieha,2986,0.917616,169,,0.016213,5.659745,334,11.185532,0.008204,130,,,,0.021077,,,,,,,,,,,,,,,,,
2026-02-06,2026-02-06,"FilipZ | Traffic | Page likes",inactive,"1-day click",38,,,,total_profile_visits,1552,1.018041,0.06763158,,,,"Using ad set budget",0,2.57,Prebieha,1580,1.626582,18,,0.142778,1.139241,131,8.291139,0.019618,4,,,,0.6425,,,,,,,,,,,,,,,,,
2026-02-05,2026-02-05,"(H) Promo postu",inactive,"7-day click or 1-day view",,,,,,0,0,,,,,"Using ad set budget",0,0,2026-06-29,0,0,,,,,0,0,0,,,,,,,,,,,,,,,,,,,,,,
2026-02-05,2026-02-05,"(H) Konverze",active,"7-day click, 1-day view, or 1-day engaged-view",,,,,,0,0,,,,,"Using ad set budget",0,0,Prebieha,0,0,,,,,0,0,0,,,,,,,,,,,,,,,,,,,,,,
2026-02-05,2026-02-05,"Filip | Sales | RMKT",inactive,"7-day click or 1-day engaged-view",,,,,,0,0,,,,,"Using ad set budget",0,0,Prebieha,0,0,,,,,0,0,0,,,,,,,,,,,,,,,,,,,,,,
2026-02-05,2026-02-05,"FilipZ | Sales | TOF",inactive,"Multiple attribution settings",5,,5,5,actions:offsite_conversion.fb_pixel_purchase,2491,1.837415,5.718,,5.718,5.718,"Using ad set budget",0,28.59,Prebieha,4577,6.24645,118,,0.242288,2.578108,256,5.593183,0.11168,61,,,,0.468689,,,,244.45,,244.45,244.45,5,,5,5,244.45,,244.45,244.45,,
2026-02-05,2026-02-05,"FilipZ | Traffic | LPV",inactive,"7-day click or 1-day view",104,,,,actions:omni_landing_page_view,2542,1.087726,0.02721154,,,,"Using ad set budget",0,2.83,Prebieha,2765,1.023508,144,,0.019653,5.207957,268,9.692586,0.01056,104,,,,0.027212,,,,,,,,,,,,,,,,,
2026-02-05,2026-02-05,"FilipZ | Traffic | Page likes",inactive,"1-day click",32,,,,total_profile_visits,1567,1.03127,0.095625,,,,"Using ad set budget",0,3.06,Prebieha,1616,1.893564,16,,0.19125,0.990099,140,8.663366,0.021857,6,,,,0.51,,,,,,,,,,,,,,,,,
2026-02-04,2026-02-04,"(H) Promo postu",inactive,"7-day click or 1-day view",,,,,,0,0,,,,,"Using ad set budget",0,0,2026-06-29,0,0,,,,,0,0,0,,,,,,,,,,,,,,,,,,,,,,
2026-02-04,2026-02-04,"(H) Konverze",active,"7-day click, 1-day view, or 1-day engaged-view",,,,,,0,0,,,,,"Using ad set budget",0,0,Prebieha,0,0,,,,,0,0,0,,,,,,,,,,,,,,,,,,,,,,
2026-02-04,2026-02-04,"Filip | Sales | RMKT",inactive,"7-day click or 1-day engaged-view",,,,,,0,0,,,,,"Using ad set budget",0,0,Prebieha,0,0,,,,,0,0,0,,,,,,,,,,,,,,,,,,,,,,
2026-02-04,2026-02-04,"FilipZ | Sales | TOF",inactive,"Multiple attribution settings",3,,3,3,actions:offsite_conversion.fb_pixel_purchase,3015,1.797015,9.58333333,,9.58333333,9.58333333,"Using ad set budget",0,28.75,Prebieha,5418,5.306386,104,,0.276442,1.919528,236,4.355851,0.121822,68,,,,0.422794,,,,226.41,,226.41,226.41,3,,3,3,226.41,,226.41,226.41,,
2026-02-04,2026-02-04,"FilipZ | Traffic | LPV",inactive,"7-day click or 1-day view",139,,,,actions:omni_landing_page_view,2952,1.053184,0.02043165,,,,"Using ad set budget",0,2.84,Prebieha,3109,0.913477,181,,0.015691,5.821808,350,11.257639,0.008114,139,,,,0.020432,,,,,,,,,,,,,,,,,
2026-02-04,2026-02-04,"FilipZ | Traffic | Page likes",inactive,"1-day click",43,,,,total_profile_visits,1661,1.014449,0.0672093,,,,"Using ad set budget",0,2.89,Prebieha,1685,1.715134,26,,0.111154,1.543027,154,9.139466,0.018766,7,,,,0.412857,,,,,,,,,,,,,,,,,
2026-02-03,2026-02-03,"(H) Promo postu",inactive,"7-day click or 1-day view",,,,,,0,0,,,,,"Using ad set budget",0,0,2026-06-29,0,0,,,,,0,0,0,,,,,,,,,,,,,,,,,,,,,,
2026-02-03,2026-02-03,"(H) Konverze",active,"7-day click, 1-day view, or 1-day engaged-view",,,,,,0,0,,,,,"Using ad set budget",0,0,Prebieha,0,0,,,,,0,0,0,,,,,,,,,,,,,,,,,,,,,,
2026-02-03,2026-02-03,"Filip | Sales | RMKT",inactive,"7-day click or 1-day engaged-view",,,,,,0,0,,,,,"Using ad set budget",0,0,Prebieha,0,0,,,,,0,0,0,,,,,,,,,,,,,,,,,,,,,,
2026-02-03,2026-02-03,"FilipZ | Sales | TOF",inactive,"Multiple attribution settings",4,,3,4,actions:offsite_conversion.fb_pixel_purchase,3210,1.804984,8.52,,11.36,8.52,"Using ad set budget",0,34.08,Prebieha,5794,5.881947,116,,0.293793,2.002071,258,4.452882,0.132093,76,,,,0.448421,,,,318.51,,268.62,318.51,4,,3,4,318.51,,268.62,318.51,,
2026-02-03,2026-02-03,"FilipZ | Traffic | LPV",inactive,"7-day click or 1-day view",138,,,,actions:omni_landing_page_view,3790,1.051715,0.02384058,,,,"Using ad set budget",0,3.29,Prebieha,3986,0.825389,181,,0.018177,4.540893,347,8.705469,0.009481,138,,,,0.023841,,,,,,,,,,,,,,,,,
2026-02-03,2026-02-03,"FilipZ | Traffic | Page likes",inactive,"1-day click",47,,,,total_profile_visits,1808,1.057522,0.06425532,,,,"Using ad set budget",0,3.02,Prebieha,1912,1.579498,24,,0.125833,1.25523,158,8.263598,0.019114,8,,,,0.3775,,,,,,,,,,,,,,,,,
2026-02-02,2026-02-02,"(H) Promo postu",inactive,"7-day click or 1-day view",,,,,,0,0,,,,,"Using ad set budget",0,0,2026-06-29,0,0,,,,,0,0,0,,,,,,,,,,,,,,,,,,,,,,
2026-02-02,2026-02-02,"(H) Konverze",active,"7-day click, 1-day view, or 1-day engaged-view",,,,,,0,0,,,,,"Using ad set budget",0,0,Prebieha,0,0,,,,,0,0,0,,,,,,,,,,,,,,,,,,,,,,
2026-02-02,2026-02-02,"Filip | Sales | RMKT",inactive,"7-day click or 1-day engaged-view",,,,,,0,0,,,,,"Using ad set budget",0,0,Prebieha,0,0,,,,,0,0,0,,,,,,,,,,,,,,,,,,,,,,
2026-02-02,2026-02-02,"FilipZ | Sales | TOF",inactive,"Multiple attribution settings",8,,6,8,actions:offsite_conversion.fb_pixel_purchase,2801,1.838629,4.53375,,6.045,4.53375,"Using ad set budget",0,36.27,Prebieha,5150,7.042718,113,,0.320973,2.194175,249,4.834951,0.145663,96,,,,0.377813,,,,624.34,,529.56,624.34,8,,6,8,624.34,,529.56,624.34,,
2026-02-02,2026-02-02,"FilipZ | Traffic | LPV",inactive,"7-day click or 1-day view",148,,,,actions:omni_landing_page_view,3582,1.034897,0.02114865,,,,"Using ad set budget",0,3.13,Prebieha,3707,0.844349,176,,0.017784,4.747774,329,8.875101,0.009514,148,,,,0.021149,,,,,,,,,,,,,,,,,
2026-02-02,2026-02-02,"FilipZ | Traffic | Page likes",inactive,"1-day click",52,,,,total_profile_visits,1652,1.025424,0.05634615,,,,"Using ad set budget",0,2.93,Prebieha,1694,1.729634,29,,0.101034,1.711924,134,7.910272,0.021866,10,,,,0.293,,,,,,,,,,,,,,,,,
2026-02-01,2026-02-01,"(H) Promo postu",inactive,"7-day click or 1-day view",,,,,,0,0,,,,,"Using ad set budget",0,0,2026-06-29,0,0,,,,,0,0,0,,,,,,,,,,,,,,,,,,,,,,
2026-02-01,2026-02-01,"(H) Konverze",active,"7-day click, 1-day view, or 1-day engaged-view",,,,,,0,0,,,,,"Using ad set budget",0,0,Prebieha,0,0,,,,,0,0,0,,,,,,,,,,,,,,,,,,,,,,
2026-02-01,2026-02-01,"Filip | Sales | RMKT",inactive,"7-day click or 1-day engaged-view",,,,,,0,0,,,,,"Using ad set budget",0,0,Prebieha,0,0,,,,,0,0,0,,,,,,,,,,,,,,,,,,,,,,
2026-02-01,2026-02-01,"FilipZ | Sales | TOF",inactive,"Multiple attribution settings",8,,6,8,actions:offsite_conversion.fb_pixel_purchase,3586,1.860569,5.03,,6.70666667,5.03,"Using ad set budget",0,40.24,Prebieha,6672,6.031175,151,,0.26649,2.263189,324,4.856115,0.124198,117,,,,0.343932,,,,410.88,,299.34,410.88,8,,6,8,410.88,,299.34,410.88,,
2026-02-01,2026-02-01,"FilipZ | Traffic | LPV",inactive,"7-day click or 1-day view",165,,,,actions:omni_landing_page_view,3896,1.040811,0.01842424,,,,"Using ad set budget",0,3.04,Prebieha,4055,0.749692,199,,0.015276,4.907522,365,9.001233,0.008329,165,,,,0.018424,,,,,,,,,,,,,,,,,
2026-02-01,2026-02-01,"FilipZ | Traffic | Page likes",inactive,"1-day click",62,,,,total_profile_visits,1666,1.04982,0.05241935,,,,"Using ad set budget",0,3.25,Prebieha,1749,1.858205,38,,0.085526,2.17267,142,8.118925,0.022887,7,,,,0.464286,,,,,,,,,,,,,,,,,
2026-01-31,2026-01-31,"(H) Promo postu",inactive,"7-day click or 1-day view",,,,,,0,0,,,,,"Using ad set budget",0,0,2026-06-29,0,0,,,,,0,0,0,,,,,,,,,,,,,,,,,,,,,,
2026-01-31,2026-01-31,"(H) Konverze",active,"7-day click, 1-day view, or 1-day engaged-view",,,,,,0,0,,,,,"Using ad set budget",0,0,Prebieha,0,0,,,,,0,0,0,,,,,,,,,,,,,,,,,,,,,,
2026-01-31,2026-01-31,"Filip | Sales | RMKT",inactive,"7-day click or 1-day engaged-view",,,,,,0,0,,,,,"Using ad set budget",0,0,Prebieha,0,0,,,,,0,0,0,,,,,,,,,,,,,,,,,,,,,,
2026-01-31,2026-01-31,"FilipZ | Sales | TOF",inactive,"Multiple attribution settings",1,,,1,actions:offsite_conversion.fb_pixel_purchase,3414,1.77065,34.75,,,34.75,"Using ad set budget",0,34.75,Prebieha,6045,5.748553,122,,0.284836,2.018197,266,4.400331,0.130639,82,,,,0.42378,,,,49.89,,,49.89,1,,,1,49.89,,,49.89,,
2026-01-31,2026-01-31,"FilipZ | Traffic | LPV",inactive,"7-day click or 1-day view",143,,,,actions:omni_landing_page_view,3186,1.046767,0.02118881,,,,"Using ad set budget",0,3.03,Prebieha,3335,0.908546,162,,0.018704,4.857571,348,10.434783,0.008707,143,,,,0.021189,,,,,,,,,,,,,,,,,
2026-01-31,2026-01-31,"FilipZ | Traffic | Page likes",inactive,"1-day click",42,,,,total_profile_visits,1695,1.026549,0.07119048,,,,"Using ad set budget",0,2.99,Prebieha,1740,1.718391,23,,0.13,1.321839,158,9.08046,0.018924,6,,,,0.498333,,,,,,,,,,,,,,,,,
2026-01-30,2026-01-30,"(H) Promo postu",inactive,"7-day click or 1-day view",,,,,,0,0,,,,,"Using ad set budget",0,0,2026-06-29,0,0,,,,,0,0,0,,,,,,,,,,,,,,,,,,,,,,
2026-01-30,2026-01-30,"(H) Konverze",active,"7-day click, 1-day view, or 1-day engaged-view",,,,,,0,0,,,,,"Using ad set budget",0,0,Prebieha,0,0,,,,,0,0,0,,,,,,,,,,,,,,,,,,,,,,
2026-01-30,2026-01-30,"Filip | Sales | RMKT",inactive,"7-day click or 1-day engaged-view",,,,,,0,0,,,,,"Using ad set budget",0,0,Prebieha,0,0,,,,,0,0,0,,,,,,,,,,,,,,,,,,,,,,
2026-01-30,2026-01-30,"FilipZ | Sales | TOF",inactive,"Multiple attribution settings",2,1,2,2,actions:offsite_conversion.fb_pixel_purchase,3137,1.811603,16.6,,16.6,16.6,"Using ad set budget",0,33.2,Prebieha,5683,5.841985,96,,0.345833,1.689249,235,4.13514,0.141277,62,,,,0.535484,,,,99.78,49.89,99.78,99.78,2,1,2,2,99.78,49.89,99.78,99.78,,
2026-01-30,2026-01-30,"FilipZ | Traffic | LPV",inactive,"7-day click or 1-day view",140,,,,actions:omni_landing_page_view,2613,1.035209,0.02092857,,,,"Using ad set budget",0,2.93,Prebieha,2705,1.083179,179,,0.016369,6.617375,289,10.683919,0.010138,140,,,,0.020929,,,,,,,,,,,,,,,,,
2026-01-30,2026-01-30,"FilipZ | Traffic | Page likes",inactive,"1-day click",32,,,,total_profile_visits,1730,1.015607,0.091875,,,,"Using ad set budget",0,2.94,Prebieha,1757,1.673307,25,,0.1176,1.42288,168,9.561753,0.0175,10,,,,0.294,,,,,,,,,,,,,,,,,
2026-01-29,2026-01-29,"(H) Promo postu",inactive,"7-day click or 1-day view",,,,,,0,0,,,,,"Using ad set budget",0,0,2026-06-29,0,0,,,,,0,0,0,,,,,,,,,,,,,,,,,,,,,,
2026-01-29,2026-01-29,"(H) Konverze",active,"7-day click, 1-day view, or 1-day engaged-view",,,,,,0,0,,,,,"Using ad set budget",0,0,Prebieha,0,0,,,,,0,0,0,,,,,,,,,,,,,,,,,,,,,,
2026-01-29,2026-01-29,"Filip | Sales | RMKT",inactive,"7-day click or 1-day engaged-view",,,,,,0,0,,,,,"Using ad set budget",0,0,Prebieha,0,0,,,,,0,0,0,,,,,,,,,,,,,,,,,,,,,,
2026-01-29,2026-01-29,"FilipZ | Sales | TOF",inactive,"Multiple attribution settings",3,,2,3,actions:offsite_conversion.fb_pixel_purchase,3088,1.796632,10.95,,16.425,10.95,"Using ad set budget",0,32.85,Prebieha,5548,5.921053,108,,0.304167,1.946647,228,4.109589,0.144079,70,,,,0.469286,,,,221.41,,171.52,221.41,3,,2,3,221.41,,171.52,221.41,,
2026-01-29,2026-01-29,"FilipZ | Traffic | LPV",inactive,"7-day click or 1-day view",137,,,,actions:omni_landing_page_view,2932,1.065825,0.02372263,,,,"Using ad set budget",0,3.25,Prebieha,3125,1.04,191,,0.017016,6.112,296,9.472,0.01098,137,,,,0.023723,,,,,,,,,,,,,,,,,
2026-01-29,2026-01-29,"FilipZ | Traffic | Page likes",inactive,"1-day click",48,,,,total_profile_visits,1833,1.025641,0.06,,,,"Using ad set budget",0,2.88,Prebieha,1880,1.531915,25,,0.1152,1.329787,174,9.255319,0.016552,5,,,,0.576,,,,,,,,,,,,,,,,,
2026-01-28,2026-01-28,"(H) Promo postu",inactive,"7-day click or 1-day view",,,,,,0,0,,,,,"Using ad set budget",0,0,2026-06-29,0,0,,,,,0,0,0,,,,,,,,,,,,,,,,,,,,,,
2026-01-28,2026-01-28,"(H) Konverze",active,"7-day click, 1-day view, or 1-day engaged-view",,,,,,0,0,,,,,"Using ad set budget",0,0,Prebieha,0,0,,,,,0,0,0,,,,,,,,,,,,,,,,,,,,,,
2026-01-28,2026-01-28,"Filip | Sales | RMKT",inactive,"7-day click or 1-day engaged-view",,,,,,0,0,,,,,"Using ad set budget",0,0,Prebieha,0,0,,,,,0,0,0,,,,,,,,,,,,,,,,,,,,,,
2026-01-28,2026-01-28,"FilipZ | Sales | TOF",inactive,"Multiple attribution settings",2,1,2,2,actions:offsite_conversion.fb_pixel_purchase,3720,1.696505,18.12,,18.12,18.12,"Using ad set budget",0,36.24,Prebieha,6311,5.742355,151,,0.24,2.392648,352,5.577563,0.102955,94,,,,0.385532,,,,99.78,126.63,99.78,99.78,2,1,2,2,99.78,126.63,99.78,99.78,,
2026-01-28,2026-01-28,"FilipZ | Traffic | LPV",inactive,"7-day click or 1-day view",138,,,,actions:omni_landing_page_view,2458,1.056143,0.02231884,,,,"Using ad set budget",0,3.08,Prebieha,2596,1.186441,195,,0.015795,7.511556,274,10.5547,0.011241,138,,,,0.022319,,,,,,,,,,,,,,,,,
2026-01-28,2026-01-28,"FilipZ | Traffic | Page likes",inactive,"1-day click",47,,,,total_profile_visits,2228,1.007181,0.06319149,,,,"Using ad set budget",0,2.97,Prebieha,2244,1.323529,34,,0.087353,1.515152,188,8.377897,0.015798,8,,,,0.37125,,,,,,,,,,,,,,,,,
2026-01-27,2026-01-27,"(H) Promo postu",inactive,"7-day click or 1-day view",,,,,,0,0,,,,,"Using ad set budget",0,0,2026-06-29,0,0,,,,,0,0,0,,,,,,,,,,,,,,,,,,,,,,
2026-01-27,2026-01-27,"(H) Konverze",active,"7-day click, 1-day view, or 1-day engaged-view",,,,,,0,0,,,,,"Using ad set budget",0,0,Prebieha,0,0,,,,,0,0,0,,,,,,,,,,,,,,,,,,,,,,
2026-01-27,2026-01-27,"Filip | Sales | RMKT",inactive,"7-day click or 1-day engaged-view",,,,,,0,0,,,,,"Using ad set budget",0,0,Prebieha,0,0,,,,,0,0,0,,,,,,,,,,,,,,,,,,,,,,
2026-01-27,2026-01-27,"FilipZ | Sales | TOF",inactive,"Multiple attribution settings",4,,4,4,actions:offsite_conversion.fb_pixel_purchase,3151,1.734053,9.0025,,9.0025,9.0025,"Using ad set budget",0,36.01,Prebieha,5464,6.59041,105,,0.342952,1.921669,269,4.923133,0.133866,85,,,,0.423647,,,,246.46,,246.46,246.46,4,,4,4,246.46,,246.46,246.46,,
2026-01-27,2026-01-27,"FilipZ | Traffic | LPV",inactive,"7-day click or 1-day view",137,,,,actions:omni_landing_page_view,2488,1.09164,0.02328467,,,,"Using ad set budget",0,3.19,Prebieha,2716,1.174521,148,,0.021554,5.44919,252,9.278351,0.012659,137,,,,0.023285,,,,,,,,,,,,,,,,,
2026-01-27,2026-01-27,"FilipZ | Traffic | Page likes",inactive,"1-day click",57,,,,total_profile_visits,2105,1.003325,0.05578947,,,,"Using ad set budget",0,3.18,Prebieha,2112,1.505682,25,,0.1272,1.183712,175,8.285985,0.018171,8,,,,0.3975,,,,,,,,,,,,,,,,,
2026-01-26,2026-01-26,"(H) Promo postu",inactive,"7-day click or 1-day view",,,,,,0,0,,,,,"Using ad set budget",0,0,2026-06-29,0,0,,,,,0,0,0,,,,,,,,,,,,,,,,,,,,,,
2026-01-26,2026-01-26,"(H) Konverze",active,"7-day click, 1-day view, or 1-day engaged-view",,,,,,0,0,,,,,"Using ad set budget",0,0,Prebieha,0,0,,,,,0,0,0,,,,,,,,,,,,,,,,,,,,,,
2026-01-26,2026-01-26,"Filip | Sales | RMKT",inactive,"7-day click or 1-day engaged-view",,,,,,0,0,,,,,"Using ad set budget",0,0,Prebieha,0,0,,,,,0,0,0,,,,,,,,,,,,,,,,,,,,,,
2026-01-26,2026-01-26,"FilipZ | Sales | TOF",inactive,"Multiple attribution settings",5,,3,5,actions:offsite_conversion.fb_pixel_purchase,3492,1.67583,6.964,,11.60666667,6.964,"Using ad set budget",0,34.82,Prebieha,5852,5.950103,127,,0.274173,2.170198,293,5.006835,0.11884,71,,,,0.490423,,,,249.45,,149.67,249.45,5,,3,5,249.45,,149.67,249.45,,
2026-01-26,2026-01-26,"FilipZ | Traffic | LPV",inactive,"7-day click or 1-day view",104,,,,actions:omni_landing_page_view,2150,1.028837,0.02182692,,,,"Using ad set budget",0,2.27,Prebieha,2212,1.026221,134,,0.01694,6.057866,213,9.629295,0.010657,104,,,,0.021827,,,,,,,,,,,,,,,,,
2026-01-26,2026-01-26,"FilipZ | Traffic | Page likes",inactive,"1-day click",38,,,,total_profile_visits,1925,1.009351,0.07368421,,,,"Using ad set budget",0,2.8,Prebieha,1943,1.441071,23,,0.121739,1.183736,133,6.845085,0.021053,14,,,,0.2,,,,,,,,,,,,,,,,,
2026-01-25,2026-01-25,"(H) Promo postu",inactive,"7-day click or 1-day view",,,,,,0,0,,,,,"Using ad set budget",0,0,2026-06-29,0,0,,,,,0,0,0,,,,,,,,,,,,,,,,,,,,,,
2026-01-25,2026-01-25,"(H) Konverze",active,"7-day click, 1-day view, or 1-day engaged-view",,,,,,0,0,,,,,"Using ad set budget",0,0,Prebieha,0,0,,,,,0,0,0,,,,,,,,,,,,,,,,,,,,,,
2026-01-25,2026-01-25,"Filip | Sales | RMKT",inactive,"7-day click or 1-day engaged-view",,,,,,0,0,,,,,"Using ad set budget",0,0,Prebieha,0,0,,,,,0,0,0,,,,,,,,,,,,,,,,,,,,,,
2026-01-25,2026-01-25,"FilipZ | Sales | TOF",inactive,"Multiple attribution settings",4,,3,4,actions:offsite_conversion.fb_pixel_purchase,3668,1.721919,9.2225,,12.29666667,9.2225,"Using ad set budget",0,36.89,Prebieha,6316,5.840722,128,,0.288203,2.026599,332,5.256491,0.111114,87,,,,0.424023,,,,271.3,,144.67,271.3,4,,3,4,271.3,,144.67,271.3,,
2026-01-25,2026-01-25,"FilipZ | Traffic | LPV",inactive,"7-day click or 1-day view",155,,,,actions:omni_landing_page_view,3745,1.03498,0.02096774,,,,"Using ad set budget",0,3.25,Prebieha,3876,0.838493,201,,0.016169,5.185759,349,9.004128,0.009312,155,,,,0.020968,,,,,,,,,,,,,,,,,
2026-01-25,2026-01-25,"FilipZ | Traffic | Page likes",inactive,"1-day click",40,,,,total_profile_visits,2064,1.025194,0.07725,,,,"Using ad set budget",0,3.09,Prebieha,2116,1.460302,27,,0.114444,1.275992,166,7.844991,0.018614,6,,,,0.515,,,,,,,,,,,,,,,,,
2026-01-24,2026-01-24,"(H) Promo postu",inactive,"7-day click or 1-day view",,,,,,0,0,,,,,"Using ad set budget",0,0,2026-06-29,0,0,,,,,0,0,0,,,,,,,,,,,,,,,,,,,,,,
2026-01-24,2026-01-24,"(H) Konverze",active,"7-day click, 1-day view, or 1-day engaged-view",,,,,,0,0,,,,,"Using ad set budget",0,0,Prebieha,0,0,,,,,0,0,0,,,,,,,,,,,,,,,,,,,,,,
2026-01-24,2026-01-24,"Filip | Sales | RMKT",inactive,"7-day click or 1-day engaged-view",,,,,,0,0,,,,,"Using ad set budget",0,0,Prebieha,0,0,,,,,0,0,0,,,,,,,,,,,,,,,,,,,,,,
2026-01-24,2026-01-24,"FilipZ | Sales | TOF",inactive,"Multiple attribution settings",2,,2,2,actions:offsite_conversion.fb_pixel_purchase,4363,1.559019,17.025,,17.025,17.025,"Using ad set budget",0,34.05,Prebieha,6802,5.005881,130,,0.261923,1.911203,254,3.734196,0.134055,75,,,,0.454,,,,176.52,,176.52,176.52,2,,2,2,176.52,,176.52,176.52,,
2026-01-24,2026-01-24,"FilipZ | Traffic | LPV",inactive,"7-day click or 1-day view",143,,,,actions:omni_landing_page_view,2824,1.038244,0.02132867,,,,"Using ad set budget",0,3.05,Prebieha,2932,1.040246,200,,0.01525,6.821282,301,10.26603,0.010133,143,,,,0.021329,,,,,,,,,,,,,,,,,
2026-01-24,2026-01-24,"FilipZ | Traffic | Page likes",inactive,"1-day click",54,,,,total_profile_visits,1839,1,0.05833333,,,,"Using ad set budget",0,3.15,Prebieha,1839,1.712887,34,,0.092647,1.848831,176,9.570419,0.017898,12,,,,0.2625,,,,,,,,,,,,,,,,,
2026-01-23,2026-01-23,"(H) Promo postu",inactive,"7-day click or 1-day view",,,,,,0,0,,,,,"Using ad set budget",0,0,2026-06-29,0,0,,,,,0,0,0,,,,,,,,,,,,,,,,,,,,,,
2026-01-23,2026-01-23,"(H) Konverze",active,"7-day click, 1-day view, or 1-day engaged-view",,,,,,0,0,,,,,"Using ad set budget",0,0,Prebieha,0,0,,,,,0,0,0,,,,,,,,,,,,,,,,,,,,,,
2026-01-23,2026-01-23,"Filip | Sales | RMKT",inactive,"7-day click or 1-day engaged-view",,,,,,0,0,,,,,"Using ad set budget",0,0,Prebieha,0,0,,,,,0,0,0,,,,,,,,,,,,,,,,,,,,,,
2026-01-23,2026-01-23,"FilipZ | Sales | TOF",inactive,"Multiple attribution settings",1,,1,1,actions:offsite_conversion.fb_pixel_purchase,3504,1.677797,32.62,,32.62,32.62,"Using ad set budget",0,32.62,Prebieha,5879,5.548563,121,,0.269587,2.058173,324,5.511141,0.100679,85,,,,0.383765,,,,49.89,,49.89,49.89,1,,1,1,49.89,,49.89,49.89,,
2026-01-23,2026-01-23,"FilipZ | Traffic | LPV",inactive,"7-day click or 1-day view",116,,,,actions:omni_landing_page_view,3007,1.015298,0.02413793,,,,"Using ad set budget",0,2.8,Prebieha,3053,0.917131,135,,0.020741,4.42188,234,7.664592,0.011966,116,,,,0.024138,,,,,,,,,,,,,,,,,
2026-01-23,2026-01-23,"FilipZ | Traffic | Page likes",inactive,"1-day click",34,,,,total_profile_visits,1916,1,0.08823529,,,,"Using ad set budget",0,3,Prebieha,1916,1.565762,30,,0.1,1.565762,160,8.350731,0.01875,11,,,,0.272727,,,,,,,,,,,,,,,,,
2026-01-22,2026-01-22,"(H) Promo postu",inactive,"7-day click or 1-day view",,,,,,0,0,,,,,"Using ad set budget",0,0,2026-06-29,0,0,,,,,0,0,0,,,,,,,,,,,,,,,,,,,,,,
2026-01-22,2026-01-22,"(H) Konverze",active,"7-day click, 1-day view, or 1-day engaged-view",,,,,,0,0,,,,,"Using ad set budget",0,0,Prebieha,0,0,,,,,0,0,0,,,,,,,,,,,,,,,,,,,,,,
2026-01-22,2026-01-22,"Filip | Sales | RMKT",inactive,"7-day click or 1-day engaged-view",,,,,,0,0,,,,,"Using ad set budget",0,0,Prebieha,0,0,,,,,0,0,0,,,,,,,,,,,,,,,,,,,,,,
2026-01-22,2026-01-22,"FilipZ | Sales | TOF",inactive,"Multiple attribution settings",4,,3,4,actions:offsite_conversion.fb_pixel_purchase,3878,1.659361,8.6175,,11.49,8.6175,"Using ad set budget",0,34.47,Prebieha,6435,5.356643,121,,0.284876,1.880342,301,4.677545,0.114518,85,,,,0.405529,,,,194.56,,144.67,194.56,4,,3,4,194.56,,144.67,194.56,,
2026-01-22,2026-01-22,"FilipZ | Traffic | LPV",inactive,"7-day click or 1-day view",137,,,,actions:omni_landing_page_view,3044,1.029895,0.02248175,,,,"Using ad set budget",0,3.08,Prebieha,3135,0.982456,177,,0.017401,5.645933,287,9.154705,0.010732,137,,,,0.022482,,,,,,,,,,,,,,,,,
2026-01-22,2026-01-22,"FilipZ | Traffic | Page likes",inactive,"1-day click",32,,,,total_profile_visits,1238,1.023425,0.0871875,,,,"Using ad set budget",0,2.79,Prebieha,1267,2.202052,24,,0.11625,1.894238,93,7.340174,0.03,4,,,,0.6975,,,,,,,,,,,,,,,,,
2026-01-21,2026-01-21,"(H) Promo postu",inactive,"7-day click or 1-day view",,,,,,0,0,,,,,"Using ad set budget",0,0,2026-06-29,0,0,,,,,0,0,0,,,,,,,,,,,,,,,,,,,,,,
2026-01-21,2026-01-21,"(H) Konverze",active,"7-day click, 1-day view, or 1-day engaged-view",,,,,,0,0,,,,,"Using ad set budget",0,0,Prebieha,0,0,,,,,0,0,0,,,,,,,,,,,,,,,,,,,,,,
2026-01-21,2026-01-21,"Filip | Sales | RMKT",inactive,"7-day click or 1-day engaged-view",,,,,,0,0,,,,,"Using ad set budget",0,0,Prebieha,0,0,,,,,0,0,0,,,,,,,,,,,,,,,,,,,,,,
2026-01-21,2026-01-21,"FilipZ | Sales | TOF",inactive,"Multiple attribution settings",4,4,2,4,actions:offsite_conversion.fb_pixel_purchase,3897,1.659738,8.825,,17.65,8.825,"Using ad set budget",0,35.3,Prebieha,6468,5.457638,114,,0.309649,1.762523,270,4.174397,0.130741,72,,,,0.490278,,,,194.56,397.62,99.78,194.56,4,4,2,4,194.56,397.62,99.78,194.56,,
2026-01-21,2026-01-21,"FilipZ | Traffic | LPV",inactive,"7-day click or 1-day view",134,,,,actions:omni_landing_page_view,3371,1.05221,0.02149254,,,,"Using ad set budget",0,2.88,Prebieha,3547,0.811954,171,,0.016842,4.820975,304,8.570623,0.009474,134,,,,0.021493,,,,,,,,,,,,,,,,,
2026-01-21,2026-01-21,"FilipZ | Traffic | Page likes",inactive,"1-day click",39,,,,total_profile_visits,1267,1.063931,0.07897436,,,,"Using ad set budget",0,3.08,Prebieha,1348,2.284866,28,,0.11,2.077151,96,7.121662,0.032083,1,,,,3.08,,,,,,,,,,,,,,,,,
2026-01-20,2026-01-20,"(H) Promo postu",inactive,"7-day click or 1-day view",,,,,,0,0,,,,,"Using ad set budget",0,0,2026-06-29,0,0,,,,,0,0,0,,,,,,,,,,,,,,,,,,,,,,
2026-01-20,2026-01-20,"(H) Konverze",active,"7-day click, 1-day view, or 1-day engaged-view",,,,,,0,0,,,,,"Using ad set budget",0,0,Prebieha,0,0,,,,,0,0,0,,,,,,,,,,,,,,,,,,,,,,
2026-01-20,2026-01-20,"Filip | Sales | RMKT",inactive,"7-day click or 1-day engaged-view",,,,,,0,0,,,,,"Using ad set budget",0,0,Prebieha,0,0,,,,,0,0,0,,,,,,,,,,,,,,,,,,,,,,
2026-01-20,2026-01-20,"FilipZ | Sales | TOF",inactive,"Multiple attribution settings",4,,2,4,actions:offsite_conversion.fb_pixel_purchase,3812,1.684418,8.7025,,17.405,8.7025,"Using ad set budget",0,34.81,Prebieha,6421,5.421274,118,,0.295,1.83772,218,3.39511,0.159679,78,,,,0.446282,,,,246.46,,146.68,246.46,4,,2,4,246.46,,146.68,246.46,,
2026-01-20,2026-01-20,"FilipZ | Traffic | LPV",inactive,"7-day click or 1-day view",147,,,,actions:omni_landing_page_view,3528,1.053571,0.02047619,,,,"Using ad set budget",0,3.01,Prebieha,3717,0.809793,195,,0.015436,5.246166,325,8.74361,0.009262,147,,,,0.020476,,,,,,,,,,,,,,,,,
2026-01-20,2026-01-20,"FilipZ | Traffic | Page likes",inactive,"1-day click",19,,,,total_profile_visits,1010,1.036634,0.15473684,,,,"Using ad set budget",0,2.94,Prebieha,1047,2.808023,14,,0.21,1.337154,44,4.202483,0.066818,,,,,,,,,,,,,,,,,,,,,,
2026-01-19,2026-01-19,"(H) Promo postu",inactive,"7-day click or 1-day view",,,,,,0,0,,,,,"Using ad set budget",0,0,2026-06-29,0,0,,,,,0,0,0,,,,,,,,,,,,,,,,,,,,,,
2026-01-19,2026-01-19,"(H) Konverze",active,"7-day click, 1-day view, or 1-day engaged-view",,,,,,0,0,,,,,"Using ad set budget",0,0,Prebieha,0,0,,,,,0,0,0,,,,,,,,,,,,,,,,,,,,,,
2026-01-19,2026-01-19,"Filip | Sales | RMKT",inactive,"7-day click or 1-day engaged-view",,,,,,0,0,,,,,"Using ad set budget",0,0,Prebieha,0,0,,,,,0,0,0,,,,,,,,,,,,,,,,,,,,,,
2026-01-19,2026-01-19,"FilipZ | Sales | TOF",inactive,"Multiple attribution settings",2,,1,2,actions:offsite_conversion.fb_pixel_purchase,3663,1.607426,14.745,,29.49,14.745,"Using ad set budget",0,29.49,Prebieha,5888,5.008492,109,,0.27055,1.851223,235,3.991168,0.125489,76,,,,0.388026,,,,99.78,,49.89,99.78,2,,1,2,99.78,,49.89,99.78,,
2026-01-19,2026-01-19,"FilipZ | Traffic | LPV",inactive,"7-day click or 1-day view",152,,,,actions:omni_landing_page_view,3523,1.095373,0.01973684,,,,"Using ad set budget",0,3,Prebieha,3859,0.777403,199,,0.015075,5.156776,349,9.043794,0.008596,152,,,,0.019737,,,,,,,,,,,,,,,,,
2026-01-19,2026-01-19,"FilipZ | Traffic | Page likes",inactive,"1-day click",20,,,,total_profile_visits,1010,1.053465,0.1445,,,,"Using ad set budget",0,2.89,Prebieha,1064,2.716165,15,,0.192667,1.409774,39,3.665414,0.074103,2,,,,1.445,,,,,,,,,,,,,,,,,
2026-01-18,2026-01-18,"(H) Promo postu",inactive,"7-day click or 1-day view",,,,,,0,0,,,,,"Using ad set budget",0,0,2026-06-29,0,0,,,,,0,0,0,,,,,,,,,,,,,,,,,,,,,,
2026-01-18,2026-01-18,"(H) Konverze",active,"7-day click, 1-day view, or 1-day engaged-view",,,,,,0,0,,,,,"Using ad set budget",0,0,Prebieha,0,0,,,,,0,0,0,,,,,,,,,,,,,,,,,,,,,,
2026-01-18,2026-01-18,"Filip | Sales | RMKT",inactive,"7-day click or 1-day engaged-view",,,,,,0,0,,,,,"Using ad set budget",0,0,Prebieha,0,0,,,,,0,0,0,,,,,,,,,,,,,,,,,,,,,,
2026-01-18,2026-01-18,"FilipZ | Sales | TOF",inactive,"Multiple attribution settings",3,,3,3,actions:offsite_conversion.fb_pixel_purchase,3282,1.508836,8.85333333,,8.85333333,8.85333333,"Using ad set budget",0,26.56,Prebieha,4952,5.36349,130,,0.204308,2.625202,257,5.189822,0.103346,95,,,,0.279579,,,,163.91,,163.91,163.91,3,,3,3,163.91,,163.91,163.91,,
2026-01-18,2026-01-18,"FilipZ | Traffic | LPV",inactive,"7-day click or 1-day view",182,,,,actions:omni_landing_page_view,4136,1.084139,0.01747253,,,,"Using ad set budget",0,3.18,Prebieha,4484,0.709188,230,,0.013826,5.129349,444,9.901873,0.007162,182,,,,0.017473,,,,,,,,,,,,,,,,,
2026-01-18,2026-01-18,"FilipZ | Traffic | Page likes",inactive,"1-day click",26,,,,total_profile_visits,1133,1.036187,0.11961538,,,,"Using ad set budget",0,3.11,Prebieha,1174,2.649063,20,,0.1555,1.703578,48,4.088586,0.064792,,,,,,,,,,,,,,,,,,,,,,
2026-01-17,2026-01-17,"(H) Promo postu",inactive,"7-day click or 1-day view",,,,,,0,0,,,,,"Using ad set budget",0,0,2026-06-29,0,0,,,,,0,0,0,,,,,,,,,,,,,,,,,,,,,,
2026-01-17,2026-01-17,"(H) Konverze",active,"7-day click, 1-day view, or 1-day engaged-view",,,,,,0,0,,,,,"Using ad set budget",0,0,Prebieha,0,0,,,,,0,0,0,,,,,,,,,,,,,,,,,,,,,,
2026-01-17,2026-01-17,"Filip | Sales | RMKT",inactive,"7-day click or 1-day engaged-view",,,,,,0,0,,,,,"Using ad set budget",0,0,Prebieha,0,0,,,,,0,0,0,,,,,,,,,,,,,,,,,,,,,,
2026-01-17,2026-01-17,"FilipZ | Sales | TOF",inactive,"Multiple attribution settings",1,1,1,1,actions:offsite_conversion.fb_pixel_purchase,3222,1.482619,23.45,,23.45,23.45,"Using ad set budget",0,23.45,Prebieha,4777,4.908939,102,,0.229902,2.135231,224,4.689135,0.104688,79,,,,0.296835,,,,49.89,49.89,49.89,49.89,1,1,1,1,49.89,49.89,49.89,49.89,,
2026-01-17,2026-01-17,"FilipZ | Traffic | LPV",inactive,"7-day click or 1-day view",148,,,,actions:omni_landing_page_view,3539,1.066968,0.02040541,,,,"Using ad set budget",0,3.02,Prebieha,3776,0.799788,185,,0.016324,4.899364,369,9.772246,0.008184,148,,,,0.020405,,,,,,,,,,,,,,,,,
2026-01-17,2026-01-17,"FilipZ | Traffic | Page likes",inactive,"1-day click",32,,,,total_profile_visits,1024,1.043945,0.094375,,,,"Using ad set budget",0,3.02,Prebieha,1069,2.82507,22,,0.137273,2.057998,52,4.864359,0.058077,2,,,,1.51,,,,,,,,,,,,,,,,,
2026-01-16,2026-01-16,"(H) Promo postu",inactive,"7-day click or 1-day view",,,,,,0,0,,,,,"Using ad set budget",0,0,2026-06-29,0,0,,,,,0,0,0,,,,,,,,,,,,,,,,,,,,,,
2026-01-16,2026-01-16,"(H) Konverze",active,"7-day click, 1-day view, or 1-day engaged-view",,,,,,0,0,,,,,"Using ad set budget",0,0,Prebieha,0,0,,,,,0,0,0,,,,,,,,,,,,,,,,,,,,,,
2026-01-16,2026-01-16,"Filip | Sales | RMKT",inactive,"7-day click or 1-day engaged-view",,,,,,0,0,,,,,"Using ad set budget",0,0,Prebieha,0,0,,,,,0,0,0,,,,,,,,,,,,,,,,,,,,,,
2026-01-16,2026-01-16,"FilipZ | Sales | TOF",inactive,"Multiple attribution settings",4,,3,4,actions:offsite_conversion.fb_pixel_purchase,2837,1.516743,5.015,,6.68666667,5.015,"Using ad set budget",0,20.06,Prebieha,4303,4.661864,78,,0.257179,1.812689,182,4.229607,0.11022,59,,,,0.34,,,,271.3,,221.41,271.3,4,,3,4,271.3,,221.41,271.3,,
2026-01-16,2026-01-16,"FilipZ | Traffic | LPV",inactive,"7-day click or 1-day view",141,,,,actions:omni_landing_page_view,3371,1.075052,0.01978723,,,,"Using ad set budget",0,2.79,Prebieha,3624,0.769868,169,,0.016509,4.663355,364,10.04415,0.007665,141,,,,0.019787,,,,,,,,,,,,,,,,,
2026-01-16,2026-01-16,"FilipZ | Traffic | Page likes",inactive,"1-day click",23,,,,total_profile_visits,974,1.129363,0.12869565,,,,"Using ad set budget",0,2.96,Prebieha,1100,2.690909,12,,0.246667,1.090909,70,6.363636,0.042286,5,,,,0.592,,,,,,,,,,,,,,,,,
2026-01-15,2026-01-15,"(H) Promo postu",inactive,"7-day click or 1-day view",,,,,,0,0,,,,,"Using ad set budget",0,0,2026-06-29,0,0,,,,,0,0,0,,,,,,,,,,,,,,,,,,,,,,
2026-01-15,2026-01-15,"(H) Konverze",active,"7-day click, 1-day view, or 1-day engaged-view",,,,,,0,0,,,,,"Using ad set budget",0,0,Prebieha,0,0,,,,,0,0,0,,,,,,,,,,,,,,,,,,,,,,
2026-01-15,2026-01-15,"Filip | Sales | RMKT",inactive,"7-day click or 1-day engaged-view",,,,,,0,0,,,,,"Using ad set budget",0,0,Prebieha,0,0,,,,,0,0,0,,,,,,,,,,,,,,,,,,,,,,
2026-01-15,2026-01-15,"FilipZ | Sales | TOF",inactive,"Multiple attribution settings",5,,5,5,actions:offsite_conversion.fb_pixel_purchase,1562,1.649808,2.748,,2.748,2.748,"Using ad set budget",0,13.74,Prebieha,2577,5.331781,54,,0.254444,2.09546,112,4.346139,0.122679,46,,,,0.298696,,,,249.45,,249.45,249.45,5,,5,5,249.45,,249.45,249.45,,
2026-01-15,2026-01-15,"FilipZ | Traffic | LPV",inactive,"7-day click or 1-day view",155,,,,actions:omni_landing_page_view,3363,1.045495,0.02090323,,,,"Using ad set budget",0,3.24,Prebieha,3516,0.921502,186,,0.017419,5.290102,390,11.09215,0.008308,155,,,,0.020903,,,,,,,,,,,,,,,,,
2026-01-15,2026-01-15,"FilipZ | Traffic | Page likes",inactive,"1-day click",22,,,,total_profile_visits,1005,1.094527,0.14545455,,,,"Using ad set budget",0,3.2,Prebieha,1100,2.909091,15,,0.213333,1.363636,41,3.727273,0.078049,,,,,,,,,,,,,,,,,,,,,,
2026-01-14,2026-01-14,"(H) Promo postu",inactive,"7-day click or 1-day view",,,,,,0,0,,,,,"Using ad set budget",0,0,2026-06-29,0,0,,,,,0,0,0,,,,,,,,,,,,,,,,,,,,,,
2026-01-14,2026-01-14,"(H) Konverze",active,"7-day click, 1-day view, or 1-day engaged-view",,,,,,0,0,,,,,"Using ad set budget",0,0,Prebieha,0,0,,,,,0,0,0,,,,,,,,,,,,,,,,,,,,,,
2026-01-14,2026-01-14,"Filip | Sales | RMKT",inactive,"7-day click or 1-day engaged-view",,,,,,0,0,,,,,"Using ad set budget",0,0,Prebieha,0,0,,,,,0,0,0,,,,,,,,,,,,,,,,,,,,,,
2026-01-14,2026-01-14,"FilipZ | Sales | TOF",inactive,"Multiple attribution settings",4,3,3,4,actions:offsite_conversion.fb_pixel_purchase,2054,1.632425,4.025,,5.36666667,4.025,"Using ad set budget",0,16.1,Prebieha,3353,4.80167,76,,0.211842,2.266627,191,5.696391,0.084293,59,,,,0.272881,,,,199.56,191.57,149.67,199.56,4,3,3,4,199.56,191.57,149.67,199.56,,
2026-01-14,2026-01-14,"FilipZ | Traffic | LPV",inactive,"7-day click or 1-day view",125,,,,actions:omni_landing_page_view,2639,1.040546,0.02424,,,,"Using ad set budget",0,3.03,Prebieha,2746,1.103423,126,,0.024048,4.588492,229,8.339403,0.013231,125,,,,0.02424,,,,,,,,,,,,,,,,,
2026-01-14,2026-01-14,"FilipZ | Traffic | Page likes",inactive,"1-day click",27,,,,total_profile_visits,892,1.032511,0.10814815,,,,"Using ad set budget",0,2.92,Prebieha,921,3.170467,22,,0.132727,2.388708,39,4.234528,0.074872,1,,,,2.92,,,,,,,,,,,,,,,,,
2026-01-13,2026-01-13,"(H) Promo postu",inactive,"7-day click or 1-day view",,,,,,0,0,,,,,"Using ad set budget",0,0,2026-06-29,0,0,,,,,0,0,0,,,,,,,,,,,,,,,,,,,,,,
2026-01-13,2026-01-13,"(H) Konverze",active,"7-day click, 1-day view, or 1-day engaged-view",,,,,,0,0,,,,,"Using ad set budget",0,0,Prebieha,0,0,,,,,0,0,0,,,,,,,,,,,,,,,,,,,,,,
2026-01-13,2026-01-13,"Filip | Sales | RMKT",inactive,"7-day click or 1-day engaged-view",,,,,,0,0,,,,,"Using ad set budget",0,0,Prebieha,0,0,,,,,0,0,0,,,,,,,,,,,,,,,,,,,,,,
2026-01-13,2026-01-13,"FilipZ | Sales | TOF",inactive,"Multiple attribution settings",2,,2,2,actions:offsite_conversion.fb_pixel_purchase,2290,1.585153,8.565,,8.565,8.565,"Using ad set budget",0,17.13,Prebieha,3630,4.719008,91,,0.188242,2.506887,232,6.391185,0.073836,59,,,,0.290339,,,,99.78,,99.78,99.78,2,,2,2,99.78,,99.78,99.78,,
2026-01-13,2026-01-13,"FilipZ | Traffic | LPV",inactive,"7-day click or 1-day view",130,,,,actions:omni_landing_page_view,2763,1.070575,0.02253846,,,,"Using ad set budget",0,2.93,Prebieha,2958,0.990534,142,,0.020634,4.800541,253,8.553076,0.011581,130,,,,0.022538,,,,,,,,,,,,,,,,,
2026-01-13,2026-01-13,"FilipZ | Traffic | Page likes",inactive,"1-day click",21,,,,total_profile_visits,996,1.03012,0.13285714,,,,"Using ad set budget",0,2.79,Prebieha,1026,2.719298,22,,0.126818,2.14425,33,3.216374,0.084545,3,,,,0.93,,,,,,,,,,,,,,,,,
2026-01-12,2026-01-12,"(H) Promo postu",inactive,"7-day click or 1-day view",,,,,,0,0,,,,,"Using ad set budget",0,0,2026-06-29,0,0,,,,,0,0,0,,,,,,,,,,,,,,,,,,,,,,
2026-01-12,2026-01-12,"(H) Konverze",active,"7-day click, 1-day view, or 1-day engaged-view",,,,,,0,0,,,,,"Using ad set budget",0,0,Prebieha,0,0,,,,,0,0,0,,,,,,,,,,,,,,,,,,,,,,
2026-01-12,2026-01-12,"Filip | Sales | RMKT",inactive,"7-day click or 1-day engaged-view",,,,,,0,0,,,,,"Using ad set budget",0,0,Prebieha,0,0,,,,,0,0,0,,,,,,,,,,,,,,,,,,,,,,
2026-01-12,2026-01-12,"FilipZ | Sales | TOF",inactive,"Multiple attribution settings",4,1,3,4,actions:offsite_conversion.fb_pixel_purchase,2351,1.497235,3.8125,,5.08333333,3.8125,"Using ad set budget",0,15.25,Prebieha,3520,4.332386,75,,0.203333,2.130682,111,3.153409,0.137387,55,,,,0.277273,,,,199.56,49.89,149.67,199.56,4,1,3,4,199.56,49.89,149.67,199.56,,
2026-01-12,2026-01-12,"FilipZ | Traffic | LPV",inactive,"7-day click or 1-day view",176,,,,actions:omni_landing_page_view,2874,1.12874,0.01704545,,,,"Using ad set budget",0,3,Prebieha,3244,0.924784,197,,0.015228,6.07275,316,9.74106,0.009494,176,,,,0.017045,,,,,,,,,,,,,,,,,
2026-01-12,2026-01-12,"FilipZ | Traffic | Page likes",inactive,"1-day click",20,,,,total_profile_visits,1136,1.042254,0.1515,,,,"Using ad set budget",0,3.03,Prebieha,1184,2.559122,14,,0.216429,1.182432,46,3.885135,0.06587,1,,,,3.03,,,,,,,,,,,,,,,,,
2026-01-11,2026-01-11,"(H) Promo postu",inactive,"7-day click or 1-day view",,,,,,0,0,,,,,"Using ad set budget",0,0,2026-06-29,0,0,,,,,0,0,0,,,,,,,,,,,,,,,,,,,,,,
2026-01-11,2026-01-11,"(H) Konverze",active,"7-day click, 1-day view, or 1-day engaged-view",,,,,,0,0,,,,,"Using ad set budget",0,0,Prebieha,0,0,,,,,0,0,0,,,,,,,,,,,,,,,,,,,,,,
2026-01-11,2026-01-11,"Filip | Sales | RMKT",inactive,"7-day click or 1-day engaged-view",,,,,,0,0,,,,,"Using ad set budget",0,0,Prebieha,0,0,,,,,0,0,0,,,,,,,,,,,,,,,,,,,,,,
2026-01-11,2026-01-11,"FilipZ | Sales | TOF",inactive,"Multiple attribution settings",4,,2,4,actions:offsite_conversion.fb_pixel_purchase,1770,1.474576,2.7675,,5.535,2.7675,"Using ad set budget",0,11.07,Prebieha,2610,4.241379,39,,0.283846,1.494253,72,2.758621,0.15375,31,,,,0.357097,,,,217.47,,99.78,217.47,4,,2,4,217.47,,99.78,217.47,,
2026-01-11,2026-01-11,"FilipZ | Traffic | LPV",inactive,"7-day click or 1-day view",186,,,,actions:omni_landing_page_view,3458,1.067958,0.01602151,,,,"Using ad set budget",0,2.98,Prebieha,3693,0.806932,210,,0.01419,5.686434,390,10.56052,0.007641,186,,,,0.016022,,,,,,,,,,,,,,,,,
2026-01-11,2026-01-11,"FilipZ | Traffic | Page likes",inactive,"1-day click",37,,,,total_profile_visits,1728,1.006944,0.0827027,,,,"Using ad set budget",0,3.06,Prebieha,1740,1.758621,19,,0.161053,1.091954,87,5,0.035172,4,,,,0.765,,,,,,,,,,,,,,,,,
2026-01-10,2026-01-10,"(H) Promo postu",inactive,"7-day click or 1-day view",,,,,,0,0,,,,,"Using ad set budget",0,0,2026-06-29,0,0,,,,,0,0,0,,,,,,,,,,,,,,,,,,,,,,
2026-01-10,2026-01-10,"(H) Konverze",active,"7-day click, 1-day view, or 1-day engaged-view",,,,,,0,0,,,,,"Using ad set budget",0,0,Prebieha,0,0,,,,,0,0,0,,,,,,,,,,,,,,,,,,,,,,
2026-01-10,2026-01-10,"Filip | Sales | RMKT",inactive,"7-day click or 1-day engaged-view",,,,,,0,0,,,,,"Using ad set budget",0,0,Prebieha,0,0,,,,,0,0,0,,,,,,,,,,,,,,,,,,,,,,
2026-01-10,2026-01-10,"FilipZ | Sales | TOF",inactive,"Multiple attribution settings",3,,2,3,actions:offsite_conversion.fb_pixel_purchase,1428,1.435574,3.17,,4.755,3.17,"Using ad set budget",0,9.51,Prebieha,2050,4.639024,47,,0.20234,2.292683,115,5.609756,0.082696,32,,,,0.297188,,,,196.57,,99.78,196.57,3,,2,3,196.57,,99.78,196.57,,
2026-01-10,2026-01-10,"FilipZ | Traffic | LPV",inactive,"7-day click or 1-day view",147,,,,actions:omni_landing_page_view,3649,1.07043,0.0207483,,,,"Using ad set budget",0,3.05,Prebieha,3906,0.78085,184,,0.016576,4.710701,365,9.344598,0.008356,147,,,,0.020748,,,,,,,,,,,,,,,,,
2026-01-10,2026-01-10,"FilipZ | Traffic | Page likes",inactive,"1-day click",29,,,,total_profile_visits,1178,1.051783,0.11,,,,"Using ad set budget",0,3.19,Prebieha,1239,2.574657,14,,0.227857,1.129944,54,4.358354,0.059074,,,,,,,,,,,,,,,,,,,,,,
2026-01-09,2026-01-09,"(H) Promo postu",inactive,"7-day click or 1-day view",,,,,,0,0,,,,,"Using ad set budget",0,0,2026-06-29,0,0,,,,,0,0,0,,,,,,,,,,,,,,,,,,,,,,
2026-01-09,2026-01-09,"(H) Konverze",active,"7-day click, 1-day view, or 1-day engaged-view",,,,,,0,0,,,,,"Using ad set budget",0,0,Prebieha,0,0,,,,,0,0,0,,,,,,,,,,,,,,,,,,,,,,
2026-01-09,2026-01-09,"Filip | Sales | RMKT",inactive,"7-day click or 1-day engaged-view",,,,,,0,0,,,,,"Using ad set budget",0,0,Prebieha,0,0,,,,,0,0,0,,,,,,,,,,,,,,,,,,,,,,
2026-01-09,2026-01-09,"FilipZ | Sales | TOF",inactive,"Multiple attribution settings",1,1,1,1,actions:offsite_conversion.fb_pixel_purchase,1516,1.399736,9.85,,9.85,9.85,"Using ad set budget",0,9.85,Prebieha,2122,4.641847,61,,0.161475,2.874647,129,6.079171,0.076357,46,,,,0.21413,,,,49.89,126.63,49.89,49.89,1,1,1,1,49.89,126.63,49.89,49.89,,
2026-01-09,2026-01-09,"FilipZ | Traffic | LPV",inactive,"7-day click or 1-day view",153,,,,actions:omni_landing_page_view,3232,1.097463,0.01895425,,,,"Using ad set budget",0,2.9,Prebieha,3547,0.817592,187,,0.015508,5.272061,335,9.444601,0.008657,153,,,,0.018954,,,,,,,,,,,,,,,,,
2026-01-09,2026-01-09,"FilipZ | Traffic | Page likes",inactive,"1-day click",36,,,,total_profile_visits,1164,1.020619,0.08305556,,,,"Using ad set budget",0,2.99,Prebieha,1188,2.516835,23,,0.13,1.936027,60,5.050505,0.049833,1,,,,2.99,,,,,,,,,,,,,,,,,
2026-01-08,2026-01-08,"(H) Promo postu",inactive,"7-day click or 1-day view",,,,,,0,0,,,,,"Using ad set budget",0,0,2026-06-29,0,0,,,,,0,0,0,,,,,,,,,,,,,,,,,,,,,,
2026-01-08,2026-01-08,"(H) Konverze",active,"7-day click, 1-day view, or 1-day engaged-view",,,,,,0,0,,,,,"Using ad set budget",0,0,Prebieha,0,0,,,,,0,0,0,,,,,,,,,,,,,,,,,,,,,,
2026-01-08,2026-01-08,"Filip | Sales | RMKT",inactive,"7-day click or 1-day engaged-view",,,,,,0,0,,,,,"Using ad set budget",0,0,Prebieha,0,0,,,,,0,0,0,,,,,,,,,,,,,,,,,,,,,,
2026-01-08,2026-01-08,"FilipZ | Sales | TOF",inactive,"Multiple attribution settings",2,,1,2,actions:offsite_conversion.fb_pixel_purchase,1402,1.402996,4.625,,9.25,4.625,"Using ad set budget",0,9.25,Prebieha,1967,4.702593,46,,0.201087,2.338587,119,6.049822,0.077731,28,,,,0.330357,,,,99.78,,49.89,99.78,2,,1,2,99.78,,49.89,99.78,,
2026-01-08,2026-01-08,"FilipZ | Traffic | LPV",inactive,"7-day click or 1-day view",127,,,,actions:omni_landing_page_view,2758,1.064177,0.02251969,,,,"Using ad set budget",0,2.86,Prebieha,2935,0.974446,170,,0.016824,5.792164,252,8.586031,0.011349,127,,,,0.02252,,,,,,,,,,,,,,,,,
2026-01-08,2026-01-08,"FilipZ | Traffic | Page likes",inactive,"1-day click",29,,,,total_profile_visits,1464,1.048497,0.10172414,,,,"Using ad set budget",0,2.95,Prebieha,1535,1.921824,18,,0.163889,1.172638,122,7.947883,0.02418,7,,,,0.421429,,,,,,,,,,,,,,,,,
2026-01-07,2026-01-07,"(H) Promo postu",inactive,"7-day click or 1-day view",,,,,,0,0,,,,,"Using ad set budget",0,0,2026-06-29,0,0,,,,,0,0,0,,,,,,,,,,,,,,,,,,,,,,
2026-01-07,2026-01-07,"(H) Konverze",active,"7-day click, 1-day view, or 1-day engaged-view",,,,,,0,0,,,,,"Using ad set budget",0,0,Prebieha,0,0,,,,,0,0,0,,,,,,,,,,,,,,,,,,,,,,
2026-01-07,2026-01-07,"Filip | Sales | RMKT",inactive,"7-day click or 1-day engaged-view",,,,,,0,0,,,,,"Using ad set budget",0,0,Prebieha,0,0,,,,,0,0,0,,,,,,,,,,,,,,,,,,,,,,
2026-01-07,2026-01-07,"FilipZ | Sales | TOF",inactive,"Multiple attribution settings",7,,5,7,actions:offsite_conversion.fb_pixel_purchase,1358,1.476436,1.30285714,,1.824,1.30285714,"Using ad set budget",0,9.12,Prebieha,2005,4.548628,54,,0.168889,2.693267,141,7.032419,0.064681,46,,,,0.198261,,,,420.97,,249.45,420.97,7,,5,7,420.97,,249.45,420.97,,
2026-01-07,2026-01-07,"FilipZ | Traffic | LPV",inactive,"7-day click or 1-day view",148,,,,actions:omni_landing_page_view,3317,1.058487,0.02060811,,,,"Using ad set budget",0,3.05,Prebieha,3511,0.868698,186,,0.016398,5.297636,272,7.747081,0.011213,148,,,,0.020608,,,,,,,,,,,,,,,,,
2026-01-07,2026-01-07,"FilipZ | Traffic | Page likes",inactive,"1-day click",40,,,,total_profile_visits,1772,1.033296,0.07,,,,"Using ad set budget",0,2.8,Prebieha,1831,1.529219,30,,0.093333,1.638449,160,8.738394,0.0175,8,,,,0.35,,,,,,,,,,,,,,,,,
2026-01-06,2026-01-06,"(H) Promo postu",inactive,"7-day click or 1-day view",,,,,,0,0,,,,,"Using ad set budget",0,0,2026-06-29,0,0,,,,,0,0,0,,,,,,,,,,,,,,,,,,,,,,
2026-01-06,2026-01-06,"(H) Konverze",active,"7-day click, 1-day view, or 1-day engaged-view",,,,,,0,0,,,,,"Using ad set budget",0,0,Prebieha,0,0,,,,,0,0,0,,,,,,,,,,,,,,,,,,,,,,
2026-01-06,2026-01-06,"Filip | Sales | RMKT",inactive,"7-day click or 1-day engaged-view",,,,,,0,0,,,,,"Using ad set budget",0,0,Prebieha,0,0,,,,,0,0,0,,,,,,,,,,,,,,,,,,,,,,
2026-01-06,2026-01-06,"FilipZ | Sales | TOF",inactive,"Multiple attribution settings",3,,3,3,actions:offsite_conversion.fb_pixel_purchase,1322,1.586233,3.18,,3.18,3.18,"Using ad set budget",0,9.54,Prebieha,2097,4.549356,65,,0.146769,3.099666,140,6.676204,0.068143,46,,,,0.207391,,,,149.67,,149.67,149.67,3,,3,3,149.67,,149.67,149.67,,
2026-01-06,2026-01-06,"FilipZ | Traffic | LPV",inactive,"7-day click or 1-day view",147,,,,actions:omni_landing_page_view,3693,1.139453,0.01972789,,,,"Using ad set budget",0,2.9,Prebieha,4208,0.689164,181,,0.016022,4.301331,334,7.937262,0.008683,147,,,,0.019728,,,,,,,,,,,,,,,,,
2026-01-06,2026-01-06,"FilipZ | Traffic | Page likes",inactive,"1-day click",41,,,,total_profile_visits,1881,1.047847,0.07,,,,"Using ad set budget",0,2.87,Prebieha,1971,1.456114,20,,0.1435,1.014713,149,7.559614,0.019262,5,,,,0.574,,,,,,,,,,,,,,,,,
2026-01-05,2026-01-05,"(H) Promo postu",inactive,"7-day click or 1-day view",,,,,,0,0,,,,,"Using ad set budget",0,0,2026-06-29,0,0,,,,,0,0,0,,,,,,,,,,,,,,,,,,,,,,
2026-01-05,2026-01-05,"(H) Konverze",active,"7-day click, 1-day view, or 1-day engaged-view",,,,,,0,0,,,,,"Using ad set budget",0,0,Prebieha,0,0,,,,,0,0,0,,,,,,,,,,,,,,,,,,,,,,
2026-01-05,2026-01-05,"Filip | Sales | RMKT",inactive,"7-day click or 1-day engaged-view",,,,,,0,0,,,,,"Using ad set budget",0,0,Prebieha,0,0,,,,,0,0,0,,,,,,,,,,,,,,,,,,,,,,
2026-01-05,2026-01-05,"FilipZ | Sales | TOF",inactive,"Multiple attribution settings",4,,4,4,actions:offsite_conversion.fb_pixel_purchase,1378,1.697388,2.8025,,2.8025,2.8025,"Using ad set budget",0,11.21,Prebieha,2339,4.792646,56,,0.200179,2.394186,137,5.857204,0.081825,45,,,,0.249111,,,,276.3,,276.3,276.3,4,,4,4,276.3,,276.3,276.3,,
2026-01-05,2026-01-05,"FilipZ | Traffic | LPV",inactive,"7-day click or 1-day view",168,,,,actions:omni_landing_page_view,4226,1.083294,0.01839286,,,,"Using ad set budget",0,3.09,Prebieha,4578,0.674967,216,,0.014306,4.718218,414,9.04325,0.007464,168,,,,0.018393,,,,,,,,,,,,,,,,,
2026-01-05,2026-01-05,"FilipZ | Traffic | Page likes",inactive,"1-day click",41,,,,total_profile_visits,1835,1.06158,0.07414634,,,,"Using ad set budget",0,3.04,Prebieha,1948,1.560575,25,,0.1216,1.283368,154,7.905544,0.01974,12,,,,0.253333,,,,,,,,,,,,,,,,,
2026-01-04,2026-01-04,"(H) Promo postu",inactive,"7-day click or 1-day view",,,,,,0,0,,,,,"Using ad set budget",0,0,2026-06-29,0,0,,,,,0,0,0,,,,,,,,,,,,,,,,,,,,,,
2026-01-04,2026-01-04,"(H) Konverze",active,"7-day click, 1-day view, or 1-day engaged-view",,,,,,0,0,,,,,"Using ad set budget",0,0,Prebieha,0,0,,,,,0,0,0,,,,,,,,,,,,,,,,,,,,,,
2026-01-04,2026-01-04,"Filip | Sales | RMKT",inactive,"7-day click or 1-day engaged-view",,,,,,0,0,,,,,"Using ad set budget",0,0,Prebieha,0,0,,,,,0,0,0,,,,,,,,,,,,,,,,,,,,,,
2026-01-04,2026-01-04,"FilipZ | Sales | TOF",inactive,"Multiple attribution settings",2,,1,2,actions:offsite_conversion.fb_pixel_purchase,1426,1.702665,5.665,,11.33,5.665,"Using ad set budget",0,11.33,Prebieha,2428,4.666392,91,,0.124505,3.747941,178,7.331137,0.063652,73,,,,0.155205,,,,99.78,,49.89,99.78,2,,1,2,99.78,,49.89,99.78,,
2026-01-04,2026-01-04,"FilipZ | Traffic | LPV",inactive,"7-day click or 1-day view",210,,,,actions:omni_landing_page_view,4567,1.046201,0.01485714,,,,"Using ad set budget",0,3.12,Prebieha,4778,0.652993,254,,0.012283,5.316032,385,8.057765,0.008104,210,,,,0.014857,,,,,,,,,,,,,,,,,
2026-01-04,2026-01-04,"FilipZ | Traffic | Page likes",inactive,"1-day click",45,,,,total_profile_visits,2022,1.093966,0.06911111,,,,"Using ad set budget",0,3.11,Prebieha,2212,1.405967,24,,0.129583,1.084991,148,6.690778,0.021014,8,,,,0.38875,,,,,,,,,,,,,,,,,
2026-01-03,2026-01-03,"(H) Promo postu",inactive,"7-day click or 1-day view",,,,,,0,0,,,,,"Using ad set budget",0,0,2026-06-29,0,0,,,,,0,0,0,,,,,,,,,,,,,,,,,,,,,,
2026-01-03,2026-01-03,"(H) Konverze",active,"7-day click, 1-day view, or 1-day engaged-view",,,,,,0,0,,,,,"Using ad set budget",0,0,Prebieha,0,0,,,,,0,0,0,,,,,,,,,,,,,,,,,,,,,,
2026-01-03,2026-01-03,"Filip | Sales | RMKT",inactive,"7-day click or 1-day engaged-view",,,,,,0,0,,,,,"Using ad set budget",0,0,Prebieha,0,0,,,,,0,0,0,,,,,,,,,,,,,,,,,,,,,,
2026-01-03,2026-01-03,"FilipZ | Sales | TOF",inactive,"Multiple attribution settings",,,,,,1462,1.25171,,,,,"Using ad set budget",0,8.04,Prebieha,1830,4.393443,48,,0.1675,2.622951,105,5.737705,0.076571,34,,,,0.236471,,,,,,,,,,,,,,,,,
2026-01-03,2026-01-03,"FilipZ | Traffic | LPV",inactive,"7-day click or 1-day view",171,,,,actions:omni_landing_page_view,4460,1.081839,0.01783626,,,,"Using ad set budget",0,3.05,Prebieha,4825,0.632124,238,,0.012815,4.932642,331,6.860104,0.009215,171,,,,0.017836,,,,,,,,,,,,,,,,,
2026-01-03,2026-01-03,"FilipZ | Traffic | Page likes",inactive,"1-day click",53,,,,total_profile_visits,2295,1.045752,0.05735849,,,,"Using ad set budget",0,3.04,Prebieha,2400,1.266667,30,,0.101333,1.25,171,7.125,0.017778,7,,,,0.434286,,,,,,,,,,,,,,,,,
2026-01-02,2026-01-02,"(H) Promo postu",inactive,"7-day click or 1-day view",,,,,,0,0,,,,,"Using ad set budget",0,0,2026-06-29,0,0,,,,,0,0,0,,,,,,,,,,,,,,,,,,,,,,
2026-01-02,2026-01-02,"(H) Konverze",active,"7-day click, 1-day view, or 1-day engaged-view",,,,,,0,0,,,,,"Using ad set budget",0,0,Prebieha,0,0,,,,,0,0,0,,,,,,,,,,,,,,,,,,,,,,
2026-01-02,2026-01-02,"Filip | Sales | RMKT",inactive,"7-day click or 1-day engaged-view",,,,,,0,0,,,,,"Using ad set budget",0,0,Prebieha,0,0,,,,,0,0,0,,,,,,,,,,,,,,,,,,,,,,
2026-01-02,2026-01-02,"FilipZ | Sales | TOF",inactive,"Multiple attribution settings",5,,5,5,actions:offsite_conversion.fb_pixel_purchase,1794,1.360089,1.99,,1.99,1.99,"Using ad set budget",0,9.95,Prebieha,2440,4.077869,85,,0.117059,3.483607,156,6.393443,0.063782,64,,,,0.155469,,,,326.19,,326.19,326.19,5,,5,5,326.19,,326.19,326.19,,
2026-01-02,2026-01-02,"FilipZ | Traffic | LPV",inactive,"7-day click or 1-day view",193,,,,actions:omni_landing_page_view,4531,1.054955,0.01512953,,,,"Using ad set budget",0,2.92,Prebieha,4780,0.610879,254,,0.011496,5.313808,379,7.92887,0.007704,193,,,,0.01513,,,,,,,,,,,,,,,,,
2026-01-02,2026-01-02,"FilipZ | Traffic | Page likes",inactive,"1-day click",36,,,,total_profile_visits,2215,1.026185,0.08,,,,"Using ad set budget",0,2.88,Prebieha,2273,1.267048,23,,0.125217,1.011879,148,6.511219,0.019459,6,,,,0.48,,,,,,,,,,,,,,,,,
2026-01-01,2026-01-01,"(H) Promo postu",inactive,"7-day click or 1-day view",,,,,,0,0,,,,,"Using ad set budget",0,0,2026-06-29,0,0,,,,,0,0,0,,,,,,,,,,,,,,,,,,,,,,
2026-01-01,2026-01-01,"(H) Konverze",active,"7-day click, 1-day view, or 1-day engaged-view",,,,,,0,0,,,,,"Using ad set budget",0,0,Prebieha,0,0,,,,,0,0,0,,,,,,,,,,,,,,,,,,,,,,
2026-01-01,2026-01-01,"Filip | Sales | RMKT",inactive,"7-day click or 1-day engaged-view",,,,,,0,0,,,,,"Using ad set budget",0,0,Prebieha,0,0,,,,,0,0,0,,,,,,,,,,,,,,,,,,,,,,
2026-01-01,2026-01-01,"FilipZ | Sales | TOF",inactive,"Multiple attribution settings",2,,2,2,actions:offsite_conversion.fb_pixel_purchase,2495,1.383166,5.885,,5.885,5.885,"Using ad set budget",0,11.77,Prebieha,3451,3.410606,113,,0.104159,3.274413,304,8.809041,0.038717,77,,,,0.152857,,,,99.78,,99.78,99.78,2,,2,2,99.78,,99.78,99.78,,
2026-01-01,2026-01-01,"FilipZ | Traffic | LPV",inactive,"7-day click or 1-day view",194,,,,actions:omni_landing_page_view,5012,1.07502,0.01515464,,,,"Using ad set budget",0,2.94,Prebieha,5388,0.545657,247,,0.011903,4.584261,400,7.423905,0.00735,194,,,,0.015155,,,,,,,,,,,,,,,,,
2026-01-01,2026-01-01,"FilipZ | Traffic | Page likes",inactive,"1-day click",67,,,,total_profile_visits,2785,1.122083,0.04522388,,,,"Using ad set budget",0,3.03,Prebieha,3125,0.9696,38,,0.079737,1.216,199,6.368,0.015226,8,,,,0.37875,,,,,,,,,,,,,,,,,
